seed,epsilon,method,player,subject,exact_shapley,midpoint,radius,efficient_lower,efficient_upper,oracle_bernstein_radius,radius_to_oracle_ratio
8501,0.25,authorized_public_clip,0,25,7.397440182688347e-05,7.397423558774818e-05,6.602231847081897e-07,7.331401240303999e-05,7.463445877245638e-05,1.6637508117858857e-10,3968.281668331689
8501,0.25,authorized_public_clip,1,30,0.00017186660282017373,0.00017186663298535132,6.31126045825156e-07,0.00017123550693952616,0.00017249775903117648,3.0184910926240296e-11,20908.660203350362
8501,0.25,authorized_public_clip,2,22,0.00014134465566540056,0.00014134477645233456,5.557753758078643e-07,0.0001407890010765267,0.00014190055182814243,1.2110397949637548e-10,4589.241229884589
8501,0.25,authorized_public_clip,3,27,0.00023813628044272542,0.00023813627396174208,6.230475349507176e-07,0.00023751322642679137,0.0002387593214966928,6.584900091783335e-12,94617.6139753675
8501,0.25,authorized_public_clip,4,23,0.0002331587482847671,0.00023315886477376369,6.183836286884769e-07,0.00023254048114507522,0.00023377724840245215,1.1675747485868507e-10,5296.308689759901
8501,0.25,authorized_public_clip,5,5,0.0001627639837539446,0.00016276402663256695,5.308991170551774e-07,0.00016223312751551178,0.00016329492574962211,4.2929882670878474e-11,12366.656604335732
8501,0.25,authorized_public_clip,6,15,0.00018273058284123473,0.00018273065324553306,5.647230122764762e-07,0.00018216593023325658,0.00018329537625780954,7.05390383732764e-11,8005.822382892316
8501,0.25,authorized_public_clip,7,28,0.0002185288115087076,0.00021852894429486014,6.299784284343523e-07,0.0002178989658664258,0.00021915892272329448,1.3305155205729372e-10,4734.844642496733
8501,0.25,oracle_bernstein,0,25,7.397440182688347e-05,7.397423558774818e-05,1.6637508117858857e-10,7.3974069212667e-05,7.397440196282936e-05,1.6637508117858857e-10,1.0
8501,0.25,oracle_bernstein,1,30,0.00017186660282017373,0.00017186663298535132,3.0184910926240296e-11,0.0001718666028004404,0.00017186666317026223,3.0184910926240296e-11,1.0
8501,0.25,oracle_bernstein,2,22,0.00014134465566540056,0.00014134477645233456,1.2110397949637548e-10,0.00014134465534835507,0.00014134489755631406,1.2110397949637548e-10,1.0
8501,0.25,oracle_bernstein,3,27,0.00023813628044272542,0.00023813627396174208,6.584900091783335e-12,0.000238136267376842,0.00023813628054664216,6.584900091783335e-12,1.0
8501,0.25,oracle_bernstein,4,23,0.0002331587482847671,0.00023315886477376369,1.1675747485868507e-10,0.00023315874801628882,0.00023315898153123855,1.1675747485868507e-10,1.0
8501,0.25,oracle_bernstein,5,5,0.0001627639837539446,0.00016276402663256695,4.2929882670878474e-11,0.0001627639837026843,0.0001627640695624496,4.2929882670878474e-11,1.0
8501,0.25,oracle_bernstein,6,15,0.00018273058284123473,0.00018273065324553306,7.05390383732764e-11,0.0001827305827064947,0.00018273072378457143,7.05390383732764e-11,1.0
8501,0.25,oracle_bernstein,7,28,0.0002185288115087076,0.00021852894429486014,1.3305155205729372e-10,0.00021852881124330808,0.0002185290773464122,1.3305155205729372e-10,1.0
8501,0.5,authorized_public_clip,0,25,0.00014775763313386095,0.00014775630231700365,5.281785477665518e-06,0.00014247451683933814,0.00015303808779466917,1.3329874434474815e-09,3962.3670152550953
8501,0.5,authorized_public_clip,1,30,0.00034241235595213783,0.00034241259499601107,5.049008366601248e-06,0.0003373635866294098,0.00034746160336261234,2.393386422974806e-10,21095.667286044416
8501,0.5,authorized_public_clip,2,22,0.00028233615781315756,0.0002823371210124437,4.4462030064629145e-06,0.0002778909180059808,0.0002867833240189066,9.682629520982409e-10,4591.9375483983185
8501,0.5,authorized_public_clip,3,27,0.00047592196537537824,0.00047592191200507283,4.984380279605741e-06,0.0004709375317254671,0.0004809062922846786,5.502122911348567e-11,90590.12966295354
8501,0.5,authorized_public_clip,4,23,0.0004652639107332483,0.0004652648403118964,4.9470690295078155e-06,0.0004603177712823886,0.0004702119093414042,9.33862543650494e-10,5297.427403148207
8501,0.5,authorized_public_clip,5,5,0.0003255206745431363,0.00032552101604793604,4.247192936441419e-06,0.0003212738231114946,0.00032976820898437747,3.423150844856695e-10,12407.261990288427
8501,0.5,authorized_public_clip,6,15,0.0003643506324317819,0.00036435119361677426,4.51778409821181e-06,0.00035983340951856245,0.00036886897771498607,5.633178191169584e-10,8019.955955403229
8501,0.5,authorized_public_clip,7,28,0.000435020638723142,0.0004350216981212629,5.039827427474819e-06,0.0004299818706937881,0.0004400615255487377,1.0636317760473566e-09,4738.319727719782
8501,0.5,oracle_bernstein,0,25,0.00014775763313386095,0.00014775630231700365,1.3329874434474815e-09,0.00014775496932956022,0.00014775763530444709,1.3329874434474815e-09,1.0
8501,0.5,oracle_bernstein,1,30,0.00034241235595213783,0.00034241259499601107,2.393386422974806e-10,0.0003424123556573688,0.00034241283433465334,2.393386422974806e-10,1.0
8501,0.5,oracle_bernstein,2,22,0.00028233615781315756,0.0002823371210124437,9.682629520982409e-10,0.0002823361527494916,0.00028233808927539576,9.682629520982409e-10,1.0
8501,0.5,oracle_bernstein,3,27,0.00047592196537537824,0.00047592191200507283,5.502122911348567e-11,0.0004759218569838437,0.00047592196702630194,5.502122911348567e-11,1.0
8501,0.5,oracle_bernstein,4,23,0.0004652639107332483,0.0004652648403118964,9.33862543650494e-10,0.00046526390644935275,0.0004652657741744401,9.33862543650494e-10,1.0
8501,0.5,oracle_bernstein,5,5,0.0003255206745431363,0.00032552101604793604,3.423150844856695e-10,0.00032552067373285156,0.0003255213583630205,3.423150844856695e-10,1.0
8501,0.5,oracle_bernstein,6,15,0.0003643506324317819,0.00036435119361677426,5.633178191169584e-10,0.00036435063029895517,0.00036435175693459336,5.633178191169584e-10,1.0
8501,0.5,oracle_bernstein,7,28,0.000435020638723142,0.0004350216981212629,1.0636317760473566e-09,0.0004350206344894869,0.0004350227617530389,1.0636317760473566e-09,1.0
8501,1.0,authorized_public_clip,0,25,0.00029475092116411947,0.0002947402606130467,4.225428382132414e-05,0.0002524859767917226,0.0003369945444343708,1.0695692443629587e-08,3950.5888977287323
8501,1.0,authorized_public_clip,1,30,0.000679558984890889,0.0006795608606647852,4.0392066932809984e-05,0.0006391687937319752,0.0007199529275975951,1.8802744369494093e-09,21482.006104567794
8501,1.0,authorized_public_clip,2,22,0.0005632671255403152,0.0005632747814150463,3.5569624051703316e-05,0.000527705157363343,0.0005988444054667495,7.737061251737187e-09,4597.304182349201
8501,1.0,authorized_public_clip,3,27,0.0009504477563007426,0.000950447305011759,3.9875042236845925e-05,0.0009105722627749131,0.000990322347248605,4.777184951916171e-10,83469.74764050468
8501,1.0,authorized_public_clip,4,23,0.0009263228898304253,0.0009263302889479519,3.9576552236062524e-05,0.0008867537367118894,0.0009659068411840144,7.467791515599168e-09,5299.632716498936
8501,1.0,authorized_public_clip,5,5,0.0006510144465845178,0.000651017154109923,3.397754349153135e-05,0.0006170396106183917,0.0006849946976014543,2.720643211517799e-09,12488.790646156016
8501,1.0,authorized_public_clip,6,15,0.0007242789303499877,0.0007242833867853182,3.614227278569448e-05,0.0006881411139996237,0.0007604256595710127,4.490466499440434e-09,8048.667725323915
8501,1.0,authorized_public_clip,7,28,0.0008619174956515221,0.0008619259243020094,4.031861941979855e-05,0.0008216073048822109,0.000902244543721808,8.496378638482027e-09,4745.388727991284
8501,1.0,oracle_bernstein,0,25,0.00029475092116411947,0.0002947402606130467,1.0695692443629587e-08,0.00029472956492060306,0.00029475095630549034,1.0695692443629587e-08,1.0
8501,1.0,oracle_bernstein,1,30,0.000679558984890889,0.0006795608606647852,1.8802744369494093e-09,0.0006795589803903483,0.0006795627409392221,1.8802744369494093e-09,1.0
8501,1.0,oracle_bernstein,2,22,0.0005632671255403152,0.0005632747814150463,7.737061251737187e-09,0.0005632670443537945,0.000563282518476298,7.737061251737187e-09,1.0
8501,1.0,oracle_bernstein,3,27,0.0009504477563007426,0.000950447305011759,4.777184951916171e-10,0.0009504468272932638,0.0009504477827302542,4.777184951916171e-10,1.0
8501,1.0,oracle_bernstein,4,23,0.0009263228898304253,0.0009263302889479519,7.467791515599168e-09,0.0009263228211564363,0.0009263377567394675,7.467791515599168e-09,1.0
8501,1.0,oracle_bernstein,5,5,0.0006510144465845178,0.000651017154109923,2.720643211517799e-09,0.0006510144334667115,0.0006510198747531345,2.720643211517799e-09,1.0
8501,1.0,oracle_bernstein,6,15,0.0007242789303499877,0.0007242833867853182,4.490466499440434e-09,0.0007242788963188188,0.0007242878772518176,4.490466499440434e-09,1.0
8501,1.0,oracle_bernstein,7,28,0.0008619174956515221,0.0008619259243020094,8.496378638482027e-09,0.0008619174279233709,0.0008619344206806479,8.496378638482027e-09,1.0
8502,0.25,authorized_public_clip,0,3,0.0002454733315206244,0.0002454735075431702,6.023749844494141e-07,0.0002448711325587208,0.0002460758825276196,1.7614965122084215e-10,3419.677417891706
8502,0.25,authorized_public_clip,1,19,0.00014635114973881726,0.00014635127883894095,6.259325670552693e-07,0.00014572534627188568,0.0001469772114059962,1.2973292890323543e-10,4824.777890601213
8502,0.25,authorized_public_clip,2,1,0.0001736470013029884,0.00017364692606547383,6.099088760759567e-07,0.00017303701718939787,0.00017425683494154978,7.534678516654734e-11,8094.6901016122665
8502,0.25,authorized_public_clip,3,11,0.00017323276083218398,0.00017323254362683338,5.700187863937262e-07,0.00017266252484043966,0.0001738025624132271,2.1773736597425636e-10,2617.918995406241
8502,0.25,authorized_public_clip,4,30,0.00019217045811486012,0.0001921701004327092,6.533023609216148e-07,0.00019151679807178758,0.00019282340279363084,3.5775205100555044e-10,1826.1316995537754
8502,0.25,authorized_public_clip,5,22,0.0001640240988179474,0.0001640242719230245,5.76616408001433e-07,0.00016344765551502306,0.00016460088833102592,1.7348585611042486e-10,3323.708462057062
8502,0.25,authorized_public_clip,6,29,0.00020519058362523373,0.00020519061492652035,6.061529554573265e-07,0.00020458446197106303,0.00020579676788197768,3.1306273188545856e-11,19362.028555960533
8502,0.25,authorized_public_clip,7,6,0.00018375764812761036,0.0001837578583694932,5.818485939198852e-07,0.00018317600977557332,0.0001843397069634131,2.1084889469938418e-10,2759.552497296466
8502,0.25,oracle_bernstein,0,3,0.0002454733315206244,0.0002454735075431702,1.7614965122084215e-10,0.000245473331393519,0.00024547368369282145,1.7614965122084215e-10,1.0
8502,0.25,oracle_bernstein,1,19,0.00014635114973881726,0.00014635127883894095,1.2973292890323543e-10,0.00014635114910601204,0.00014635140857186985,1.2973292890323543e-10,1.0
8502,0.25,oracle_bernstein,2,1,0.0001736470013029884,0.00017364692606547383,7.534678516654734e-11,0.00017364685071868867,0.00017364700141225898,7.534678516654734e-11,1.0
8502,0.25,oracle_bernstein,3,11,0.00017323276083218398,0.00017323254362683338,2.1773736597425636e-10,0.0001732323258894674,0.00017323276136419936,2.1773736597425636e-10,1.0
8502,0.25,oracle_bernstein,4,30,0.00019217045811486012,0.0001921701004327092,3.5775205100555044e-10,0.00019216974268065822,0.0001921704581847602,3.5775205100555044e-10,1.0
8502,0.25,oracle_bernstein,5,22,0.0001640240988179474,0.0001640242719230245,1.7348585611042486e-10,0.00016402409843716838,0.0001640244454088806,1.7348585611042486e-10,1.0
8502,0.25,oracle_bernstein,6,29,0.00020519058362523373,0.00020519061492652035,3.1306273188545856e-11,0.00020519058362024716,0.00020519064623279355,3.1306273188545856e-11,1.0
8502,0.25,oracle_bernstein,7,6,0.00018375764812761036,0.0001837578583694932,2.1084889469938418e-10,0.00018375764752059852,0.0001837580692183879,2.1084889469938418e-10,1.0
8502,0.5,authorized_public_clip,0,3,0.0004904280011816944,0.0004904294069038584,4.818999875595313e-06,0.00048561040702826307,0.0004952484067794537,1.4077634436540742e-09,3423.160259856465
8502,0.5,authorized_public_clip,1,19,0.0002904345972449813,0.0002904356301503541,5.0074605364421545e-06,0.00028542816961391195,0.0002954430906867963,1.042996097696083e-09,4801.034776163919
8502,0.5,authorized_public_clip,2,1,0.00034485664208523073,0.00034485604664791225,4.879271008607654e-06,0.0003399767756393046,0.0003497353176565199,5.971469438036676e-10,8170.9720852425235
8502,0.5,authorized_public_clip,3,11,0.0003461391284252932,0.00034613739316241565,4.56015029114981e-06,0.0003415772428712658,0.0003506975434535655,1.74378065770726e-09,2615.093974689191
8502,0.5,authorized_public_clip,4,30,0.00038458014987353056,0.00038457728611357433,5.226418887372918e-06,0.0003793508672262014,0.00038980370500094725,2.864908477917456e-09,1824.288254810876
8502,0.5,authorized_public_clip,5,22,0.00032577142065181143,0.0003257728084913869,4.612931264011464e-06,0.00032115987722737544,0.00033038573975539837,1.3939109874349382e-09,3309.3442160895343
8502,0.5,authorized_public_clip,6,29,0.00040830168786375236,0.00040830194475988124,4.849223643658612e-06,0.0004034527211162226,0.00041315116840353987,2.569532557690126e-10,18872.007008223347
8502,0.5,authorized_public_clip,7,6,0.00036584324104235505,0.0003658449221835003,4.654788751359081e-06,0.0003611901334321412,0.00037049971093485937,1.6908400983635023e-09,2752.9443830107107
8502,0.5,oracle_bernstein,0,3,0.0004904280011816944,0.0004904294069038584,1.4077634436540742e-09,0.0004904279991404147,0.0004904308146673021,1.4077634436540742e-09,1.0
8502,0.5,oracle_bernstein,1,19,0.0002904345972449813,0.0002904356301503541,1.042996097696083e-09,0.0002904345871542564,0.0002904366731464518,1.042996097696083e-09,1.0
8502,0.5,oracle_bernstein,2,1,0.00034485664208523073,0.00034485604664791225,5.971469438036676e-10,0.00034485544950096843,0.00034485664379485607,5.971469438036676e-10,1.0
8502,0.5,oracle_bernstein,3,11,0.0003461391284252932,0.00034613739316241565,1.74378065770726e-09,0.00034613564938175797,0.00034613913694307334,1.74378065770726e-09,1.0
8502,0.5,oracle_bernstein,4,30,0.00038458014987353056,0.00038457728611357433,2.864908477917456e-09,0.0003845744212050964,0.00038458015102205227,2.864908477917456e-09,1.0
8502,0.5,oracle_bernstein,5,22,0.00032577142065181143,0.0003257728084913869,1.3939109874349382e-09,0.00032577141458039945,0.00032577420240237435,1.3939109874349382e-09,1.0
8502,0.5,oracle_bernstein,6,29,0.00040830168786375236,0.00040830194475988124,2.569532557690126e-10,0.0004083016878066255,0.000408302201713137,2.569532557690126e-10,1.0
8502,0.5,oracle_bernstein,7,6,0.00036584324104235505,0.0003658449221835003,1.6908400983635023e-09,0.00036584323134340193,0.00036584661302359865,1.6908400983635023e-09,1.0
8502,1.0,authorized_public_clip,0,3,0.0009787917890319033,0.000978802994849537,3.8551999004762504e-05,0.0009402509958447744,0.0010173549938542995,1.1239243721690822e-08,3430.1239442259175
8502,1.0,authorized_public_clip,1,19,0.0005718145746510714,0.0005718228392809221,4.0059684291537236e-05,0.0005317631549893849,0.0006118825235724594,8.42565917116281e-09,4754.486679053345
8502,1.0,authorized_public_clip,2,1,0.0006799790492999023,0.0006799743888102339,3.903416806886123e-05,0.0006409402207413727,0.0007190085568790951,4.687128149368328e-09,8327.949828749992
8502,1.0,authorized_public_clip,3,11,0.0006909750363560788,0.0006909611927150561,3.648120232919848e-05,0.0006544799903858575,0.0007274423950442546,1.3980448059284513e-08,2609.4444308579264
8502,1.0,authorized_public_clip,4,30,0.0007701132834546851,0.0007700903379097568,4.1811351098983345e-05,0.0007282789868107735,0.0008119016890087401,2.2965487142408533e-08,1820.6167733221587
8502,1.0,authorized_public_clip,5,22,0.0006424537479209415,0.0006424648979723169,3.690345011209171e-05,0.0006055614478602252,0.0006793683480844086,1.1247198044076769e-08,3281.123882363445
8502,1.0,authorized_public_clip,6,29,0.0008083000458020896,0.0008083022041519561,3.8793789149268894e-05,0.0007695084150026872,0.000847095993301225,2.1592324047858e-09,17966.47228120741
8502,1.0,authorized_public_clip,7,6,0.0007250172685981335,0.0007250307042195314,3.723831001087265e-05,0.0006877923942086588,0.0007622690142304041,1.3590803631450556e-08,2739.963803516318
8502,1.0,oracle_bernstein,0,3,0.0009787917890319033,0.000978802994849537,1.1239243721690822e-08,0.0009787917556058152,0.0009788142340932586,1.1239243721690822e-08,1.0
8502,1.0,oracle_bernstein,1,19,0.0005718145746510714,0.0005718228392809221,8.42565917116281e-09,0.000571814413621751,0.0005718312649400933,8.42565917116281e-09,1.0
8502,1.0,oracle_bernstein,2,1,0.0006799790492999023,0.0006799743888102339,4.687128149368328e-09,0.0006799697016820845,0.0006799790759383832,4.687128149368328e-09,1.0
8502,1.0,oracle_bernstein,3,11,0.0006909750363560788,0.0006909611927150561,1.3980448059284513e-08,0.0006909472122669968,0.0006909751731631154,1.3980448059284513e-08,1.0
8502,1.0,oracle_bernstein,4,30,0.0007701132834546851,0.0007700903379097568,2.2965487142408533e-08,0.0007700673724226144,0.0007701133033968992,2.2965487142408533e-08,1.0
8502,1.0,oracle_bernstein,5,22,0.0006424537479209415,0.0006424648979723169,1.1247198044076769e-08,0.0006424536507742728,0.000642476145170361,1.1247198044076769e-08,1.0
8502,1.0,oracle_bernstein,6,29,0.0008083000458020896,0.0008083022041519561,2.1592324047858e-09,0.0008083000449195513,0.0008083043633843608,2.1592324047858e-09,1.0
8502,1.0,oracle_bernstein,7,6,0.0007250172685981335,0.0007250307042195314,1.3590803631450556e-08,0.0007250171134158999,0.0007250442950231629,1.3590803631450556e-08,1.0
8503,0.25,authorized_public_clip,0,16,0.000194163610927231,0.00019416365457103346,6.252796858988146e-07,0.00019353837488513464,0.00019478893425693228,4.364509574482883e-11,14326.459255686228
8503,0.25,authorized_public_clip,1,21,0.0002589021373824424,0.0002589021841272743,6.734362327276407e-07,0.00025822874789454664,0.00025957562036000193,4.6897505197698475e-11,14359.745361480125
8503,0.25,authorized_public_clip,2,25,9.00287642508888e-05,9.002874427938012e-05,6.7453568948263e-07,8.93542085898975e-05,9.070327996886275e-05,2.0185243165743967e-11,33417.26844427483
8503,0.25,authorized_public_clip,3,8,0.00013159329407537204,0.0001315933259936064,5.150392982612879e-07,0.0001310782866953451,0.0001321083652918677,3.206300120213036e-11,16063.352741510273
8503,0.25,authorized_public_clip,4,7,0.00016630719423075743,0.00016630724667521246,5.520185009741545e-07,0.0001657552281742383,0.00016685926517618661,5.247422946525895e-11,10519.80194086744
8503,0.25,authorized_public_clip,5,29,0.00018629172019796514,0.00018629174997331077,5.984487827633176e-07,0.00018569330119054745,0.0001868901987560741,2.984138941870419e-11,20054.320338992584
8503,0.25,authorized_public_clip,6,3,0.0002339336220632897,0.00023393368462581998,5.947010210654029e-07,0.0002333389836047546,0.00023452838564688537,6.265293919219315e-11,9491.989182520354
8503,0.25,authorized_public_clip,7,22,0.00014023549573824812,0.00014023549244529532,5.691558391881373e-07,0.00013966633660610718,0.00014080464828448346,3.3293746129579117e-12,170949.77446304337
8503,0.25,oracle_bernstein,0,16,0.000194163610927231,0.00019416365457103346,4.364509574482883e-11,0.0001941636109259377,0.00019416365818997758,4.364509574482883e-11,1.0
8503,0.25,oracle_bernstein,1,21,0.0002589021373824424,0.0002589021841272743,4.6897505197698475e-11,0.0002589021372297691,0.000258902184493809,4.6897505197698475e-11,1.0
8503,0.25,oracle_bernstein,2,25,9.00287642508888e-05,9.002874427938012e-05,2.0185243165743967e-11,9.002872409413696e-05,9.002876446462329e-05,2.0185243165743967e-11,1.0
8503,0.25,oracle_bernstein,3,8,0.00013159329407537204,0.0001315933259936064,3.206300120213036e-11,0.0001315932939306052,0.00013159334119464518,3.206300120213036e-11,1.0
8503,0.25,oracle_bernstein,4,7,0.00016630719423075743,0.00016630724667521246,5.247422946525895e-11,0.000166307194200983,0.00016630724146502298,5.247422946525895e-11,1.0
8503,0.25,oracle_bernstein,5,29,0.00018629172019796514,0.00018629174997331077,2.984138941870419e-11,0.00018629172013192135,0.00018629176739596133,2.984138941870419e-11,1.0
8503,0.25,oracle_bernstein,6,3,0.0002339336220632897,0.00023393368462581998,6.265293919219315e-11,0.0002339336219728808,0.00023393366923692063,6.265293919219315e-11,1.0
8503,0.25,oracle_bernstein,7,22,0.00014023549573824812,0.00014023549244529532,3.3293746129579117e-12,0.0001402354891159207,0.00014023549577466994,3.3293746129579117e-12,1.0
8503,0.5,authorized_public_clip,0,16,0.00038724513681763305,0.0003872454864981556,5.002237487190517e-06,0.0003822432490109651,0.0003922477239853461,3.4969234995085e-10,14304.680922798545
8503,0.5,authorized_public_clip,1,21,0.0005173899502460368,0.0005173903229117593,5.387489861821126e-06,0.0005120028330499382,0.0005227778127735805,3.75096029111113e-10,14362.96159836236
8503,0.5,authorized_public_clip,2,25,0.0001795897371026982,0.00017958957545421983,5.39628551586104e-06,0.00017419328993835878,0.00018498586097008088,1.6504777254521505e-10,32695.294414729047
8503,0.5,authorized_public_clip,3,8,0.00026255106428109496,0.00026255131929769915,4.1203143860903035e-06,0.0002584310049116088,0.0002666716336837895,2.573210726570709e-10,16012.347312034577
8503,0.5,authorized_public_clip,4,7,0.00033185906329507247,0.00033185948316466485,4.416148007793236e-06,0.0003274433351568716,0.0003362756311724581,4.203324363238065e-10,10506.322201580515
8503,0.5,authorized_public_clip,5,29,0.0003715251875346035,0.00037152542612461925,4.787590262106541e-06,0.00036673783586251273,0.00037631301638672577,2.3963825448439283e-10,19978.405669860807
8503,0.5,authorized_public_clip,6,3,0.0004670923688050495,0.0004670928691670184,4.757608168523223e-06,0.0004623352609984952,0.00047185047733554165,5.01797104668273e-10,9481.139138234712
8503,0.5,authorized_public_clip,7,22,0.00028002333966905743,0.0002800233133468111,4.553246713505099e-06,0.00027547006663330596,0.0002845765600603162,2.6898909825388906e-11,169272.5371794605
8503,0.5,oracle_bernstein,0,16,0.00038724513681763305,0.0003872454864981556,3.4969234995085e-10,0.00038724513680580565,0.00038724552441603364,3.4969234995085e-10,1.0
8503,0.5,oracle_bernstein,1,21,0.0005173899502460368,0.0005173903229117593,3.75096029111113e-10,0.0005173899478157302,0.0005173903354259582,3.75096029111113e-10,1.0
8503,0.5,oracle_bernstein,2,25,0.0001795897371026982,0.00017958957545421983,1.6504777254521505e-10,0.0001795894104064473,0.00017958974050199237,1.6504777254521505e-10,1.0
8503,0.5,oracle_bernstein,3,8,0.00026255106428109496,0.00026255131929769915,2.573210726570709e-10,0.0002625510619766265,0.0002625514495868545,2.573210726570709e-10,1.0
8503,0.5,oracle_bernstein,4,7,0.00033185906329507247,0.00033185948316466485,4.203324363238065e-10,0.0003318590628322285,0.00033185945044245666,4.203324363238065e-10,1.0
8503,0.5,oracle_bernstein,5,29,0.0003715251875346035,0.00037152542612461925,2.3963825448439283e-10,0.00037152518648636475,0.0003715255740965929,2.3963825448439283e-10,1.0
8503,0.5,oracle_bernstein,6,3,0.0004670923688050495,0.0004670928691670184,5.01797104668273e-10,0.00046709236736991374,0.0004670927549801419,5.01797104668273e-10,1.0
8503,0.5,oracle_bernstein,7,22,0.00028002333966905743,0.0002800233133468111,2.6898909825388906e-11,0.00028002328644790127,0.0002800233402457209,2.6898909825388906e-11,1.0
8503,1.0,authorized_public_clip,0,16,0.000770172106157299,0.0007701749118570467,4.001789989752413e-05,0.0007301570119595225,0.0008101928117545708,2.80604249175782e-09,14261.330687282387
8503,1.0,authorized_public_clip,1,21,0.0010331316806254695,0.0010331346410946685,4.3099918894569005e-05,0.0009900347222000995,0.0010762345599892374,2.999463215639663e-09,14369.210687378792
8503,1.0,authorized_public_clip,2,25,0.00035731248897209034,0.00035731116590198564,4.317028412688832e-05,0.0003141408817750973,0.000400481450028874,1.3771550204506515e-09,31347.439820363543
8503,1.0,authorized_public_clip,3,8,0.0005225639226075759,0.0005225659573810382,3.296251508872243e-05,0.0004896034422923157,0.0005555284724697606,2.071704234888626e-09,15910.820923959967
8503,1.0,authorized_public_clip,4,7,0.0006607055946246875,0.0006607089584303449,3.532918406234589e-05,0.0006253797743679991,0.0006960381424926908,3.3713084924316787e-09,10479.368512747236
8503,1.0,authorized_public_clip,5,29,0.0007388264593153841,0.0007388283740501489,3.8300722096852326e-05,0.0007005276519532965,0.0007771290961470013,1.9315979564578003e-09,19828.516575513928
8503,1.0,authorized_public_clip,6,3,0.0009310933324486988,0.0009310973329582639,3.8060865348185786e-05,0.0008930364676100781,0.0009691581983064497,4.023578341675615e-09,9459.456761151414
8503,1.0,authorized_public_clip,7,22,0.0005582596417843218,0.000558259431461372,3.642597370804079e-05,0.0005218334577533312,0.0005946854051694128,2.1959623088810332e-10,165877.0442494611
8503,1.0,oracle_bernstein,0,16,0.000770172106157299,0.0007701749118570467,2.80604249175782e-09,0.0007701721058145549,0.0007701753596611981,2.80604249175782e-09,1.0
8503,1.0,oracle_bernstein,1,21,0.0010331316806254695,0.0010331346410946685,2.999463215639663e-09,0.001033131641631453,0.001033134895478096,2.999463215639663e-09,1.0
8503,1.0,oracle_bernstein,2,25,0.00035731248897209034,0.00035731116590198564,1.3771550204506515e-09,0.0003573097887469652,0.0003573125430570061,1.3771550204506515e-09,1.0
8503,1.0,oracle_bernstein,3,8,0.0005225639226075759,0.0005225659573810382,2.071704234888626e-09,0.0005225638856768033,0.0005225671395234464,2.071704234888626e-09,1.0
8503,1.0,oracle_bernstein,4,7,0.0006607055946246875,0.0006607089584303449,3.3713084924316787e-09,0.0006607055871218525,0.0006607088409684957,3.3713084924316787e-09,1.0
8503,1.0,oracle_bernstein,5,29,0.0007388264593153841,0.0007388283740501489,1.9315979564578003e-09,0.0007388264424521924,0.0007388296962988362,1.9315979564578003e-09,1.0
8503,1.0,oracle_bernstein,6,3,0.0009310933324486988,0.0009310973329582639,4.023578341675615e-09,0.0009310933093799222,0.0009310965632265654,4.023578341675615e-09,1.0
8503,1.0,oracle_bernstein,7,22,0.0005582596417843218,0.000558259431461372,2.1959623088810332e-10,0.0005582592118651412,0.0005582596510576029,2.1959623088810332e-10,1.0
8504,0.25,authorized_public_clip,0,23,0.0002234165251301613,0.0002234169203021441,6.15614997985254e-07,0.00022280130530415886,0.00022403253530012935,3.9565852526134673e-10,1555.9250178638715
8504,0.25,authorized_public_clip,1,30,0.00013924907808465163,0.00013924928016118,6.283290815096697e-07,0.0001386209510796703,0.00013987760924268967,2.0231705279974477e-10,3105.6654533792334
8504,0.25,authorized_public_clip,2,26,0.00021200850748077026,0.00021200899125550787,6.385400349347763e-07,0.0002113704512205731,0.00021264753129044266,4.843312795857578e-10,1318.3952014846352
8504,0.25,authorized_public_clip,3,25,5.8757882286844515e-05,5.8758052739971145e-05,6.57367186192643e-07,5.81006855537785e-05,5.941541992616379e-05,1.7048779135101e-10,3855.802113356128
8504,0.25,authorized_public_clip,4,17,0.00018605307609686082,0.00018605316253983428,6.109269898564328e-07,0.00018544223554997784,0.00018666408952969072,8.660017227760162e-11,7054.57014448046
8504,0.25,authorized_public_clip,5,19,0.00013267204628969023,0.00013267259486648975,6.014460979886306e-07,0.00013207114876850112,0.00013327404096447838,5.490544508526916e-10,1095.4215871569272
8504,0.25,authorized_public_clip,6,6,0.00016313662292624534,0.00016313691948710574,5.582798821338353e-07,0.0001625786396049719,0.00016369519936923957,2.968190886261015e-10,1880.8759393405862
8504,0.25,authorized_public_clip,7,8,0.00013247026452578177,0.00013247061333337973,4.999321386811373e-07,0.0001319706811946986,0.00013297054547206085,3.492298680462253e-10,1431.5274391563912
8504,0.25,oracle_bernstein,0,23,0.0002234165251301613,0.0002234169203021441,3.9565852526134673e-10,0.00022341652464361885,0.00022341652727724069,3.9565852526134673e-10,1.0
8504,0.25,oracle_bernstein,1,30,0.00013924907808465163,0.00013924928016118,2.0231705279974477e-10,0.0001392490778441272,0.00013924908047774896,2.0231705279974477e-10,1.0
8504,0.25,oracle_bernstein,2,26,0.00021200850748077026,0.00021200899125550787,4.843312795857578e-10,0.00021200850692422828,0.0002120085095578502,4.843312795857578e-10,1.0
8504,0.25,oracle_bernstein,3,25,5.8757882286844515e-05,5.8758052739971145e-05,1.7048779135101e-10,5.8757882252179794e-05,5.875788488580156e-05,1.7048779135101e-10,1.0
8504,0.25,oracle_bernstein,4,17,0.00018605307609686082,0.00018605316253983428,8.660017227760162e-11,0.00018605307593966202,0.00018605307857328377,8.660017227760162e-11,1.0
8504,0.25,oracle_bernstein,5,19,0.00013267204628969023,0.00013267259486648975,5.490544508526916e-10,0.0001326720458120389,0.0001326720484456608,5.490544508526916e-10,1.0
8504,0.25,oracle_bernstein,6,6,0.00016313662292624534,0.00016313691948710574,2.968190886261015e-10,0.00016313662266801711,0.00016313662530163895,2.968190886261015e-10,1.0
8504,0.25,oracle_bernstein,7,8,0.00013247026452578177,0.00013247061333337973,3.492298680462253e-10,0.0001324702641035117,0.00013247026673713345,3.492298680462253e-10,1.0
8504,0.5,authorized_public_clip,0,23,0.0004455293353732009,0.0004455324921077142,4.924919983882032e-06,0.0004406075721238321,0.0004504574120915962,3.1645509739182038e-09,1556.2776597604363
8504,0.5,authorized_public_clip,1,30,0.0002788528421618356,0.00027885445168235323,5.0266326520773576e-06,0.00027382781903027587,0.0002838810843344306,1.6133612046923084e-09,3115.6275714687276
8504,0.5,authorized_public_clip,2,26,0.00042173721889997924,0.0004217410847331404,5.1083202794782105e-06,0.0004166327644536622,0.00042684940501261864,3.8747764079378665e-09,1318.3522716338693
8504,0.5,authorized_public_clip,3,25,0.00011687249997016565,0.00011687385957198648,5.258937489541144e-06,0.00011161492208244534,0.00012213279706152762,1.3601676459805984e-09,3866.3891948038276
8504,0.5,authorized_public_clip,4,17,0.00037147682285751805,0.00037147751320348865,4.8874159188514624e-06,0.0003665900972846372,0.0003763649291223401,6.928611581357442e-10,7053.961477652826
8504,0.5,authorized_public_clip,5,19,0.000263316561679939,0.0002633209459114716,4.811568783909045e-06,0.00025850937712756255,0.00026813251469538064,4.3919181447785275e-09,1095.5506512864845
8504,0.5,authorized_public_clip,6,6,0.0003253407027540339,0.00032534307283854647,4.466239057070683e-06,0.00032087683378147577,0.00032980931189561716,2.3742307017292916e-09,1881.131034914871
8504,0.5,authorized_public_clip,7,8,0.000263508798153844,0.00026351158659287943,3.999457109449098e-06,0.0002595121294834303,0.00026751104370232855,2.7952292710685953e-09,1430.8154078252535
8504,0.5,oracle_bernstein,0,23,0.0004455293353732009,0.0004455324921077142,3.1645509739182038e-09,0.00044552932755674026,0.0004455293698611843,3.1645509739182038e-09,1.0
8504,0.5,oracle_bernstein,1,30,0.0002788528421618356,0.00027885445168235323,1.6133612046923084e-09,0.00027885283832114856,0.00027885288062559285,1.6133612046923084e-09,1.0
8504,0.5,oracle_bernstein,2,26,0.00042173721889997924,0.0004217410847331404,3.8747764079378665e-09,0.0004217372099567325,0.0004217372522611765,3.8747764079378665e-09,1.0
8504,0.5,oracle_bernstein,3,25,0.00011687249997016565,0.00011687385957198648,1.3601676459805984e-09,0.0001168724994043405,0.00011687254170878467,1.3601676459805984e-09,1.0
8504,0.5,oracle_bernstein,4,17,0.00037147682285751805,0.00037147751320348865,6.928611581357442e-10,0.0003714768203423305,0.0003714768626467747,6.928611581357442e-10,1.0
8504,0.5,oracle_bernstein,5,19,0.000263316561679939,0.0002633209459114716,4.3919181447785275e-09,0.00026331655399332684,0.00026331659629777113,4.3919181447785275e-09,1.0
8504,0.5,oracle_bernstein,6,6,0.0003253407027540339,0.00032534307283854647,2.3742307017292916e-09,0.0003253406986078447,0.0003253407409122889,2.3742307017292916e-09,1.0
8504,0.5,oracle_bernstein,7,8,0.000263508798153844,0.00026351158659287943,2.7952292710685953e-09,0.00026350879136360835,0.00026350883366805253,2.7952292710685953e-09,1.0
8504,1.0,authorized_public_clip,0,23,0.0008858598886240483,0.0008858850671943364,3.9399359871056254e-05,0.0008464857073232801,0.0009252844270653926,2.5305206542114354e-08,1556.9665398891573
8504,1.0,authorized_public_clip,1,30,0.000559146303354501,0.0005591590657342826,4.021306121661886e-05,0.0005189460045176638,0.0005993721269509015,1.2824207881608312e-08,3135.7150155285576
8504,1.0,authorized_public_clip,2,26,0.000834389747119864,0.0008344206022562473,4.0866562235825684e-05,0.0007935540400204216,0.0008752871644920729,3.1000162752429517e-08,1318.2692801386318
8504,1.0,authorized_public_clip,3,25,0.00023119854152936218,0.00023120935298054368,4.207149991632915e-05,0.00018913785306421454,0.00027328085289687285,1.0821496477486567e-08,3887.7709754705575
8504,1.0,authorized_public_clip,4,17,0.000740453288588522,0.0007404587914443539,3.90993273508117e-05,0.0007013594640935422,0.0007795581187951656,5.543680404418357e-09,7052.954805917244
8504,1.0,authorized_public_clip,5,19,0.0005185534617410819,0.0005185884637246563,3.849255027127236e-05,0.00048009591345338394,0.0005570810139959286,3.512711590201899e-08,1095.807306772371
8504,1.0,authorized_public_clip,6,6,0.0006469555841292321,0.0006469745056438825,3.572991245656546e-05,0.000611244593187317,0.0006827044181004479,1.8989086433703444e-08,1881.6024973770711
8504,1.0,authorized_public_clip,7,8,0.0005213064287467734,0.0005213287026249458,3.1995656875592786e-05,0.000489333045749353,0.0005533243595005386,2.2384234984891946e-08,1429.383532525815
8504,1.0,oracle_bernstein,0,23,0.0008858598886240483,0.0008858850671943364,2.5305206542114354e-08,0.0008858597619877943,0.0008858604494093088,2.5305206542114354e-08,1.0
8504,1.0,oracle_bernstein,1,30,0.000559146303354501,0.0005591590657342826,1.2824207881608312e-08,0.000559146241526401,0.0005591469289479159,1.2824207881608312e-08,1.0
8504,1.0,oracle_bernstein,2,26,0.000834389747119864,0.0008344206022562473,3.1000162752429517e-08,0.0008343896020934948,0.0008343902895150091,3.1000162752429517e-08,1.0
8504,1.0,oracle_bernstein,3,25,0.00023119854152936218,0.00023120935298054368,1.0821496477486567e-08,0.0002311985314840662,0.0002311992189055808,1.0821496477486567e-08,1.0
8504,1.0,oracle_bernstein,4,17,0.000740453288588522,0.0007404587914443539,5.543680404418357e-09,0.0007404532477639495,0.0007404539351854641,5.543680404418357e-09,1.0
8504,1.0,oracle_bernstein,5,19,0.0005185534617410819,0.0005185884637246563,3.512711590201899e-08,0.0005185533366087543,0.0005185540240302692,3.512711590201899e-08,1.0
8504,1.0,oracle_bernstein,6,6,0.0006469555841292321,0.0006469745056438825,1.8989086433703444e-08,0.0006469555165574488,0.0006469562039789637,1.8989086433703444e-08,1.0
8504,1.0,oracle_bernstein,7,8,0.0005213064287467734,0.0005213287026249458,2.2384234984891946e-08,0.0005213063183899609,0.0005213070058114758,2.2384234984891946e-08,1.0
8505,0.25,authorized_public_clip,0,27,0.0002737931174804306,0.0002737933442861218,6.393597392399123e-07,0.0002731539845468819,0.0002744327040253617,2.2707528530092486e-10,2815.628915285164
8505,0.25,authorized_public_clip,1,17,0.00022720235210540288,0.00022720262766801058,6.298855778475932e-07,0.000226572742090163,0.00022783251324585816,2.7579192713262793e-10,2283.915937628886
8505,0.25,authorized_public_clip,2,3,0.0002539438007142501,0.0002539440017536032,5.968077009457555e-07,0.0002533471940526575,0.00025454080945454895,2.0115061548263944e-10,2966.969300659504
8505,0.25,authorized_public_clip,3,7,0.00017554152657063912,0.0001755416992190728,5.539758935223833e-07,0.00017498772332555043,0.0001760956751125952,1.72795778485752e-10,3205.9573351675476
8505,0.25,authorized_public_clip,4,23,0.00024140199191264995,0.00024140196040628448,6.346409835614226e-07,0.00024076731942272305,0.0002420366013898459,3.152054623229851e-11,20134.20005111199
8505,0.25,authorized_public_clip,5,1,0.0001718134381092547,0.00017181368980961897,6.043078783770093e-07,0.00017120938193124197,0.00017241799768799598,2.519088834417599e-10,2398.9145206811345
8505,0.25,authorized_public_clip,6,29,0.00020461499209512902,0.00020461526239073935,6.005686203443801e-07,0.00020401469377039498,0.00020521583101108372,2.705626841680581e-10,2219.7023295767613
8505,0.25,authorized_public_clip,7,11,0.0001827339831777366,0.00018273423077352913,5.646093114672878e-07,0.00018216962146206184,0.00018329884008499642,2.476594493038559e-10,2279.781018064701
8505,0.25,oracle_bernstein,0,27,0.0002737931174804306,0.0002737933442861218,2.2707528530092486e-10,0.0002737931172108365,0.0002737931815345188,2.2707528530092486e-10,1.0
8505,0.25,oracle_bernstein,1,17,0.00022720235210540288,0.00022720262766801058,2.7579192713262793e-10,0.00022720235187608344,0.00022720241619976576,2.7579192713262793e-10,1.0
8505,0.25,oracle_bernstein,2,3,0.0002539438007142501,0.0002539440017536032,2.0115061548263944e-10,0.00025394380060298773,0.00025394386492666996,2.0115061548263944e-10,1.0
8505,0.25,oracle_bernstein,3,7,0.00017554152657063912,0.0001755416992190728,1.72795778485752e-10,0.00017554152642329434,0.0001755415907469765,1.72795778485752e-10,1.0
8505,0.25,oracle_bernstein,4,23,0.00024140199191264995,0.00024140196040628448,3.152054623229851e-11,0.00024140192888573824,0.00024140199192683071,3.152054623229851e-11,1.0
8505,0.25,oracle_bernstein,5,1,0.0001718134381092547,0.00017181368980961897,2.519088834417599e-10,0.00017181343790073555,0.0001718135022244177,2.519088834417599e-10,1.0
8505,0.25,oracle_bernstein,6,29,0.00020461499209512902,0.00020461526239073935,2.705626841680581e-10,0.0002046149918280552,0.00020461505615173734,2.705626841680581e-10,1.0
8505,0.25,oracle_bernstein,7,11,0.0001827339831777366,0.00018273423077352913,2.476594493038559e-10,0.00018273398311407984,0.000182734047437762,2.476594493038559e-10,1.0
8505,0.5,authorized_public_clip,0,27,0.0005452133732546261,0.0005452151945184447,5.114877913919298e-06,0.0005401003166045254,0.000550330072432364,1.8255110024215193e-09,2801.888297103919
8505,0.5,authorized_public_clip,1,17,0.0004518027075346984,0.00045180491824142743,5.039084622780746e-06,0.00044676583361864667,0.0004568440028642082,2.214307756472458e-09,2275.6929826269266
8505,0.5,authorized_public_clip,2,3,0.0005066235105033951,0.0005066251211895412,4.774461607566044e-06,0.0005018506595819752,0.0005113995827971072,1.6124061353353747e-09,2961.0787896022075
8505,0.5,authorized_public_clip,3,7,0.00034998757601177816,0.00034998896029542204,4.431807148179067e-06,0.00034555715314724296,0.0003544207674436011,1.386589196113555e-09,3196.193335849505
8505,0.5,authorized_public_clip,4,23,0.000482493653927641,0.0004824934020358218,5.077127868491381e-06,0.0004774162741673304,0.0004875705299043132,2.521017661885714e-10,20139.19991617077
8505,0.5,authorized_public_clip,5,1,0.0003411380126813419,0.000341140031968834,4.834463027016074e-06,0.00033630556894181793,0.0003459744949958501,2.0225612119043157e-09,2390.2678438415464
8505,0.5,authorized_public_clip,6,29,0.00040677089725625257,0.0004067730664013558,4.804548962755041e-06,0.00040196851743860075,0.00041157761536411084,2.1733425807763853e-09,2210.672631757257
8505,0.5,authorized_public_clip,7,11,0.00036394204782507416,0.0003639440302986574,4.5168744917383025e-06,0.0003594271558069191,0.0003684609047903957,1.983430180156075e-09,2277.3045085876793
8505,0.5,oracle_bernstein,0,27,0.0005452133732546261,0.0005452151945184447,1.8255110024215193e-09,0.0005452133690074422,0.0005452138933025748,1.8255110024215193e-09,1.0
8505,0.5,oracle_bernstein,1,17,0.0004518027075346984,0.00045180491824142743,2.214307756472458e-09,0.00045180270393367097,0.00045180322822880366,2.214307756472458e-09,1.0
8505,0.5,oracle_bernstein,2,3,0.0005066235105033951,0.0005066251211895412,1.6124061353353747e-09,0.0005066235087834058,0.0005066240330785384,1.6124061353353747e-09,1.0
8505,0.5,oracle_bernstein,3,7,0.00034998757601177816,0.00034998896029542204,1.386589196113555e-09,0.0003499875737062259,0.0003499880980013586,1.386589196113555e-09,1.0
8505,0.5,oracle_bernstein,4,23,0.000482493653927641,0.0004824934020358218,2.521017661885714e-10,0.00048249314993405564,0.00048249365413758797,2.521017661885714e-10,1.0
8505,0.5,oracle_bernstein,5,1,0.0003411380126813419,0.000341140031968834,2.0225612119043157e-09,0.00034113800940762214,0.0003411385337027547,2.0225612119043157e-09,1.0
8505,0.5,oracle_bernstein,6,29,0.00040677089725625257,0.0004067730664013558,2.1733425807763853e-09,0.000406770893058775,0.0004067714173539077,2.1733425807763853e-09,1.0
8505,0.5,oracle_bernstein,7,11,0.00036394204782507416,0.0003639440302986574,1.983430180156075e-09,0.00036394204686847727,0.0003639425711636098,1.983430180156075e-09,1.0
8505,1.0,authorized_public_clip,0,27,0.0010809554025400776,0.0010809700803776079,4.0919023311354385e-05,0.0010400510570662536,0.0011218891036889622,1.4744019450585374e-08,2775.2963463250044
8505,1.0,authorized_public_clip,1,17,0.0008932240222533144,0.0008932418057004954,4.031267698224597e-05,0.0008529291287182494,0.0009335544826827414,1.783926528799987e-08,2259.7722681641785
8505,1.0,authorized_public_clip,2,3,0.0010082091993811435,0.0010082221216070608,3.819569286052835e-05,0.0009700264287465324,0.001046417814467589,1.2948152606462235e-08,2949.8951720313707
8505,1.0,authorized_public_clip,3,7,0.0006956066936136886,0.0006956178163771698,3.5454457185432534e-05,0.0006601633591917373,0.0007310722735626023,1.1158220903606439e-08,3177.4292238625003
8505,1.0,authorized_public_clip,4,23,0.000963748946269753,0.0009637469335623261,4.0617022947931045e-05,0.000923129910614395,0.0010043639565102572,2.0160712181766984e-09,20146.621102336063
8505,1.0,authorized_public_clip,5,1,0.0006723449929946357,0.0006723612367429688,3.867570421612859e-05,0.0006336855325268402,0.0007110369409590974,1.6294351128435536e-08,2373.5651644719374
8505,1.0,authorized_public_clip,6,29,0.000803730935596351,0.0008037483956267466,3.8436391702040326e-05,0.0007653120039247062,0.000842184787328787,1.752523165556844e-08,2193.2030604472843
8505,1.0,authorized_public_clip,7,11,0.0007218054417623533,0.0007218213275514973,3.613499593390642e-05,0.0006856863316175908,0.0007579563234854038,1.589953011921581e-08,2272.7084173534467
8505,1.0,oracle_bernstein,0,27,0.0010809554025400776,0.0010809700803776079,1.4744019450585374e-08,0.0010809553363581572,0.0010809596780659717,1.4744019450585374e-08,1.0
8505,1.0,oracle_bernstein,1,17,0.0008932240222533144,0.0008932418057004954,1.783926528799987e-08,0.0008932239664352074,0.0008932283081430218,1.783926528799987e-08,1.0
8505,1.0,oracle_bernstein,2,3,0.0010082091993811435,0.0010082221216070608,1.2948152606462235e-08,0.0010082091734544543,0.0010082135151622687,1.2948152606462235e-08,1.0
8505,1.0,oracle_bernstein,3,7,0.0006956066936136886,0.0006956178163771698,1.1158220903606439e-08,0.0006956066581562662,0.0006956109998640806,1.1158220903606439e-08,1.0
8505,1.0,oracle_bernstein,4,23,0.000963748946269753,0.0009637469335623261,2.0160712181766984e-09,0.0009637449174911079,0.0009637489496335443,2.0160712181766984e-09,1.0
8505,1.0,oracle_bernstein,5,1,0.0006723449929946357,0.0006723612367429688,1.6294351128435536e-08,0.0006723449423918403,0.0006723492840996544,1.6294351128435536e-08,1.0
8505,1.0,oracle_bernstein,6,29,0.000803730935596351,0.0008037483956267466,1.752523165556844e-08,0.0008037308703950911,0.0008037352121029054,1.752523165556844e-08,1.0
8505,1.0,oracle_bernstein,7,11,0.0007218054417623533,0.0007218213275514973,1.589953011921581e-08,0.0007218054280213781,0.0007218097697291922,1.589953011921581e-08,1.0
8506,0.25,authorized_public_clip,0,27,0.00026620123822289197,0.0002662013291947485,6.501739295516052e-07,0.00026555115526519685,0.0002668515031243001,9.128905119236936e-11,7122.145767311379
8506,0.25,authorized_public_clip,1,29,0.00019640123061993067,0.0001964013680934018,6.111329309902121e-07,0.0001957902351624116,0.00019701250102439202,1.3774550099054057e-10,4436.681609166898
8506,0.25,authorized_public_clip,2,6,0.00019869609190507673,0.0001986962235443479,5.867532971424545e-07,0.00019810947024720546,0.00019928297684149035,1.3208639817455293e-10,4442.193180005232
8506,0.25,authorized_public_clip,3,15,0.0001991917918237784,0.00019919187819628092,5.906638287921051e-07,0.0001986012143674888,0.00019978254202507304,8.654499419327775e-11,6824.933484575634
8506,0.25,authorized_public_clip,4,8,0.00015165972668501555,0.0001516598325923546,5.26668469093928e-07,0.00015113316412326068,0.00015218650106144853,1.06210337621029e-10,4958.730768497725
8506,0.25,authorized_public_clip,5,17,0.00021446159841785278,0.00021446176337769352,6.406450954355466e-07,0.00021382111828225796,0.00021510240847312907,1.6500279000900065e-10,3882.631896106729
8506,0.25,authorized_public_clip,6,7,0.0001862437458700204,0.00018624385191262638,5.641515738771226e-07,0.00018567970033874927,0.0001868080034865035,1.0642103944738577e-10,5301.12820553719
8506,0.25,authorized_public_clip,7,23,0.0002667136728303335,0.0002667137592807234,6.454284625669716e-07,0.0002660683308181564,0.00026735918774329037,8.686307308983286e-11,7430.4124826377765
8506,0.25,oracle_bernstein,0,27,0.00026620123822289197,0.0002662013291947485,9.128905119236936e-11,0.0002662012379056973,0.00026620124025160483,9.128905119236936e-11,1.0
8506,0.25,oracle_bernstein,1,29,0.00019640123061993067,0.0001964013680934018,1.3774550099054057e-10,0.00019640123034790082,0.00019640123269380836,1.3774550099054057e-10,1.0
8506,0.25,oracle_bernstein,2,6,0.00019869609190507673,0.0001986962235443479,1.3208639817455293e-10,0.00019869609145794974,0.0001986960938038572,1.3208639817455293e-10,1.0
8506,0.25,oracle_bernstein,3,15,0.0001991917918237784,0.00019919187819628092,8.654499419327775e-11,0.00019919179165128674,0.0001991917939971942,8.654499419327775e-11,1.0
8506,0.25,oracle_bernstein,4,8,0.00015165972668501555,0.0001516598325923546,1.06210337621029e-10,0.000151659726382017,0.00015165972872792453,1.06210337621029e-10,1.0
8506,0.25,oracle_bernstein,5,17,0.00021446159841785278,0.00021446176337769352,1.6500279000900065e-10,0.00021446159837490352,0.00021446160072081098,1.6500279000900065e-10,1.0
8506,0.25,oracle_bernstein,6,7,0.0001862437458700204,0.00018624385191262638,1.0642103944738577e-10,0.00018624374549158695,0.0001862437478374944,1.0642103944738577e-10,1.0
8506,0.25,oracle_bernstein,7,23,0.0002667136728303335,0.0002667137592807234,8.686307308983286e-11,0.0002667136724176503,0.00026671367476355777,8.686307308983286e-11,1.0
8506,0.5,authorized_public_clip,0,27,0.000530643516621393,0.0005306442513214882,5.201391436412842e-06,0.0005254428598850753,0.000535845642757901,7.397223952486937e-10,7031.545171299215
8506,0.5,authorized_public_clip,1,29,0.00039107640916094695,0.0003910775146278578,4.889063447921697e-06,0.00038618845117993606,0.0003959665780757795,1.1097520503136713e-09,4405.545767218726
8506,0.5,authorized_public_clip,2,6,0.0003951431195953578,0.0003951441807964473,4.694026377139636e-06,0.00039045015441930767,0.00039983820717358695,1.068298265464461e-09,4393.928670378236
8506,0.5,authorized_public_clip,3,15,0.0003974110376200132,0.00039741173119728357,4.7253106303368406e-06,0.0003926864205669467,0.0004021370418276204,6.962883425978938e-10,6786.427893803911
8506,0.5,authorized_public_clip,4,8,0.000301543711127906,0.0003015445649877102,4.213347752751424e-06,0.00029733121723495877,0.00030575791274046164,8.586610689734308e-10,4906.881079153473
8506,0.5,authorized_public_clip,5,17,0.000427512293618824,0.00042751361590742665,5.125160763484373e-06,0.0004223884551439423,0.000432638776670911,1.3229057487091826e-09,3874.1692433381727
8506,0.5,authorized_public_clip,6,7,0.0003713011859233277,0.00037130204069929507,4.513212591016981e-06,0.0003667888281082781,0.00037581525329031206,8.607749706197512e-10,5243.196822704433
8506,0.5,authorized_public_clip,7,23,0.0005318469033201974,0.0005318476017805995,5.1634277005357726e-06,0.0005266841740800638,0.0005370110294811353,7.050151951718086e-10,7323.853068553326
8506,0.5,oracle_bernstein,0,27,0.000530643516621393,0.0005306442513214882,7.397223952486937e-10,0.000530643511599093,0.0005306435486869873,7.397223952486937e-10,1.0
8506,0.5,oracle_bernstein,1,29,0.00039107640916094695,0.0003910775146278578,1.1097520503136713e-09,0.0003910764048758075,0.00039107644196370193,1.1097520503136713e-09,1.0
8506,0.5,oracle_bernstein,2,6,0.0003951431195953578,0.0003951441807964473,1.068298265464461e-09,0.00039514311249818187,0.0003951431495860763,1.068298265464461e-09,1.0
8506,0.5,oracle_bernstein,3,15,0.0003974110376200132,0.00039741173119728357,6.962883425978938e-10,0.000397411034908941,0.00039741107199683543,6.962883425978938e-10,1.0
8506,0.5,oracle_bernstein,4,8,0.000301543711127906,0.0003015445649877102,8.586610689734308e-10,0.00030154370632664126,0.0003015437434145357,8.586610689734308e-10,1.0
8506,0.5,oracle_bernstein,5,17,0.000427512293618824,0.00042751361590742665,1.3229057487091826e-09,0.00042751229300167794,0.00042751233008957255,1.3229057487091826e-09,1.0
8506,0.5,oracle_bernstein,6,7,0.0003713011859233277,0.00037130204069929507,8.607749706197512e-10,0.00037130117992432445,0.00037130121701221906,8.607749706197512e-10,1.0
8506,0.5,oracle_bernstein,7,23,0.0005318469033201974,0.0005318476017805995,7.050151951718086e-10,0.0005318468967654043,0.0005318469338532988,7.050151951718086e-10,1.0
8506,1.0,authorized_public_clip,0,27,0.0010542626022074346,0.0010542685898534687,4.1611131491302735e-05,0.001012657458362166,0.0010958797213447714,6.066925129743968e-09,6858.685512253681
8506,1.0,authorized_public_clip,1,29,0.0007752646593176247,0.0007752735928543419,3.9112507583373574e-05,0.0007361610852709684,0.0008143861004377155,9.000624894343345e-09,4345.532453858259
8506,1.0,authorized_public_clip,2,6,0.0007812955462950312,0.0007813041646264618,3.7552211017117085e-05,0.0007437519536093447,0.0008188563756435789,8.730714004408605e-09,4301.161508457953
8506,1.0,authorized_public_clip,3,15,0.0007909455659921931,0.0007909511555020399,3.7802485042694724e-05,0.0007531486704593452,0.0008287536405447345,5.632067368832512e-09,6712.008675871168
8506,1.0,authorized_public_clip,4,8,0.0005959903032669169,0.0005959972392668988,3.370678202201139e-05,0.0005622904572448875,0.0006297040212889102,7.011930981093347e-09,4807.061294940984
8506,1.0,authorized_public_clip,5,17,0.0008493979838149436,0.0008494086028523751,4.1001286107874984e-05,0.0008084073167445001,0.00089040988896025,1.062752887624651e-08,3858.0263187537953
8506,1.0,authorized_public_clip,6,7,0.000737867264545952,0.0007378742049977682,3.610570072813585e-05,0.0007017685042696324,0.000773979905725904,7.035304598949366e-09,5132.073561324947
8506,1.0,authorized_public_clip,7,23,0.0010573786565653395,0.0010573843534089078,4.130742160428618e-05,0.0010160769318046216,0.001098691775013194,5.800754211104849e-09,7121.043247308785
8506,1.0,oracle_bernstein,0,27,0.0010542626022074346,0.0010542685898534687,6.066925129743968e-09,0.001054262522928339,0.0010542631074215766,6.066925129743968e-09,1.0
8506,1.0,oracle_bernstein,1,29,0.0007752646593176247,0.0007752735928543419,9.000624894343345e-09,0.0007752645922294476,0.0007752651767226849,9.000624894343345e-09,1.0
8506,1.0,oracle_bernstein,2,6,0.0007812955462950312,0.0007813041646264618,8.730714004408605e-09,0.0007812954339124574,0.0007812960184056953,8.730714004408605e-09,1.0
8506,1.0,oracle_bernstein,3,15,0.0007909455659921931,0.0007909511555020399,5.632067368832512e-09,0.0007909455234346711,0.0007909461079279086,5.632067368832512e-09,1.0
8506,1.0,oracle_bernstein,4,8,0.0005959903032669169,0.0005959972392668988,7.011930981093347e-09,0.0005959902273359178,0.0005959908118291554,7.011930981093347e-09,1.0
8506,1.0,oracle_bernstein,5,17,0.0008493979838149436,0.0008494086028523751,1.062752887624651e-08,0.0008493979753234988,0.0008493985598167367,1.062752887624651e-08,1.0
8506,1.0,oracle_bernstein,6,7,0.000737867264545952,0.0007378742049977682,7.035304598949366e-09,0.0007378671696931693,0.0007378677541864066,7.035304598949366e-09,1.0
8506,1.0,oracle_bernstein,7,23,0.0010573786565653395,0.0010573843534089078,5.800754211104849e-09,0.0010573785526546966,0.0010573791371479343,5.800754211104849e-09,1.0
8507,0.25,authorized_public_clip,0,3,0.0002664166625981207,0.0002664168065518169,6.143742228445444e-07,0.0002658024323289723,0.00026703118077466145,1.444035454766518e-10,4254.564670255142
8507,0.25,authorized_public_clip,1,8,0.00015536279974319198,0.00015536289381007373,5.332189867791185e-07,0.00015482967482329462,0.00015589611279685284,9.43923465908016e-11,5648.964201416304
8507,0.25,authorized_public_clip,2,5,0.0002011426166440778,0.0002011427796977383,5.627380028852423e-07,0.00020058004169485306,0.00020170551770062355,1.6351009515239213e-10,3441.610148662491
8507,0.25,authorized_public_clip,3,27,0.00027831359181435195,0.00027831373644382484,6.57382590790309e-07,0.00027765635385303453,0.00027897111903461515,1.4499237076147881e-10,4533.91159367787
8507,0.25,authorized_public_clip,4,26,0.0002574351865879049,0.00025743526075949763,6.760515166344772e-07,0.0002567592092428632,0.0002581113122761321,7.450592075141332e-11,9073.795878452425
8507,0.25,authorized_public_clip,5,15,0.00021705756726227702,0.00021705764358426194,5.976097013907094e-07,0.00021646003388287122,0.00021765525328565265,7.653402066164732e-11,7808.4190040493095
8507,0.25,authorized_public_clip,6,11,0.0001713698138716868,0.00017137013121359956,5.817408216407404e-07,0.0001707883903919588,0.00017195187203524032,3.1779070196090967e-10,1830.5784846791973
8507,0.25,authorized_public_clip,7,22,0.00017153068007014693,0.0001715307323510995,5.883993639237461e-07,0.00017094233298717575,0.00017211913171502326,5.266002528842997e-11,11173.548829514604
8507,0.25,oracle_bernstein,0,3,0.0002664166625981207,0.0002664168065518169,1.444035454766518e-10,0.0002664166621482714,0.00026641666511714344,1.444035454766518e-10,1.0
8507,0.25,oracle_bernstein,1,8,0.00015536279974319198,0.00015536289381007373,9.43923465908016e-11,0.00015536279941772715,0.00015536280238659926,9.43923465908016e-11,1.0
8507,0.25,oracle_bernstein,2,5,0.0002011426166440778,0.0002011427796977383,1.6351009515239213e-10,0.00020114261618764317,0.0002011426191565152,1.6351009515239213e-10,1.0
8507,0.25,oracle_bernstein,3,27,0.00027831359181435195,0.00027831373644382484,1.4499237076147881e-10,0.0002783135914514541,0.0002783135944203262,1.4499237076147881e-10,1.0
8507,0.25,oracle_bernstein,4,26,0.0002574351865879049,0.00025743526075949763,7.450592075141332e-11,0.0002574351862535769,0.000257435189222449,7.450592075141332e-11,1.0
8507,0.25,oracle_bernstein,5,15,0.00021705756726227702,0.00021705764358426194,7.653402066164732e-11,0.00021705756705024128,0.0002170575700191134,7.653402066164732e-11,1.0
8507,0.25,oracle_bernstein,6,11,0.0001713698138716868,0.00017137013121359956,3.1779070196090967e-10,0.0001713698134228976,0.00017136981639176972,3.1779070196090967e-10,1.0
8507,0.25,oracle_bernstein,7,22,0.00017153068007014693,0.0001715307323510995,5.266002528842997e-11,0.0001715306796910742,0.0001715306826599464,5.266002528842997e-11,1.0
8507,0.5,authorized_public_clip,0,3,0.0005307549025217761,0.0005307560633763808,4.914993782756356e-06,0.0005258410695936245,0.0005356710571591372,1.168002269776416e-09,4208.034444742308
8507,0.5,authorized_public_clip,1,8,0.00030889737294375447,0.00030889813260548404,4.265751894232948e-06,0.0003046323807112511,0.000313163884499717,7.648264437183275e-10,5577.4116196797595
8507,0.5,authorized_public_clip,2,5,0.0003994904135511867,0.0003994917283295929,4.5019040230819385e-06,0.00039498982430651096,0.00040399363235267484,1.3220217336258248e-09,3405.3177104243614
8507,0.5,authorized_public_clip,3,27,0.0005546798354902956,0.0005546810009559033,5.259060726322472e-06,0.0005494219402295808,0.0005599400616822258,1.1712177532114867e-09,4490.250179270331
8507,0.5,authorized_public_clip,4,26,0.0005126161642876785,0.0005126167660711167,5.4084121330758175e-06,0.0005072083539380409,0.0005180251782041926,6.070888429594492e-10,8908.765489266412
8507,0.5,authorized_public_clip,5,15,0.0004328737065710534,0.00043287432133687354,4.780877611125676e-06,0.00042809344372574787,0.0004376551989479992,6.181176504563389e-10,7734.575460830293
8507,0.5,authorized_public_clip,6,11,0.00034275717129551685,0.0003427597063280219,4.6539265731259235e-06,0.00033810577975489596,0.0003474136329011478,2.5422467287464327e-09,1830.6352882675349
8507,0.5,authorized_public_clip,7,22,0.0003414255801694508,0.0003414260046847861,4.707194911389969e-06,0.00033671880977339613,0.0003461331995961761,4.30546025557431e-10,10933.081789096834
8507,0.5,oracle_bernstein,0,3,0.0005307549025217761,0.0005307560633763808,1.168002269776416e-09,0.000530754895374111,0.0005307549425841128,1.168002269776416e-09,1.0
8507,0.5,oracle_bernstein,1,8,0.00030889737294375447,0.00030889813260548404,7.648264437183275e-10,0.00030889736777904033,0.0003088974149890421,7.648264437183275e-10,1.0
8507,0.5,oracle_bernstein,2,5,0.0003994904135511867,0.0003994917283295929,1.3220217336258248e-09,0.0003994904063078593,0.00039949045351786103,1.3220217336258248e-09,1.0
8507,0.5,oracle_bernstein,3,27,0.0005546798354902956,0.0005546810009559033,1.1712177532114867e-09,0.0005546798297381501,0.0005546798769481519,1.1712177532114867e-09,1.0
8507,0.5,oracle_bernstein,4,26,0.0005126161642876785,0.0005126167660711167,6.070888429594492e-10,0.0005126161589822738,0.0005126162061922755,6.070888429594492e-10,1.0
8507,0.5,oracle_bernstein,5,15,0.0004328737065710534,0.00043287432133687354,6.181176504563389e-10,0.0004328737032192231,0.0004328737504292247,6.181176504563389e-10,1.0
8507,0.5,oracle_bernstein,6,11,0.00034275717129551685,0.0003427597063280219,2.5422467287464327e-09,0.00034275716408129316,0.00034275721129129475,2.5422467287464327e-09,1.0
8507,0.5,oracle_bernstein,7,22,0.0003414255801694508,0.0003414260046847861,4.30546025557431e-10,0.0003414255741387606,0.0003414256213487622,4.30546025557431e-10,1.0
8507,1.0,authorized_public_clip,0,3,0.0010532101493136879,0.0010532195829296986,3.9319950262050845e-05,0.0010138996326676478,0.0010925395331917494,9.54670720334497e-09,4118.692385189518
8507,1.0,authorized_public_clip,1,8,0.0006104870789643499,0.0006104932699378951,3.412601515386358e-05,0.0005763672547840315,0.0006446192850917587,6.272758221055989e-09,5440.3523858629815
8507,1.0,authorized_public_clip,2,5,0.0007878100310674188,0.0007878207141777671,3.601523218465551e-05,0.0007518054819931116,0.0008238359463624226,1.0797651440430575e-08,3335.4690492971995
8507,1.0,authorized_public_clip,3,27,0.0011015856376448204,0.0011015950952850129,4.207248581057977e-05,0.0010595226094744332,0.0011436675810955926,9.54851914283231e-09,4406.179134296642
8507,1.0,authorized_public_clip,4,26,0.0010162209048685301,0.001016225853462116,4.326729706460654e-05,0.0009729585563975095,0.0010594931505267225,5.032740521422989e-09,8597.164284633707
8507,1.0,authorized_public_clip,5,15,0.0008607954909923699,0.0008608004755867871,3.8247020889005405e-05,0.0008225534546977817,0.0008990474964757925,5.037478805262352e-09,7592.492666976789
8507,1.0,authorized_public_clip,6,11,0.00068560374794106,0.0006856239673787567,3.723141258500739e-05,0.0006483925547937494,0.0007228553799637641,2.0336619796375685e-08,1830.757173895862
8507,1.0,authorized_public_clip,7,22,0.0006763100665411646,0.0006763135628512496,3.7657559291119753e-05,0.0006386560035601298,0.0007139711221423693,3.592116438433297e-09,10483.390484843001
8507,1.0,oracle_bernstein,0,3,0.0010532101493136879,0.0010532195829296986,9.54670720334497e-09,0.0010532100362224952,0.0010532107865381815,9.54670720334497e-09,1.0
8507,1.0,oracle_bernstein,1,8,0.0006104870789643499,0.0006104932699378951,6.272758221055989e-09,0.000610486997179674,0.0006104877474953606,6.272758221055989e-09,1.0
8507,1.0,oracle_bernstein,2,5,0.0007878100310674188,0.0007878207141777671,1.0797651440430575e-08,0.0007878099165263267,0.0007878106668420129,1.0797651440430575e-08,1.0
8507,1.0,oracle_bernstein,3,27,0.0011015856376448204,0.0011015950952850129,9.54851914283231e-09,0.00110158554676587,0.0011015862970815563,9.54851914283231e-09,1.0
8507,1.0,oracle_bernstein,4,26,0.0010162209048685301,0.001016225853462116,5.032740521422989e-09,0.0010162208207215946,0.0010162215710372811,5.032740521422989e-09,1.0
8507,1.0,oracle_bernstein,5,15,0.0008607954909923699,0.0008608004755867871,5.037478805262352e-09,0.0008607954381079818,0.0008607961884236678,5.037478805262352e-09,1.0
8507,1.0,oracle_bernstein,6,11,0.00068560374794106,0.0006856239673787567,2.0336619796375685e-08,0.0006856036307589604,0.0006856043810746469,2.0336619796375685e-08,1.0
8507,1.0,oracle_bernstein,7,22,0.0006763100665411646,0.0006763135628512496,3.592116438433297e-09,0.0006763099707348112,0.0006763107210504974,3.592116438433297e-09,1.0
8508,0.25,authorized_public_clip,0,17,0.00020184980836323395,0.00020184980171039646,6.324799908484107e-07,0.00020121732171954804,0.00020248228170124488,6.795157828930263e-12,93078.04274326615
8508,0.25,authorized_public_clip,1,5,0.00017194595880434802,0.00017194615337962071,5.483951905516259e-07,0.0001713977581890691,0.00017249454857017234,1.947304917907054e-10,2816.175245636601
8508,0.25,authorized_public_clip,2,16,0.00019241739369287313,0.0001924173997577272,6.300872932870244e-07,0.00019178731246444018,0.00019304748705101422,6.175597870038194e-12,102028.54955047899
8508,0.25,authorized_public_clip,3,6,0.00017325297591290186,0.0001732531082375699,5.789263022479152e-07,0.00017267418193532197,0.00017383203453981782,1.3235253713727264e-10,4374.123192269958
8508,0.25,authorized_public_clip,4,8,0.00014208946476213102,0.00014208960421252526,5.19314007372941e-07,0.00014157029020515232,0.0001426089182198982,1.3969675496375345e-10,3717.437871106493
8508,0.25,authorized_public_clip,5,30,0.00017917121818375757,0.00017917109509663076,6.501303976137676e-07,0.000178520964699017,0.00017982122549424452,1.2358814052140844e-10,5260.459416825269
8508,0.25,authorized_public_clip,6,29,0.00019726942249145875,0.00019726947622722424,6.031425886810205e-07,0.00019666633363854322,0.00019787261881590526,5.38137135444692e-11,11207.971889592995
8508,0.25,authorized_public_clip,7,28,0.0002238068541069198,0.00022380693858981004,6.489697318003588e-07,0.0002231579688580097,0.0002244559083216104,8.472052768947708e-11,7660.1238153166705
8508,0.25,oracle_bernstein,0,17,0.00020184980836323395,0.00020184980171039646,6.795157828930263e-12,0.00020184979491523863,0.0002018498085055543,6.795157828930263e-12,1.0
8508,0.25,oracle_bernstein,1,5,0.00017194595880434802,0.00017194615337962071,1.947304917907054e-10,0.00017194595864912892,0.0001719462196281701,1.947304917907054e-10,1.0
8508,0.25,oracle_bernstein,2,16,0.00019241739369287313,0.0001924173997577272,6.175597870038194e-12,0.00019241739358212933,0.00019241740593332508,6.175597870038194e-12,1.0
8508,0.25,oracle_bernstein,3,6,0.00017325297591290186,0.0001732531082375699,1.3235253713727264e-10,0.00017325297588503276,0.00017325323686407388,1.3235253713727264e-10,1.0
8508,0.25,oracle_bernstein,4,8,0.00014208946476213102,0.00014208960421252526,1.3969675496375345e-10,0.0001420894645157703,0.00014208972549481134,1.3969675496375345e-10,1.0
8508,0.25,oracle_bernstein,5,30,0.00017917121818375757,0.00017917109509663076,1.2358814052140844e-10,0.00017917097150849025,0.00017917121868477127,1.2358814052140844e-10,1.0
8508,0.25,oracle_bernstein,6,29,0.00019726942249145875,0.00019726947622722424,5.38137135444692e-11,0.0001972694224135107,0.0001972695300409378,5.38137135444692e-11,1.0
8508,0.25,oracle_bernstein,7,28,0.0002238068541069198,0.00022380693858981004,8.472052768947708e-11,0.00022380685386928236,0.00022380702331033773,8.472052768947708e-11,1.0
8508,0.5,authorized_public_clip,0,17,0.00040259266220655685,0.00040259261223746234,5.059839926787285e-06,0.0003975327723106751,0.0004076524521642496,5.2210144415134774e-11,96912.96554469077
8508,0.5,authorized_public_clip,1,5,0.0003427193511516878,0.0003427209089389427,4.387161524413007e-06,0.0003383337474145297,0.0003471080704633557,1.5602797210392915e-09,2811.7788530192197
8508,0.5,authorized_public_clip,2,16,0.00038353196483835407,0.00038353201635332734,5.040698346296195e-06,0.00037849131800703114,0.00038857271469962354,5.3234417673936864e-11,94688.71017187965
8508,0.5,authorized_public_clip,3,6,0.00034572197022796064,0.0003457230294714453,4.631410417983322e-06,0.00034109161905346194,0.00035035443988942863,1.0596364349523552e-09,4370.754218348075
8508,0.5,authorized_public_clip,4,8,0.00028340416746053894,0.0002834052830545386,4.154512058983528e-06,0.0002792507709955551,0.0002875597951135221,1.1195373340081125e-09,3710.9187275691365
8508,0.5,authorized_public_clip,5,30,0.00035794849847649274,0.0003579475152708511,5.2010431809101405e-06,0.00035274647208994095,0.0003631485584517613,9.911948492201956e-10,5247.245972880071
8508,0.5,authorized_public_clip,6,29,0.0003932588678987966,0.00039325930108308205,4.825140709448164e-06,0.00038843416037363386,0.00039808444179253023,4.3438199413724757e-10,11108.058746844858
8508,0.5,authorized_public_clip,7,28,0.0004466425607944473,0.0004466432390571873,5.191757854402871e-06,0.0004414514812027844,0.00045183499691159014,6.820019557095831e-10,7612.526343859456
8508,0.5,oracle_bernstein,0,17,0.00040259266220655685,0.00040259261223746234,5.2210144415134774e-11,0.00040259256002731793,0.00040259266444760675,5.2210144415134774e-11,1.0
8508,0.5,oracle_bernstein,1,5,0.0003427193511516878,0.0003427209089389427,1.5602797210392915e-09,0.0003427193486592217,0.0003427214387240712,1.5602797210392915e-09,1.0
8508,0.5,oracle_bernstein,2,16,0.00038353196483835407,0.00038353201635332734,5.3234417673936864e-11,0.00038353196311890966,0.00038353206958774503,5.3234417673936864e-11,1.0
8508,0.5,oracle_bernstein,3,6,0.00034572197022796064,0.0003457230294714453,1.0596364349523552e-09,0.0003457219698350103,0.00034572405989985976,1.0596364349523552e-09,1.0
8508,0.5,oracle_bernstein,4,8,0.00028340416746053894,0.0002834052830545386,1.1195373340081125e-09,0.0002834041635172046,0.00028340625358205416,1.1195373340081125e-09,1.0
8508,0.5,oracle_bernstein,5,30,0.00035794849847649274,0.0003579475152708511,9.911948492201956e-10,0.0003579465240760019,0.00035794850646570035,9.911948492201956e-10,1.0
8508,0.5,oracle_bernstein,6,29,0.0003932588678987966,0.00039325930108308205,4.3438199413724757e-10,0.0003932588667010879,0.0003932597354650762,4.3438199413724757e-10,1.0
8508,0.5,oracle_bernstein,7,28,0.0004466425607944473,0.0004466432390571873,6.820019557095831e-10,0.00044664255705523156,0.000446643921059143,6.820019557095831e-10,1.0
8508,1.0,authorized_public_clip,0,17,0.0008007739739159783,0.0008007736252494957,4.047871941429828e-05,0.0007602949058351974,0.0008412523446637939,3.8376226350788326e-10,105478.63420517575
8508,1.0,authorized_public_clip,1,5,0.0006807558518904594,0.0006807683322167524,3.509729219530406e-05,0.0006456710400214483,0.0007158656244120564,1.2521148193152636e-08,2803.04103536587
8508,1.0,authorized_public_clip,2,16,0.000761870422368654,0.0007618708814247088,4.032558677036956e-05,0.0007215452946543392,0.0008021964681950784,4.852225481262098e-10,83107.40489306486
8508,1.0,authorized_public_clip,3,6,0.0006883118170386594,0.0006883203004848792,3.705128334386657e-05,0.0006512690171410127,0.0007253715838287458,8.48845869600241e-09,4364.901175912614
8508,1.0,authorized_public_clip,4,8,0.0005637131126688324,0.0005637220368033824,3.3236096471868225e-05,0.0005304859403315142,0.0005969581332752506,8.987805500648624e-09,3697.91007042483
8508,1.0,authorized_public_clip,5,30,0.0007143345733099104,0.0007143267310502632,4.1608345447281124e-05,0.0006727183856029822,0.0007559350764975443,7.969613877041973e-09,5220.8734437112535
8508,1.0,authorized_public_clip,6,29,0.0007814134614907054,0.000781416978654248,3.8601125675585314e-05,0.0007428158529786627,0.0008200181043298332,3.534971075917225e-09,10919.78543716073
8508,1.0,authorized_public_clip,7,28,0.0008894162591963275,0.0008894217225661194,4.1534062835222965e-05,0.0008478876597308964,0.0009309557854013424,5.521576659657905e-09,7522.1382216209695
8508,1.0,oracle_bernstein,0,17,0.0008007739739159783,0.0008007736252494957,3.8376226350788326e-10,0.0008007732414872322,0.0008007740090117592,3.8376226350788326e-10,1.0
8508,1.0,oracle_bernstein,1,5,0.0006807558518904594,0.0006807683322167524,1.2521148193152636e-08,0.0006807558110685592,0.000680772567057052,1.2521148193152636e-08,1.0
8508,1.0,oracle_bernstein,2,16,0.000761870422368654,0.0007618708814247088,4.852225481262098e-10,0.0007618703962021607,0.0007618713666472569,4.852225481262098e-10,1.0
8508,1.0,oracle_bernstein,3,6,0.0006883118170386594,0.0006883203004848792,8.48845869600241e-09,0.0006883118120261832,0.0006883285680146754,8.48845869600241e-09,1.0
8508,1.0,oracle_bernstein,4,8,0.0005637131126688324,0.0005637220368033824,8.987805500648624e-09,0.0005637130489978818,0.0005637298049863742,8.987805500648624e-09,1.0
8508,1.0,oracle_bernstein,5,30,0.0007143345733099104,0.0007143267310502632,7.969613877041973e-09,0.0007143187614363862,0.0007143347006641403,7.969613877041973e-09,1.0
8508,1.0,oracle_bernstein,6,29,0.0007814134614907054,0.000781416978654248,3.534971075917225e-09,0.000781413443683172,0.0007814205136253239,3.534971075917225e-09,1.0
8508,1.0,oracle_bernstein,7,28,0.0008894162591963275,0.0008894217225661194,5.521576659657905e-09,0.0008894162009894597,0.000889427244142779,5.521576659657905e-09,1.0
8509,0.25,authorized_public_clip,0,16,0.0001991469505781834,0.00019914698196971115,6.281300869528133e-07,0.00019851885188275833,0.00019977511205666396,3.157629793185177e-11,19892.455040437257
8509,0.25,authorized_public_clip,1,7,0.00017115993619315202,0.00017116001703892936,5.545740405035179e-07,0.00017060544299842584,0.00017171459107943288,8.100081796405587e-11,6846.523954234761
8509,0.25,authorized_public_clip,2,27,0.00026234007801139705,0.0002623401445582818,6.400006843769357e-07,0.0002617001438739049,0.0002629801452426587,6.68099657670142e-11,9579.419432855339
8509,0.25,authorized_public_clip,3,15,0.0002000697420463241,0.00020006981941417257,5.808704818177477e-07,0.0001994889489323548,0.00020065068989599032,7.748786877325403e-11,7496.27639801913
8509,0.25,authorized_public_clip,4,22,0.0001543748271679637,0.00015437489622094347,5.717812009601966e-07,0.00015380311501998327,0.00015494667742190366,6.926357715515286e-11,8255.149740236293
8509,0.25,authorized_public_clip,5,3,0.0002444486881314199,0.0002444487875231105,5.974294672186262e-07,0.00024385135805589188,0.00024504621699032915,9.949900242973577e-11,6004.376452321912
8509,0.25,authorized_public_clip,6,19,0.00013941887739540892,0.00013941886261253922,6.208966342083892e-07,0.00013879796597833082,0.00014003975924674762,1.4972246464767776e-11,41469.837921080434
8509,0.25,authorized_public_clip,7,17,0.00021292063884419452,0.00021292069948336545,6.305226332416331e-07,0.0002122901768501238,0.0002135512221166071,6.080008798639622e-11,10370.423039234909
8509,0.25,oracle_bernstein,0,16,0.0001991469505781834,0.00019914698196971115,3.157629793185177e-11,0.00019914695039341323,0.00019914698135026763,3.157629793185177e-11,1.0
8509,0.25,oracle_bernstein,1,7,0.00017115993619315202,0.00017116001703892936,8.100081796405587e-11,0.0001711599360381114,0.0001711599669949658,8.100081796405587e-11,1.0
8509,0.25,oracle_bernstein,2,27,0.00026234007801139705,0.0002623401445582818,6.68099657670142e-11,0.00026234007774831604,0.00026234010870517053,6.68099657670142e-11,1.0
8509,0.25,oracle_bernstein,3,15,0.0002000697420463241,0.00020006981941417257,7.748786877325403e-11,0.0002000697419263038,0.00020006977288315828,7.748786877325403e-11,1.0
8509,0.25,oracle_bernstein,4,22,0.0001543748271679637,0.00015437489622094347,6.926357715515286e-11,0.0001543748269573663,0.00015437485791422088,6.926357715515286e-11,1.0
8509,0.25,oracle_bernstein,5,3,0.0002444486881314199,0.0002444487875231105,9.949900242973577e-11,0.0002444486880241081,0.00024444871898096263,9.949900242973577e-11,1.0
8509,0.25,oracle_bernstein,6,19,0.00013941887739540892,0.00013941886261253922,1.4972246464767776e-11,0.00013941884764029277,0.00013941887758478567,1.4972246464767776e-11,1.0
8509,0.25,oracle_bernstein,7,17,0.00021292063884419452,0.00021292069948336545,6.080008798639622e-11,0.00021292063868327748,0.00021292066964013188,6.080008798639622e-11,1.0
8509,0.5,authorized_public_clip,0,16,0.00039713151420933955,0.00039713176851613463,5.025040695622507e-06,0.0003921067278205121,0.00040215680921175715,2.5723786144137526e-10,19534.607648601206
8509,0.5,authorized_public_clip,1,7,0.0003411389133895661,0.00034113956370041,4.436592324028143e-06,0.00033670297137638187,0.0003455761560244381,6.527651390382164e-10,6796.613450536
8509,0.5,authorized_public_clip,2,27,0.0005229141122235735,0.0005229146500380089,5.120005475015485e-06,0.0005177946445629934,0.0005280346555130243,5.419858643957911e-10,9446.750941970224
8509,0.5,authorized_public_clip,3,15,0.00039910542357723586,0.0003991060425420634,4.646963854541982e-06,0.0003944590786875214,0.0004037530063966054,6.208778684364449e-10,7484.505553796625
8509,0.5,authorized_public_clip,4,22,0.0003071956844607415,0.0003071962390327476,4.574249607681573e-06,0.00030262198942506606,0.0003117704886404292,5.579101263048971e-10,8198.900489541844
8509,0.5,authorized_public_clip,5,3,0.00048782806878843626,0.00048782886617937393,4.77943573774901e-06,0.00048304943044162493,0.000492608301917123,7.99081486964717e-10,5981.1618911402
8509,0.5,authorized_public_clip,6,19,0.00027667726616327373,0.00027667715154361394,4.9671730736671135e-06,0.00027170997846994685,0.00028164432461728103,1.1764054625247192e-10,42223.30847569267
8509,0.5,authorized_public_clip,7,17,0.0004243753188412244,0.00042437580785742446,5.0441810659330645e-06,0.0004193316267914914,0.00042941998892335754,4.915610704258339e-10,10261.555215435075
8509,0.5,oracle_bernstein,0,16,0.00039713151420933955,0.00039713176851613463,2.5723786144137526e-10,0.0003971315112782732,0.0003971317625818503,2.5723786144137526e-10,1.0
8509,0.5,oracle_bernstein,1,7,0.0003411389133895661,0.00034113956370041,6.527651390382164e-10,0.00034113891093527095,0.0003411391622388481,6.527651390382164e-10,1.0
8509,0.5,oracle_bernstein,2,27,0.0005229141122235735,0.0005229146500380089,5.419858643957911e-10,0.0005229141080521445,0.0005229143593557216,5.419858643957911e-10,1.0
8509,0.5,oracle_bernstein,3,15,0.00039910542357723586,0.0003991060425420634,6.208778684364449e-10,0.00039910542166419496,0.0003991056729677721,6.208778684364449e-10,1.0
8509,0.5,oracle_bernstein,4,22,0.0003071956844607415,0.0003071962390327476,5.579101263048971e-10,0.0003071956811226213,0.00030719593242619844,5.579101263048971e-10,1.0
8509,0.5,oracle_bernstein,5,3,0.00048782806878843626,0.00048782886617937393,7.99081486964717e-10,0.00048782806709788697,0.0004878283184014641,7.99081486964717e-10,1.0
8509,0.5,oracle_bernstein,6,19,0.00027667726616327373,0.00027667715154361394,1.1764054625247192e-10,0.0002766770339030677,0.00027667726918416017,1.1764054625247192e-10,1.0
8509,0.5,oracle_bernstein,7,17,0.0004243753188412244,0.00042437580785742446,4.915610704258339e-10,0.000424375316296354,0.00042437556759993087,4.915610704258339e-10,1.0
8509,1.0,authorized_public_clip,0,16,0.0007896217414335653,0.0007896238263356281,4.020032556498005e-05,0.0007494235007706481,0.0008298241519006081,2.1313933403987193e-09,18861.054317388356
8509,1.0,authorized_public_clip,1,7,0.0006775652643862026,0.0006775705230424034,3.5492738592225146e-05,0.0006420777844501782,0.0007130632616346286,5.2973835881430526e-09,6700.050695152093
8509,1.0,authorized_public_clip,2,27,0.001038774333384241,0.001038778722369238,4.096004380012388e-05,0.000997818678569114,0.001079738766169362,4.4550461661073976e-09,9194.078416456181
8509,1.0,authorized_public_clip,3,15,0.0007940882665214861,0.00079409321814361,3.7175710836335854e-05,0.0007569175073072742,0.0008312689289799458,4.982449453816347e-09,7461.332258546209
8509,1.0,authorized_public_clip,4,22,0.0006081888503345156,0.000608193320758621,3.6593996861452583e-05,0.0005715993238971684,0.0006447873176200735,4.523262524595294e-09,8090.177535014226
8509,1.0,authorized_public_clip,5,3,0.000971389086345167,0.000971395501155603,3.823548590199208e-05,0.0009331600152536109,0.001009630987057595,6.441348233376861e-09,5935.9445440115915
8509,1.0,authorized_public_clip,6,19,0.0005447229514737247,0.0005447220926129148,3.973738458933691e-05,0.0005049847080235779,0.0005844594772022517,9.071955972216612e-10,43802.44427005041
8509,1.0,authorized_public_clip,7,17,0.0008428972176018922,0.0008429011916806783,4.0353448527464516e-05,0.0008025477431532138,0.0008832546402081429,4.0142839430915115e-09,10052.46492264501
8509,1.0,oracle_bernstein,0,16,0.0007896217414335653,0.0007896238263356281,2.1313933403987193e-09,0.0007896216949422878,0.0007896237626872325,2.1313933403987193e-09,1.0
8509,1.0,oracle_bernstein,1,7,0.0006775652643862026,0.0006775705230424034,5.2973835881430526e-09,0.0006775652256588153,0.0006775672934037601,5.2973835881430526e-09,1.0
8509,1.0,oracle_bernstein,2,27,0.001038774333384241,0.001038778722369238,4.4550461661073976e-09,0.0010387742673230718,0.0010387763350680167,4.4550461661073976e-09,1.0
8509,1.0,oracle_bernstein,3,15,0.0007940882665214861,0.00079409321814361,4.982449453816347e-09,0.0007940882356941562,0.000794090303439101,4.982449453816347e-09,1.0
8509,1.0,oracle_bernstein,4,22,0.0006081888503345156,0.000608193320758621,4.523262524595294e-09,0.0006081887974960964,0.0006081908652410409,4.523262524595294e-09,1.0
8509,1.0,oracle_bernstein,5,3,0.000971389086345167,0.000971395501155603,6.441348233376861e-09,0.0009713890598073697,0.0009713911275523145,6.441348233376861e-09,1.0
8509,1.0,oracle_bernstein,6,19,0.0005447229514737247,0.0005447220926129148,9.071955972216612e-10,0.0005447211854173176,0.000544722999808512,9.071955972216612e-10,1.0
8509,1.0,oracle_bernstein,7,17,0.0008428972176018922,0.0008429011916806783,4.0142839430915115e-09,0.0008428971773967352,0.0008428992451416798,4.0142839430915115e-09,1.0
8510,0.25,authorized_public_clip,0,29,0.00018988460643079696,0.0001898846482049077,6.037323303443827e-07,0.00018928091587456331,0.00019048838053525207,4.180937157955846e-11,14440.119703678134
8510,0.25,authorized_public_clip,1,25,8.10582589867864e-05,8.105816080578032e-05,6.800698798407559e-07,8.037809092593957e-05,8.173823068562107e-05,9.876618121861486e-11,6885.655306804353
8510,0.25,authorized_public_clip,2,21,0.00026632386775313644,0.0002663239216488811,6.789676917766762e-07,0.0002656449539571044,0.0002670028893406578,5.39093222506065e-11,12594.624889186722
8510,0.25,authorized_public_clip,3,7,0.0001714289069482081,0.00017142896680250042,5.57089929290446e-07,0.00017087187687320996,0.00017198605673179087,5.995259924054861e-11,9292.17308919713
8510,0.25,authorized_public_clip,4,3,0.00024383968616930178,0.0002438397818002036,5.999690619715566e-07,0.00024323981273823204,0.00024443975086217517,9.574383958239487e-11,6266.398596384235
8510,0.25,authorized_public_clip,5,8,0.0001359356363388071,0.00013593569134306982,5.199117144779208e-07,0.00013541577962859189,0.00013645560305754775,5.5114469343837105e-11,9433.307091000002
8510,0.25,authorized_public_clip,6,6,0.00017893404093609363,0.00017893410030273005,5.795224476922041e-07,0.00017835457785503783,0.00017951362275042226,5.952871608974673e-11,9735.174647786862
8510,0.25,authorized_public_clip,7,15,0.00019763290108189724,0.0001976329210033323,5.834048503340267e-07,0.00019704951615299828,0.00019821632585366632,1.9949357780445276e-11,29244.29231029636
8510,0.25,oracle_bernstein,0,29,0.00018988460643079696,0.0001898846482049077,4.180937157955846e-11,0.0001898846063955361,0.00018988469001427928,4.180937157955846e-11,1.0
8510,0.25,oracle_bernstein,1,25,8.10582589867864e-05,8.105816080578032e-05,9.876618121861486e-11,8.105806203959911e-05,8.105825954707888e-05,9.876618121861486e-11,1.0
8510,0.25,oracle_bernstein,2,21,0.00026632386775313644,0.0002663239216488811,5.39093222506065e-11,0.0002663238677395588,0.00026632397555820334,5.39093222506065e-11,1.0
8510,0.25,oracle_bernstein,3,7,0.0001714289069482081,0.00017142896680250042,5.995259924054861e-11,0.0001714289068499012,0.00017142902675509964,5.995259924054861e-11,1.0
8510,0.25,oracle_bernstein,4,3,0.00024383968616930178,0.0002438397818002036,9.574383958239487e-11,0.00024383968605636402,0.0002438398775440432,9.574383958239487e-11,1.0
8510,0.25,oracle_bernstein,5,8,0.0001359356363388071,0.00013593569134306982,5.5114469343837105e-11,0.0001359356362286005,0.00013593574645753915,5.5114469343837105e-11,1.0
8510,0.25,oracle_bernstein,6,6,0.00017893404093609363,0.00017893410030273005,5.952871608974673e-11,0.00017893404077401397,0.00017893415983144612,5.952871608974673e-11,1.0
8510,0.25,oracle_bernstein,7,15,0.00019763290108189724,0.0001976329210033323,1.9949357780445276e-11,0.0001976329010539745,0.00019763294095269008,1.9949357780445276e-11,1.0
8510,0.5,authorized_public_clip,0,29,0.0003789674497463881,0.00037896778454554747,4.829858642755062e-06,0.0003741379259027924,0.00038379764318830254,3.3535426367702595e-10,14402.258047348452
8510,0.5,authorized_public_clip,1,25,0.00016261251843370893,0.00016261172715442695,5.440559038726047e-06,0.00015717116811570092,0.000168052286193153,8.006036767463464e-10,6795.5708882533245
8510,0.5,authorized_public_clip,2,21,0.0005316838371306956,0.0005316842685474388,5.431741534213409e-06,0.0005262525270132253,0.0005371160100816522,4.316235155065468e-10,12584.443013580481
8510,0.5,authorized_public_clip,3,7,0.0003421029267589169,0.00034210340595397515,4.456719434323568e-06,0.0003376466865196516,0.0003465601253882987,4.80759285033763e-10,9270.168196565523
8510,0.5,authorized_public_clip,4,3,0.0004866058915645941,0.0004866066569399474,4.799752495772453e-06,0.000481806904444175,0.0004914064094357199,7.67173917785312e-10,6256.407295008728
8510,0.5,authorized_public_clip,5,8,0.00027128887731307403,0.0002712893173120179,4.159293715823366e-06,0.0002671300235961945,0.00027544861102784125,4.4174695463057176e-10,9415.557192243099
8510,0.5,authorized_public_clip,6,6,0.0003566147738170935,0.0003566152485477425,4.636179581537633e-06,0.00035197906896620486,0.00036125142812928017,4.773119500237165e-10,9713.101843159955
8510,0.5,authorized_public_clip,7,15,0.00039420997875067477,0.0003942101391156694,4.667238802672214e-06,0.00038954290031299716,0.0003988773779183416,1.6079317587024653e-10,29026.348770164743
8510,0.5,oracle_bernstein,0,29,0.0003789674497463881,0.00037896778454554747,3.3535426367702595e-10,0.0003789674491912838,0.00037896811989981114,3.3535426367702595e-10,1.0
8510,0.5,oracle_bernstein,1,25,0.00016261251843370893,0.00016261172715442695,8.006036767463464e-10,0.0001626109265507502,0.0001626125273158697,8.006036767463464e-10,1.0
8510,0.5,oracle_bernstein,2,21,0.0005316838371306956,0.0005316842685474388,4.316235155065468e-10,0.0005316838369239233,0.0005316847001709542,4.316235155065468e-10,1.0
8510,0.5,oracle_bernstein,3,7,0.0003421029267589169,0.00034210340595397515,4.80759285033763e-10,0.0003421029251946901,0.0003421038867132602,4.80759285033763e-10,1.0
8510,0.5,oracle_bernstein,4,3,0.0004866058915645941,0.0004866066569399474,7.67173917785312e-10,0.00048660588976602966,0.0004866074241138652,7.67173917785312e-10,1.0
8510,0.5,oracle_bernstein,5,8,0.00027128887731307403,0.0002712893173120179,4.4174695463057176e-10,0.0002712888755650633,0.0002712897590589725,4.4174695463057176e-10,1.0
8510,0.5,oracle_bernstein,6,6,0.0003566147738170935,0.0003566152485477425,4.773119500237165e-10,0.0003566147712357925,0.0003566157258596925,4.773119500237165e-10,1.0
8510,0.5,oracle_bernstein,7,15,0.00039420997875067477,0.0003942101391156694,1.6079317587024653e-10,0.0003942099783224935,0.00039421029990884524,1.6079317587024653e-10,1.0
8510,1.0,authorized_public_clip,0,29,0.0007547382175235013,0.0007547409053315635,3.8638869142040495e-05,0.000716102036189523,0.0007933797744736039,2.696824967844135e-09,14327.540571878024
8510,1.0,authorized_public_clip,1,25,0.00032720920313928487,0.0003272027801078381,4.3524472309808375e-05,0.00028367830779802973,0.00037072725241764647,6.571211039070983e-09,6623.508520883196
8510,1.0,authorized_public_clip,2,21,0.001059523495494518,0.0010595269505487837,4.3453932273707274e-05,0.0010160730182750765,0.0011029808828224908,3.458547837808996e-09,12564.213164457924
8510,1.0,authorized_public_clip,3,7,0.0006811950105649316,0.0006811988496541743,3.5653755474588546e-05,0.0006455450941795858,0.0007168526051287629,3.864263225021047e-09,9226.533856112857
8510,1.0,authorized_public_clip,4,3,0.0009689295573499282,0.0009689356852469744,3.839801996617962e-05,0.0009305376652807948,0.001007333705213154,6.156872253567196e-09,6236.611445678836
8510,1.0,authorized_public_clip,5,8,0.000540252059637631,0.0005402555789592589,3.327434972658693e-05,0.000506981229232672,0.0005735299286858458,3.5473642920002277e-09,9380.020484962584
8510,1.0,authorized_public_clip,6,6,0.0007082236884049775,0.0007082274827467372,3.7089436652301065e-05,0.0006711380460944362,0.0007453169193990382,3.8357614315031335e-09,9669.380464510978
8510,1.0,authorized_public_clip,7,15,0.0007842096305004444,0.0007842109289677435,3.733791042137771e-05,0.0007468730185463657,0.0008215488393891212,1.3052348839377363e-09,28606.276832514417
8510,1.0,oracle_bernstein,0,29,0.0007547382175235013,0.0007547409053315635,2.696824967844135e-09,0.0007547382085065956,0.0007547436021565313,2.696824967844135e-09,1.0
8510,1.0,oracle_bernstein,1,25,0.00032720920313928487,0.0003272027801078381,6.571211039070983e-09,0.00032719620889679903,0.0003272093460288724,6.571211039070983e-09,1.0
8510,1.0,oracle_bernstein,2,21,0.001059523495494518,0.0010595269505487837,3.458547837808996e-09,0.0010595234920009458,0.0010595304090966215,3.458547837808996e-09,1.0
8510,1.0,oracle_bernstein,3,7,0.0006811950105649316,0.0006811988496541743,3.864263225021047e-09,0.0006811949853909493,0.0006812027139173994,3.864263225021047e-09,1.0
8510,1.0,oracle_bernstein,4,3,0.0009689295573499282,0.0009689356852469744,6.156872253567196e-09,0.0009689295283747208,0.0009689418421192279,6.156872253567196e-09,1.0
8510,1.0,oracle_bernstein,5,8,0.000540252059637631,0.0005402555789592589,3.5473642920002277e-09,0.000540252031594967,0.0005402591263235509,3.5473642920002277e-09,1.0
8510,1.0,oracle_bernstein,6,6,0.0007082236884049775,0.0007082274827467372,3.8357614315031335e-09,0.0007082236469853057,0.0007082313185081687,3.8357614315031335e-09,1.0
8510,1.0,oracle_bernstein,7,15,0.0007842096305004444,0.0007842109289677435,1.3052348839377363e-09,0.0007842096237328595,0.0007842122342026274,1.3052348839377363e-09,1.0
8511,0.25,authorized_public_clip,0,1,0.00015804655090731606,0.00015804721325418658,5.874035814151567e-07,0.0001574598096727714,0.00015863461683560175,6.62864726870929e-10,886.1590572001189
8511,0.25,authorized_public_clip,1,17,0.00022602675040226528,0.0002260273171909577,6.126465553866269e-07,0.00022541467063557106,0.00022663996374634434,5.669999662967131e-10,1080.505452915718
8511,0.25,authorized_public_clip,2,3,0.00023916656800206722,0.00023916674796153892,5.800092586121471e-07,0.00023858673870292676,0.00023974675722015108,1.8006799834908588e-10,3221.05684480216
8511,0.25,authorized_public_clip,3,28,0.0002087854313663627,0.00020878568972793055,6.289369397076948e-07,0.00020815675278822285,0.00020941462666763824,2.584268362858805e-10,2433.713730148147
8511,0.25,authorized_public_clip,4,25,0.00011573756539927854,0.00011573809202664043,6.591803077710386e-07,0.00011507891171886939,0.00011639727233441147,5.26895713045086e-10,1251.0640938060417
8511,0.25,authorized_public_clip,5,29,0.0001915694096480918,0.00019156985495549783,5.837166665261284e-07,0.0001909861382889717,0.00019215357162202397,4.455830712401249e-10,1310.0063808563393
8511,0.25,authorized_public_clip,6,30,0.00021236333137944485,0.0002123640213073097,6.300843934073013e-07,0.0002117339369139024,0.000212994105700717,6.899599418315109e-10,913.218804753695
8511,0.25,authorized_public_clip,7,7,0.0001619811093662419,0.00016198146877272057,5.378467189134987e-07,0.00016144362205380708,0.00016251931549163406,3.5971903313827883e-10,1495.1856014434081
8511,0.25,oracle_bernstein,0,1,0.00015804655090731606,0.00015804721325418658,6.62864726870929e-10,0.00015804655038945971,0.0001580465521810329,6.62864726870929e-10,1.0
8511,0.25,oracle_bernstein,1,17,0.00022602675040226528,0.0002260273171909577,5.669999662967131e-10,0.0002260267501909914,0.0002260267519825646,5.669999662967131e-10,1.0
8511,0.25,oracle_bernstein,2,3,0.00023916656800206722,0.00023916674796153892,1.8006799834908588e-10,0.00023916656789354056,0.00023916656968511383,1.8006799834908588e-10,1.0
8511,0.25,oracle_bernstein,3,28,0.0002087854313663627,0.00020878568972793055,2.584268362858805e-10,0.00020878543130109427,0.00020878543309266737,2.584268362858805e-10,1.0
8511,0.25,oracle_bernstein,4,25,0.00011573756539927854,0.00011573809202664043,5.26895713045086e-10,0.00011573756513092739,0.00011573756692250057,5.26895713045086e-10,1.0
8511,0.25,oracle_bernstein,5,29,0.0001915694096480918,0.00019156985495549783,4.455830712401249e-10,0.0001915694093724266,0.0001915694111639997,4.455830712401249e-10,1.0
8511,0.25,oracle_bernstein,6,30,0.00021236333137944485,0.0002123640213073097,6.899599418315109e-10,0.00021236333134736786,0.00021236333313894105,6.899599418315109e-10,1.0
8511,0.25,oracle_bernstein,7,7,0.0001619811093662419,0.00016198146877272057,3.5971903313827883e-10,0.00016198110905368745,0.00016198111084526055,3.5971903313827883e-10,1.0
8511,0.5,authorized_public_clip,0,1,0.0003143827861259184,0.00031438807959455195,4.699228651321254e-06,0.0003096888509432307,0.0003190873082458732,5.3019046753513655e-09,886.3283931089969
8511,0.5,authorized_public_clip,1,17,0.0004495616698361161,0.0004495662047541704,4.901172443093015e-06,0.0004446650323110774,0.00045446737719726345,4.5384371639181735e-09,1079.925151781033
8511,0.5,authorized_public_clip,2,3,0.00047715304766067165,0.00047715448752960743,4.640074068897177e-06,0.00047251441346071027,0.0004817945615985046,1.4416373288323929e-09,3218.6139857069693
8511,0.5,authorized_public_clip,3,28,0.0004163447199804347,0.000416346787079358,5.031495517661559e-06,0.00041131529156169643,0.0004213782825970196,2.0682020548611632e-09,2432.787215270086
8511,0.5,authorized_public_clip,4,25,0.00022900003030657575,0.00022900424323230029,5.273442462168309e-06,0.00022373080077013198,0.0002342776856944686,4.217348952343668e-09,1250.4164397488967
8511,0.5,authorized_public_clip,5,29,0.0003816831520892223,0.00038168671268962173,4.669733332209027e-06,0.0003770169793574127,0.00038635644602183077,3.565111503108334e-09,1309.842154484537
8511,0.5,authorized_public_clip,6,30,0.00042129359256502975,0.0004212991120164933,5.040675147258411e-06,0.0004162584368692349,0.0004263397871637517,5.5201337027927995e-09,913.1436698187553
8511,0.5,authorized_public_clip,7,7,0.0003231565073279884,0.00032315937931820526,4.3027737513079895e-06,0.00031885660556689726,0.00032746215306951327,2.8770704715518633e-09,1495.5399229366517
8511,0.5,oracle_bernstein,0,1,0.0003143827861259184,0.00031438807959455195,5.3019046753513655e-09,0.0003143827776898766,0.00031438280721337794,5.3019046753513655e-09,1.0
8511,0.5,oracle_bernstein,1,17,0.0004495616698361161,0.0004495662047541704,4.5384371639181735e-09,0.0004495616663170065,0.00044956169584050784,4.5384371639181735e-09,1.0
8511,0.5,oracle_bernstein,2,3,0.00047715304766067165,0.00047715448752960743,1.4416373288323929e-09,0.0004771530458922786,0.00047715307541577965,1.4416373288323929e-09,1.0
8511,0.5,oracle_bernstein,3,28,0.0004163447199804347,0.000416346787079358,2.0682020548611632e-09,0.00041634471887730314,0.00041634474840080435,2.0682020548611632e-09,1.0
8511,0.5,oracle_bernstein,4,25,0.00022900003030657575,0.00022900424323230029,4.217348952343668e-09,0.00022900002588334794,0.00022900005540684928,4.217348952343668e-09,1.0
8511,0.5,oracle_bernstein,5,29,0.0003816831520892223,0.00038168671268962173,3.565111503108334e-09,0.00038168314757811863,0.0003816831771016197,3.565111503108334e-09,1.0
8511,0.5,oracle_bernstein,6,30,0.00042129359256502975,0.0004212991120164933,5.5201337027927995e-09,0.0004212935918827905,0.00042129362140629154,5.5201337027927995e-09,1.0
8511,0.5,oracle_bernstein,7,7,0.0003231565073279884,0.00032315937931820526,2.8770704715518633e-09,0.0003231565022477337,0.0003231565317712349,2.8770704715518633e-09,1.0
8511,1.0,authorized_public_clip,0,1,0.0006219779796826037,0.0006220202372656525,3.759382921057003e-05,0.0005844264080550824,0.0006596140664762225,4.239783387414886e-08,886.6922145636322
8511,1.0,authorized_public_clip,1,17,0.0008892030997490203,0.0008892393839554646,3.920937954474412e-05,0.0008500300044107205,0.0009284487635002088,3.634545440617616e-08,1078.7973402825662
8511,1.0,authorized_public_clip,2,3,0.0009495993440042369,0.0009496108645672408,3.712059255117741e-05,0.0009124902720160634,0.0009867314571184182,1.1550561711596587e-08,3213.7478226629364
8511,1.0,authorized_public_clip,3,28,0.0008278098699188297,0.0008278264077065112,4.025196414129247e-05,0.0007875744435652187,0.0008680783718478036,1.6557916242613557e-08,2430.980055189539
8511,1.0,authorized_public_clip,4,25,0.0004481402681256968,0.00044817396542945476,4.218753969734647e-05,0.0004059864257321083,0.0004903615051268012,3.377277335649956e-08,1249.1582865292728
8511,1.0,authorized_public_clip,5,29,0.0007575783688515635,0.0007576068203422048,3.735786665767222e-05,0.0007202489536845327,0.000794964686999877,2.852740701152112e-08,1309.543017442308
8511,1.0,authorized_public_clip,6,30,0.0008289220841509884,0.0008289662341545156,4.0325401178067286e-05,0.0007886408329764484,0.0008692916353325829,4.4166842258371416e-08,913.0243213261183
8511,1.0,authorized_public_clip,7,7,0.0006431167037428567,0.0006431396246946441,3.4422190010463916e-05,0.0006087174346841802,0.0006775618147051081,2.300522339373493e-08,1496.2771463387833
8511,1.0,oracle_bernstein,0,1,0.0006219779796826037,0.0006220202372656525,4.239783387414886e-08,0.0006219778394317783,0.0006219783435541396,4.239783387414886e-08,1.0
8511,1.0,oracle_bernstein,1,17,0.0008892030997490203,0.0008892393839554646,3.634545440617616e-08,0.0008892030385010584,0.0008892035426234192,3.634545440617616e-08,1.0
8511,1.0,oracle_bernstein,2,3,0.0009495993440042369,0.0009496108645672408,1.1550561711596587e-08,0.0009495993140055291,0.0009495998181278898,1.1550561711596587e-08,1.0
8511,1.0,oracle_bernstein,3,28,0.0008278098699188297,0.0008278264077065112,1.6557916242613557e-08,0.0008278098497902685,0.0008278103539126292,1.6557916242613557e-08,1.0
8511,1.0,oracle_bernstein,4,25,0.0004481402681256968,0.00044817396542945476,3.377277335649956e-08,0.00044814019265609824,0.00044814069677845923,3.377277335649956e-08,1.0
8511,1.0,oracle_bernstein,5,29,0.0007575783688515635,0.0007576068203422048,2.852740701152112e-08,0.0007575782929351933,0.0007575787970575546,2.852740701152112e-08,1.0
8511,1.0,oracle_bernstein,6,30,0.0008289220841509884,0.0008289662341545156,4.4166842258371416e-08,0.0008289220673122573,0.0008289225714346185,4.4166842258371416e-08,1.0
8511,1.0,oracle_bernstein,7,7,0.0006431167037428567,0.0006431396246946441,2.300522339373493e-08,0.0006431166194712504,0.0006431171235936114,2.300522339373493e-08,1.0
8512,0.25,authorized_public_clip,0,1,0.0001672516620937665,0.00016725191858302235,5.916190399944726e-07,0.00016666029954302787,0.00016784353762301684,2.568640308452669e-10,2303.2381686436265
8512,0.25,authorized_public_clip,1,25,0.00012013090068761088,0.00012013112985803653,6.635546271585455e-07,0.00011946757523087799,0.00012079468448519508,2.2959134673419868e-10,2890.155210974709
8512,0.25,authorized_public_clip,2,16,0.0002009549272036315,0.00020095510918693993,6.145618018723387e-07,0.00020034054738506758,0.00020156967098881228,1.824140106224213e-10,3369.049338783631
8512,0.25,authorized_public_clip,3,29,0.00019471062652767865,0.00019471077108662582,5.879212292396187e-07,0.0001941228498573862,0.00019529869231586544,1.4500552690432062e-10,4054.474624457234
8512,0.25,authorized_public_clip,4,7,0.00016390389513521944,0.0001639040913403722,5.418945483309229e-07,0.00016336219679204128,0.00016444598588870313,1.9635526617981015e-10,2759.765800397169
8512,0.25,authorized_public_clip,5,26,0.00021816825088893593,0.00021816822850884154,6.446585398522559e-07,0.00021752356996898928,0.0002188128870486938,2.2947940643938286e-11,28092.217504603963
8512,0.25,authorized_public_clip,6,5,0.00016060690643151737,0.00016060662786954172,5.33919542344311e-07,0.00016007270832719741,0.00016114054741188602,2.7925573045087307e-10,1911.9376403924452
8512,0.25,authorized_public_clip,7,30,0.00019969670036739095,0.00019969705699363072,6.344067563970758e-07,0.00019906265023723364,0.0002003314637500278,3.5732568835666026e-10,1775.4300266367932
8512,0.25,oracle_bernstein,0,1,0.0001672516620937665,0.00016725191858302235,2.568640308452669e-10,0.00016725166171899152,0.00016725217544705318,2.568640308452669e-10,1.0
8512,0.25,oracle_bernstein,1,25,0.00012013090068761088,0.00012013112985803653,2.2959134673419868e-10,0.0001201309002666898,0.00012013135944938327,2.2959134673419868e-10,1.0
8512,0.25,oracle_bernstein,2,16,0.0002009549272036315,0.00020095510918693993,1.824140106224213e-10,0.0002009549267729293,0.00020095529160095056,1.824140106224213e-10,1.0
8512,0.25,oracle_bernstein,3,29,0.00019471062652767865,0.00019471077108662582,1.4500552690432062e-10,0.00019471062608109892,0.00019471091609215272,1.4500552690432062e-10,1.0
8512,0.25,oracle_bernstein,4,7,0.00016390389513521944,0.0001639040913403722,1.9635526617981015e-10,0.00016390389498510604,0.00016390428769563837,1.9635526617981015e-10,1.0
8512,0.25,oracle_bernstein,5,26,0.00021816825088893593,0.00021816822850884154,2.2947940643938286e-11,0.0002181682055609009,0.00021816825145678218,2.2947940643938286e-11,1.0
8512,0.25,oracle_bernstein,6,5,0.00016060690643151737,0.00016060662786954172,2.7925573045087307e-10,0.00016060634861381128,0.00016060690712527216,2.7925573045087307e-10,1.0
8512,0.25,oracle_bernstein,7,30,0.00019969670036739095,0.00019969705699363072,3.5732568835666026e-10,0.00019969669966794236,0.00019969730533622352,3.5732568835666026e-10,1.0
8512,0.5,authorized_public_clip,0,1,0.0003319657483507645,0.00033196780776861834,4.732952319955781e-06,0.00032723485544866257,0.0003367007600885741,2.0653585516504933e-09,2291.5887007481238
8512,0.5,authorized_public_clip,1,25,0.00023756843099378188,0.00023757027121990015,5.308437017268364e-06,0.0002322618342026318,0.0002428787082371685,1.8469097000501837e-09,2874.2266160192485
8512,0.5,authorized_public_clip,2,16,0.00039931587671777837,0.0003993173411446227,4.91649441497871e-06,0.00039440084672964396,0.0004042338355596014,1.4712704396123994e-09,3341.666006879022
8512,0.5,authorized_public_clip,3,29,0.0003873015575520429,0.00038730272280812494,4.7033698339169495e-06,0.000382599352974208,0.0003920060926420419,1.1723516609939706e-09,4011.9104108482506
8512,0.5,authorized_public_clip,4,7,0.0003267841006579357,0.0003267856722553586,4.3351563866473835e-06,0.0003224505158687112,0.000331120828642006,1.573952284121004e-09,2754.3124593947987
8512,0.5,authorized_public_clip,5,26,0.00043479056925939586,0.00043479039974525513,5.157268318818047e-06,0.0004296331314264371,0.0004399476680640732,1.7858483290677205e-10,28878.534839015883
8512,0.5,authorized_public_clip,6,5,0.0003201922726834418,0.00032019005495431685,4.271356338754488e-06,0.00031591869861556237,0.00032446141129307133,2.228858783522405e-09,1916.3871530722085
8512,0.5,authorized_public_clip,7,30,0.00039781991413964624,0.00039782275868366357,5.075254051176606e-06,0.000392747504632487,0.00040289801273484015,2.8557706207798248e-09,1777.1924727591418
8512,0.5,oracle_bernstein,0,1,0.0003319657483507645,0.00033196780776861834,2.0653585516504933e-09,0.0003319657424100667,0.00033196987312717,2.0653585516504933e-09,1.0
8512,0.5,oracle_bernstein,1,25,0.00023756843099378188,0.00023757027121990015,1.8469097000501837e-09,0.0002375684243102001,0.0002375721181296002,1.8469097000501837e-09,1.0
8512,0.5,oracle_bernstein,2,16,0.00039931587671777837,0.0003993173411446227,1.4712704396123994e-09,0.00039931586987418307,0.0003993188124150623,1.4712704396123994e-09,1.0
8512,0.5,oracle_bernstein,3,29,0.0003873015575520429,0.00038730272280812494,1.1723516609939706e-09,0.00038730155045646394,0.00038730389515978595,1.1723516609939706e-09,1.0
8512,0.5,oracle_bernstein,4,7,0.0003267841006579357,0.0003267856722553586,1.573952284121004e-09,0.0003267840983030745,0.0003267872462076427,1.573952284121004e-09,1.0
8512,0.5,oracle_bernstein,5,26,0.00043479056925939586,0.00043479039974525513,1.7858483290677205e-10,0.0004347902211604222,0.00043479057833008803,1.7858483290677205e-10,1.0
8512,0.5,oracle_bernstein,6,5,0.0003201922726834418,0.00032019005495431685,2.228858783522405e-09,0.00032018782609553333,0.00032019228381310037,2.228858783522405e-09,1.0
8512,0.5,oracle_bernstein,7,30,0.00039781991413964624,0.00039782275868366357,2.8557706207798248e-09,0.0003978199029130428,0.00039782473774484326,2.8557706207798248e-09,1.0
8512,1.0,authorized_public_clip,0,1,0.0006538103252116462,0.0006538269192052915,3.7863618559646246e-05,0.0006159633006456452,0.0006916905377649377,1.6687791223753517e-08,2268.941290789335
8512,1.0,authorized_public_clip,1,25,0.00046439074041188314,0.0004644055707285766,4.2467496138146915e-05,0.00042193807459042966,0.0005068730668667234,1.493610237422626e-08,2843.278324834518
8512,1.0,authorized_public_clip,2,16,0.0007882790053785887,0.0007882908566160252,3.933195531982968e-05,0.0007489589012961955,0.0008276228119358548,1.1959731391216304e-08,3288.698887394462
8512,1.0,authorized_public_clip,3,29,0.0007661413657300718,0.0007661508273820172,3.7626958671335596e-05,0.0007285238687106816,0.0008037777860533528,9.574121496402829e-09,3930.0690601714973
8512,1.0,authorized_public_clip,4,7,0.0006494916813886692,0.0006495042845663934,3.468125109317907e-05,0.0006148230334732143,0.0006841855356595725,1.2639957266842965e-08,2743.77914110158
8512,1.0,authorized_public_clip,5,26,0.0008634008208202909,0.000863399616989835,4.1258146550544375e-05,0.0008221414704392907,0.0009046577635403794,1.3487483545422311e-09,30589.951351264113
8512,1.0,authorized_public_clip,6,5,0.000636286364396001,0.0006362687959614033,3.4170850710035903e-05,0.0006020979452513674,0.0006704396466714392,1.7747791792554955e-08,1925.3578760356136
8512,1.0,authorized_public_clip,7,30,0.0007893877320594683,0.0007894103510019401,4.060203240941285e-05,0.0007488083185925273,0.000830012383411353,2.2800136908903254e-08,1780.7802019626517
8512,1.0,oracle_bernstein,0,1,0.0006538103252116462,0.0006538269192052915,1.6687791223753517e-08,0.0006538102314140677,0.0006538436069965152,1.6687791223753517e-08,1.0
8512,1.0,oracle_bernstein,1,25,0.00046439074041188314,0.0004644055707285766,1.493610237422626e-08,0.00046439063462620236,0.0004644205068309508,1.493610237422626e-08,1.0
8512,1.0,oracle_bernstein,2,16,0.0007882790053785887,0.0007882908566160252,1.1959731391216304e-08,0.000788278896884634,0.0007883028163474164,1.1959731391216304e-08,1.0
8512,1.0,oracle_bernstein,3,29,0.0007661413657300718,0.0007661508273820172,9.574121496402829e-09,0.0007661412532605209,0.0007661604015035136,9.574121496402829e-09,1.0
8512,1.0,oracle_bernstein,4,7,0.0006494916813886692,0.0006495042845663934,1.2639957266842965e-08,0.0006494916446091266,0.0006495169245236603,1.2639957266842965e-08,1.0
8512,1.0,oracle_bernstein,5,26,0.0008634008208202909,0.000863399616989835,1.3487483545422311e-09,0.0008633982682414805,0.0008634009657381896,1.3487483545422311e-09,1.0
8512,1.0,oracle_bernstein,6,5,0.000636286364396001,0.0006362687959614033,1.7747791792554955e-08,0.0006362510481696108,0.0006362865437531958,1.7747791792554955e-08,1.0
8512,1.0,oracle_bernstein,7,30,0.0007893877320594683,0.0007894103510019401,2.2800136908903254e-08,0.0007893875508650312,0.0007894260581909765,2.2800136908903254e-08,1.0
8513,0.25,authorized_public_clip,0,25,8.35609983410235e-05,8.356098840311965e-05,6.537396704640635e-07,8.290724873265559e-05,8.421472807358371e-05,1.0029367025682885e-11,65182.545298221485
8513,0.25,authorized_public_clip,1,15,0.00017659222504150696,0.00017659233144406983,5.586264318168883e-07,0.00017603370501225295,0.0001771509578758867,1.065037880701545e-10,5245.132045903557
8513,0.25,authorized_public_clip,2,27,0.00023320740885301246,0.00023320745164356893,6.166850299279573e-07,0.00023259076661364097,0.0002338241366734969,4.282642838870049e-11,14399.637166349976
8513,0.25,authorized_public_clip,3,30,0.0001823228640943521,0.00018232297585157875,6.247339466485547e-07,0.0001816982419049302,0.0001829477097982273,1.1184181438742056e-10,5585.870991724736
8513,0.25,authorized_public_clip,4,28,0.00020750805884420687,0.00020750813320302708,6.235904229964663e-07,0.00020688454278003062,0.00020813172362602354,7.446436140285818e-11,8374.347288400044
8513,0.25,authorized_public_clip,5,23,0.0002195629104153535,0.00021956286193963725,6.120390297109997e-07,0.00021895082290992625,0.00022017490096934826,4.865737522518304e-11,12578.545942491235
8513,0.25,authorized_public_clip,6,22,0.0001367793146680915,0.00013677918861432214,5.497274380218428e-07,0.0001362294611763003,0.000137328916052344,1.261021480420867e-10,4359.382029228961
8513,0.25,authorized_public_clip,7,1,0.00014997415679495632,0.0001499741612062122,5.822178956061402e-07,0.00014939194331060608,0.00015055637910181834,4.520384866341625e-12,128798.30209619577
8513,0.25,oracle_bernstein,0,25,8.35609983410235e-05,8.356098840311965e-05,1.0029367025682885e-11,8.356097837375263e-05,8.356099843248668e-05,1.0029367025682885e-11,1.0
8513,0.25,oracle_bernstein,1,15,0.00017659222504150696,0.00017659233144406983,1.065037880701545e-10,0.00017659222494028175,0.0001765924379478579,1.065037880701545e-10,1.0
8513,0.25,oracle_bernstein,2,27,0.00023320740885301246,0.00023320745164356893,4.282642838870049e-11,0.00023320740881714055,0.00023320749446999731,4.282642838870049e-11,1.0
8513,0.25,oracle_bernstein,3,30,0.0001823228640943521,0.00018232297585157875,1.1184181438742056e-10,0.00018232286400976438,0.00018232308769339312,1.1184181438742056e-10,1.0
8513,0.25,oracle_bernstein,4,28,0.00020750805884420687,0.00020750813320302708,7.446436140285818e-11,0.00020750805873866567,0.00020750820766738849,7.446436140285818e-11,1.0
8513,0.25,oracle_bernstein,5,23,0.0002195629104153535,0.00021956286193963725,4.865737522518304e-11,0.00021956281328226203,0.00021956291059701248,4.865737522518304e-11,1.0
8513,0.25,oracle_bernstein,6,22,0.0001367793146680915,0.00013677918861432214,1.261021480420867e-10,0.0001367790625121741,0.00013677931471647018,1.261021480420867e-10,1.0
8513,0.25,oracle_bernstein,7,1,0.00014997415679495632,0.0001499741612062122,4.520384866341625e-12,0.00014997415668582736,0.00014997416572659706,4.520384866341625e-12,1.0
8513,0.5,authorized_public_clip,0,25,0.0001660877779270334,0.00016608769783799104,5.229917363712508e-06,0.00016085778047427853,0.00017131761520170356,8.154752878881546e-11,64133.364203549114
8513,0.5,authorized_public_clip,1,15,0.00035185723931038663,0.0003518580889953493,4.4690114545351064e-06,0.0003473890775408142,0.00035632710044988445,8.512862089914703e-10,5249.716731379452
8513,0.5,authorized_public_clip,2,27,0.00046612214988474846,0.0004661224909020545,4.933480239423658e-06,0.0004611890106626308,0.00047105597114147817,3.4157937669468455e-10,14443.144334891662
8513,0.5,authorized_public_clip,3,30,0.0003624242410032741,0.0003624251328329664,4.997871573188438e-06,0.000357427261259778,0.0003674230044061548,8.931508318709431e-10,5595.775534037247
8513,0.5,authorized_public_clip,4,28,0.0004131926243538033,0.00041319321718019664,4.988723383971731e-06,0.0004082044937962249,0.0004181819405641684,5.944938993528721e-10,8391.546808810208
8513,0.5,authorized_public_clip,5,23,0.0004388497659069114,0.00043884937570692895,4.896312237687998e-06,0.00043395306346924093,0.00044374568794461696,3.930760539874832e-10,12456.39918285104
8513,0.5,authorized_public_clip,6,22,0.00027338657016118565,0.00027338556120509727,4.397819504174742e-06,0.0002689877417009225,0.00027778338070927203,1.0096940883977488e-09,4355.595971799242
8513,0.5,authorized_public_clip,7,1,0.0002992109216085942,0.00029921095637658324,4.6577431648491215e-06,0.0002945532132117341,0.0003038686995414324,3.6504540930728685e-11,127593.52798567424
8513,0.5,oracle_bernstein,0,25,0.0001660877779270334,0.00016608769783799104,8.154752878881546e-11,0.00016608761629046225,0.00016608777938551984,8.154752878881546e-11,1.0
8513,0.5,oracle_bernstein,1,15,0.00035185723931038663,0.0003518580889953493,8.512862089914703e-10,0.0003518572377091403,0.0003518589402815583,8.512862089914703e-10,1.0
8513,0.5,oracle_bernstein,2,27,0.00046612214988474846,0.0004661224909020545,3.4157937669468455e-10,0.0004661221493226778,0.0004661228324814312,3.4157937669468455e-10,1.0
8513,0.5,oracle_bernstein,3,30,0.0003624242410032741,0.0003624251328329664,8.931508318709431e-10,0.0003624242396821345,0.0003624260259837983,8.931508318709431e-10,1.0
8513,0.5,oracle_bernstein,4,28,0.0004131926243538033,0.00041319321718019664,5.944938993528721e-10,0.00041319262268629727,0.000413193811674096,5.944938993528721e-10,1.0
8513,0.5,oracle_bernstein,5,23,0.0004388497659069114,0.00043884937570692895,3.930760539874832e-10,0.000438848982630875,0.0004388497687829829,3.930760539874832e-10,1.0
8513,0.5,oracle_bernstein,6,22,0.00027338657016118565,0.00027338556120509727,1.0096940883977488e-09,0.0002733845515110089,0.00027338657089918565,1.0096940883977488e-09,1.0
8513,0.5,oracle_bernstein,7,1,0.0002992109216085942,0.00029921095637658324,3.6504540930728685e-11,0.0002992109198720423,0.00029921099288112416,3.6504540930728685e-11,1.0
8513,1.0,authorized_public_clip,0,25,0.00032805246110701597,0.00032805181099787584,4.1839338909700065e-05,0.0002862124720881758,0.0003698911499075759,6.73778885336809e-10,62096.542085591456
8513,1.0,authorized_public_clip,1,15,0.0006984262499310436,0.0006984330225380808,3.575209163628085e-05,0.0006626809309018,0.0007341851141743616,6.798109076466748e-09,5259.122975835313
8513,1.0,authorized_public_clip,2,27,0.0009310832425770998,0.0009310859497245194,3.9467841915389266e-05,0.0008916181078091302,0.0009705537916399087,2.7162702465646886e-09,14530.160231775499
8513,1.0,authorized_public_clip,3,30,0.0007159937635924554,0.0007160008623796066,3.99829725855075e-05,0.0006760178897940991,0.0007559838349651141,7.119575985114953e-09,5615.920480250614
8513,1.0,authorized_public_clip,4,28,0.0008191122532903258,0.0008191169630170636,3.9909787071773845e-05,0.0007792071759452898,0.0008590267500888374,4.736317838727107e-09,8426.332106651791
8513,1.0,authorized_public_clip,5,23,0.0008765958163136137,0.0008765926567715909,3.917049790150398e-05,0.000837422158870087,0.0009157631546730949,3.2052632223055497e-09,12220.680544710021
8513,1.0,authorized_public_clip,6,22,0.0005460818494450062,0.0005460737698347318,3.518255603339794e-05,0.0005108912138013338,0.0005812563258681297,8.090871677139133e-09,4348.425909757872
8513,1.0,authorized_public_clip,7,1,0.0005954866238145372,0.0005954868934393565,3.726194531879297e-05,0.0005582249481205635,0.0006327488387581494,2.9761500751245526e-10,125201.8358557861
8513,1.0,oracle_bernstein,0,25,0.00032805246110701597,0.00032805181099787584,6.73778885336809e-10,0.0003280511372189905,0.00032805248477676117,6.73778885336809e-10,1.0
8513,1.0,oracle_bernstein,1,15,0.0006984262499310436,0.0006984330225380808,6.798109076466748e-09,0.0006984262244290044,0.0006984398206471572,6.798109076466748e-09,1.0
8513,1.0,oracle_bernstein,2,27,0.0009310832425770998,0.0009310859497245194,2.7162702465646886e-09,0.0009310832334542728,0.000931088665994766,2.7162702465646886e-09,1.0
8513,1.0,oracle_bernstein,3,30,0.0007159937635924554,0.0007160008623796066,7.119575985114953e-09,0.0007159937428036215,0.0007160079819555917,7.119575985114953e-09,1.0
8513,1.0,oracle_bernstein,4,28,0.0008191122532903258,0.0008191169630170636,4.736317838727107e-09,0.0008191122266992249,0.0008191216993349023,4.736317838727107e-09,1.0
8513,1.0,oracle_bernstein,5,23,0.0008765958163136137,0.0008765926567715909,3.2052632223055497e-09,0.0008765894515083687,0.0008765958620348132,3.2052632223055497e-09,1.0
8513,1.0,oracle_bernstein,6,22,0.0005460818494450062,0.0005460737698347318,8.090871677139133e-09,0.0005460656789630546,0.0005460818607064089,8.090871677139133e-09,1.0
8513,1.0,oracle_bernstein,7,1,0.0005954866238145372,0.0005954868934393565,2.9761500751245526e-10,0.000595486595824349,0.000595487191054364,2.9761500751245526e-10,1.0
8514,0.25,authorized_public_clip,0,21,0.00027469809130653946,0.0002746981354543876,6.841146489119206e-07,0.00027401402080547566,0.0002753822501032995,4.4366955353953277e-11,15419.463505082802
8514,0.25,authorized_public_clip,1,17,0.00021632264471081123,0.0002163228529039607,6.38054286792308e-07,0.00021568479861716839,0.000216960907190753,2.0835081887910928e-10,3062.4035471755174
8514,0.25,authorized_public_clip,2,5,0.0001844604253249523,0.00018446062752064396,5.536245889675024e-07,0.00018390700293167647,0.00018501425210961145,2.023853685231934e-10,2735.4971014322955
8514,0.25,authorized_public_clip,3,8,0.00014618004999419443,0.0001461801726307388,5.243882844692893e-07,0.0001456557843462695,0.00014670456091520808,1.2270854782643207e-10,4273.445442537731
8514,0.25,authorized_public_clip,4,3,0.00025053891082703166,0.00025053910909134114,6.048356502486166e-07,0.0002499342734410925,0.00025114394474158976,1.9863943903067394e-10,3044.8920576906066
8514,0.25,authorized_public_clip,5,15,0.00021031435186935716,0.00021031455209397087,5.881992042749987e-07,0.00020972635288969588,0.00021090275129824587,2.0070315859628135e-10,2930.692313907096
8514,0.25,authorized_public_clip,6,22,0.00016176256087378231,0.00016176270799656,5.790633508772205e-07,0.00016118364464568277,0.00016234177134743724,1.4739633667669966e-10,3928.614265002683
8514,0.25,authorized_public_clip,7,16,0.0001974969596677671,0.0001974971465794617,6.356540068932664e-07,0.00019686149257256845,0.00019813280058635497,1.870900664612546e-10,3397.582880355153
8514,0.25,oracle_bernstein,0,21,0.00027469809130653946,0.0002746981354543876,4.4366955353953277e-11,0.0002746980910874322,0.0002746980930314947,4.4366955353953277e-11,1.0
8514,0.25,oracle_bernstein,1,17,0.00021632264471081123,0.0002163228529039607,2.0835081887910928e-10,0.0002163226445531418,0.00021632264649720442,2.0835081887910928e-10,1.0
8514,0.25,oracle_bernstein,2,5,0.0001844604253249523,0.00018446062752064396,2.023853685231934e-10,0.00018446042513527543,0.00018446042707933805,2.023853685231934e-10,1.0
8514,0.25,oracle_bernstein,3,8,0.00014618004999419443,0.0001461801726307388,1.2270854782643207e-10,0.00014618004992219096,0.00014618005186625357,1.2270854782643207e-10,1.0
8514,0.25,oracle_bernstein,4,3,0.00025053891082703166,0.00025053910909134114,1.9863943903067394e-10,0.0002505389104519021,0.00025053891239596457,1.9863943903067394e-10,1.0
8514,0.25,oracle_bernstein,5,15,0.00021031435186935716,0.00021031455209397087,2.0070315859628135e-10,0.00021031435139081227,0.0002103143533348749,2.0070315859628135e-10,1.0
8514,0.25,oracle_bernstein,6,22,0.00016176256087378231,0.00016176270799656,1.4739633667669966e-10,0.00016176256060022333,0.00016176256254428587,1.4739633667669966e-10,1.0
8514,0.25,oracle_bernstein,7,16,0.0001974969596677671,0.0001974971465794617,1.870900664612546e-10,0.00019749695948939527,0.00019749696143345772,1.870900664612546e-10,1.0
8514,0.5,authorized_public_clip,0,21,0.0005485862820944752,0.0005485866391757299,5.4729171912953646e-06,0.0005431137219844346,0.0005540595563670252,3.6051426738710077e-10,15180.86158132222
8514,0.5,authorized_public_clip,1,17,0.0004316043356425516,0.0004316060049898707,5.104434294338464e-06,0.0004265015706955322,0.00043671043928420914,1.6717715553226382e-09,3053.3084966584147
8514,0.5,authorized_public_clip,2,5,0.00036689026302973285,0.000366891885432985,4.4289967117400195e-06,0.000362462888721245,0.000371320882144725,1.6253557026797342e-09,2724.9399651029644
8514,0.5,authorized_public_clip,3,8,0.00029111761897340283,0.0002911186027327317,4.195106275754314e-06,0.0002869234964569774,0.00029531370900848605,9.848560493648153e-10,4259.613654665528
8514,0.5,authorized_public_clip,4,3,0.0004992590249707945,0.0004992606180250769,4.838685201988933e-06,0.000494421932823088,0.0005040993032270659,1.5989538405017478e-09,3026.1569029851203
8514,0.5,authorized_public_clip,5,15,0.0004189032855480624,0.0004189048944331919,4.7055936341999894e-06,0.0004141993007989919,0.0004236104880673919,1.6164356157883834e-09,2911.092522484994
8514,0.5,authorized_public_clip,6,22,0.00032183639593811887,0.00032183757725395834,4.632506807017764e-06,0.0003172050704469406,0.0003264700840609761,1.1856261166027695e-09,3907.2239908914157
8514,0.5,authorized_public_clip,7,16,0.00039405704975409636,0.0003940585489509707,5.085232055146131e-06,0.00038897331689582455,0.00039914378100611684,1.501954635537253e-09,3385.7427746658477
8514,0.5,oracle_bernstein,0,21,0.0005485862820944752,0.0005485866391757299,3.6051426738710077e-10,0.0005485862786614625,0.0005485863090859654,3.6051426738710077e-10,1.0
8514,0.5,oracle_bernstein,1,17,0.0004316043356425516,0.0004316060049898707,1.6717715553226382e-09,0.00043160433321831534,0.00043160436364281804,1.6717715553226382e-09,1.0
8514,0.5,oracle_bernstein,2,5,0.00036689026302973285,0.000366891885432985,1.6253557026797342e-09,0.00036689026007728233,0.0003668902905017849,1.6253557026797342e-09,1.0
8514,0.5,oracle_bernstein,3,8,0.00029111761897340283,0.0002911186027327317,9.848560493648153e-10,0.00029111761787668235,0.0002911176483011849,9.848560493648153e-10,1.0
8514,0.5,oracle_bernstein,4,3,0.0004992590249707945,0.0004992606180250769,1.5989538405017478e-09,0.0004992590190712364,0.0004992590494957393,1.5989538405017478e-09,1.0
8514,0.5,oracle_bernstein,5,15,0.0004189032855480624,0.0004189048944331919,1.6164356157883834e-09,0.0004189032779975761,0.00041890330842207866,1.6164356157883834e-09,1.0
8514,0.5,oracle_bernstein,6,22,0.00032183639593811887,0.00032183757725395834,1.1856261166027695e-09,0.00032183639162784174,0.0003218364220523443,1.1856261166027695e-09,1.0
8514,0.5,oracle_bernstein,7,16,0.00039405704975409636,0.0003940585489509707,1.501954635537253e-09,0.00039405704699633517,0.0003940570774208377,1.501954635537253e-09,1.0
8514,1.0,authorized_public_clip,0,21,0.0010939458999294663,0.0010939488176811563,4.3783337530362916e-05,0.0010501654801507933,0.0011377321552115192,2.9709257469552248e-09,14737.270891147176
8514,1.0,authorized_public_clip,1,17,0.0008590660504760306,0.0008590794640303545,4.083547435470771e-05,0.0008182439896756468,0.0008999149383850622,1.3449673024249777e-08,3036.1685582304717
8514,1.0,authorized_public_clip,2,5,0.0007256721582433633,0.0007256852134664427,3.5431973693920156e-05,0.0006902532397725225,0.0007611171871603628,1.3100360759950685e-08,2704.6563329950263
8514,1.0,authorized_public_clip,3,8,0.0005772723449134234,0.0005772802569355973,3.356085020603451e-05,0.0005437194067295627,0.0006108411071416318,7.928342353805973e-09,4233.02232779135
8514,1.0,authorized_public_clip,4,3,0.0009912619815561634,0.0009912748350530687,3.8709481615911463e-05,0.0009525653534371572,0.0010299843166689802,1.2945089926722788e-08,2990.2829439603015
8514,1.0,authorized_public_clip,5,15,0.0008309287504074482,0.0008309417326639035,3.7644749073599916e-05,0.0007932969835903036,0.0008685864817375034,1.3100090402140471e-08,2873.625136773789
8514,1.0,authorized_public_clip,6,22,0.0006369286941904957,0.000636938213048388,3.706005445614211e-05,0.000599878158592246,0.0006739982675045301,9.586125764352871e-09,3866.009623403258
8514,1.0,authorized_public_clip,7,16,0.0007843867022280568,0.0007843987561948484,4.068185644116905e-05,0.0007437168997536794,0.0008250806126360175,1.2095367190105024e-08,3363.4246734113253
8514,1.0,oracle_bernstein,0,21,0.0010939458999294663,0.0010939488176811563,2.9709257469552248e-09,0.0010939458467554093,0.0010939463156012675,2.9709257469552248e-09,1.0
8514,1.0,oracle_bernstein,1,17,0.0008590660504760306,0.0008590794640303545,1.3449673024249777e-08,0.0008590660143573302,0.0008590664832031879,1.3449673024249777e-08,1.0
8514,1.0,oracle_bernstein,2,5,0.0007256721582433633,0.0007256852134664427,1.3100360759950685e-08,0.0007256721131056827,0.0007256725819515409,1.3100360759950685e-08,1.0
8514,1.0,oracle_bernstein,3,8,0.0005772723449134234,0.0005772802569355973,7.928342353805973e-09,0.0005772723285932434,0.0005772727974391011,7.928342353805973e-09,1.0
8514,1.0,oracle_bernstein,4,3,0.0009912619815561634,0.0009912748350530687,1.2945089926722788e-08,0.000991261889963142,0.0009912623588089996,1.2945089926722788e-08,1.0
8514,1.0,oracle_bernstein,5,15,0.0008309287504074482,0.0008309417326639035,1.3100090402140471e-08,0.0008309286325735014,0.0008309291014193592,1.3100090402140471e-08,1.0
8514,1.0,oracle_bernstein,6,22,0.0006369286941904957,0.000636938213048388,9.586125764352871e-09,0.0006369286269226237,0.0006369290957684813,9.586125764352871e-09,1.0
8514,1.0,oracle_bernstein,7,16,0.0007843867022280568,0.0007843987561948484,1.2095367190105024e-08,0.0007843866608276583,0.000784387129673516,1.2095367190105024e-08,1.0
8515,0.25,authorized_public_clip,0,22,0.00013528625623725573,0.00013528614786212367,5.552818485915675e-07,0.0001347308660135321,0.00013584142971071524,1.0855116885358283e-10,5115.39262502598
8515,0.25,authorized_public_clip,1,17,0.00021018446586222855,0.0002101845965373772,6.132013497777654e-07,0.00020957139518759944,0.00021079779788715495,1.3082807139844277e-10,4687.077805421691
8515,0.25,authorized_public_clip,2,23,0.0002193514134124784,0.00021935137709860886,6.179017178844126e-07,0.00021873347538072446,0.00021996927881649326,3.642976741002018e-11,16961.4510828432
8515,0.25,authorized_public_clip,3,16,0.0001906845662728808,0.00019068467538441158,6.108380313693985e-07,0.00019007383735304218,0.000191295513415781,1.0925638251882473e-10,5590.868169776278
8515,0.25,authorized_public_clip,4,25,9.483393127320336e-05,9.483407479465855e-05,6.597599906693978e-07,9.417431480398915e-05,9.549383478532796e-05,1.437088234189926e-10,4590.949775893883
8515,0.25,authorized_public_clip,5,29,0.00018079385066644424,0.0001807939343083098,5.842544906195786e-07,0.00018020967981769023,0.0001813781887989294,8.36721810947577e-11,6982.661178127026
8515,0.25,authorized_public_clip,6,27,0.00023647983753179194,0.00023647996406056526,6.22567258590509e-07,0.00023585739680197476,0.00023710253131915577,1.266687318589871e-10,4914.924539416537
8515,0.25,authorized_public_clip,7,14,9.90517528306921e-05,9.905189258463398e-05,5.578502385078227e-07,9.849404234612615e-05,9.960974282314181e-05,1.4009040304085136e-10,3982.0731927307656
8515,0.25,oracle_bernstein,0,22,0.00013528625623725573,0.00013528614786212367,1.0855116885358283e-10,0.00013528603931095483,0.00013528625641329251,1.0855116885358283e-10,1.0
8515,0.25,oracle_bernstein,1,17,0.00021018446586222855,0.0002101845965373772,1.3082807139844277e-10,0.00021018446570930581,0.00021018472736544858,1.3082807139844277e-10,1.0
8515,0.25,oracle_bernstein,2,23,0.0002193514134124784,0.00021935137709860886,3.642976741002018e-11,0.00021935134066884145,0.00021935141352837626,3.642976741002018e-11,1.0
8515,0.25,oracle_bernstein,3,16,0.0001906845662728808,0.00019068467538441158,1.0925638251882473e-10,0.00019068456612802908,0.0001906847846407941,1.0925638251882473e-10,1.0
8515,0.25,oracle_bernstein,4,25,9.483393127320336e-05,9.483407479465855e-05,1.437088234189926e-10,9.483393108583513e-05,9.483421850348197e-05,1.437088234189926e-10,1.0
8515,0.25,oracle_bernstein,5,29,0.00018079385066644424,0.0001807939343083098,8.36721810947577e-11,0.00018079385063612873,0.0001807940179804909,8.36721810947577e-11,1.0
8515,0.25,oracle_bernstein,6,27,0.00023647983753179194,0.00023647996406056526,1.266687318589871e-10,0.00023647983739183342,0.0002364800907292971,1.266687318589871e-10,1.0
8515,0.25,oracle_bernstein,7,14,9.90517528306921e-05,9.905189258463398e-05,1.4009040304085136e-10,9.905175249423095e-05,9.905203267503702e-05,1.4009040304085136e-10,1.0
8515,0.5,authorized_public_clip,0,22,0.0002710196029846779,0.00027101873422347156,4.44225478873254e-06,0.000266576479434739,0.0002754609890122041,8.715389899252679e-10,5097.023587107045
8515,0.5,authorized_public_clip,1,17,0.00041819263793720877,0.0004181936844876999,4.905610798222123e-06,0.00041328807368947774,0.00042309929528592204,1.048986324529165e-09,4676.525025647016
8515,0.5,authorized_public_clip,2,23,0.00043889611191304836,0.00043889581950457,4.943213743075301e-06,0.0004339526057614947,0.0004438390332476453,2.942375240343748e-10,16800.079321282632
8515,0.5,authorized_public_clip,3,16,0.00037951649452933425,0.00037951736862590346,4.886704250955188e-06,0.00037463066437494827,0.00038440407287685866,8.764009156021405e-10,5575.87761943143
8515,0.5,authorized_public_clip,4,25,0.00018783569845242932,0.00018783684635770292,5.278079925355182e-06,0.00018255876643234775,0.0001931149262830581,1.150886923599058e-09,4586.0977452498555
8515,0.5,authorized_public_clip,5,29,0.0003601844808848196,0.00036018515126146067,4.674035924956629e-06,0.00035551111533650405,0.0003648591871864173,6.708504500647553e-10,6967.329193124127
8515,0.5,authorized_public_clip,6,27,0.00047140230311414213,0.000471403315816743,4.980538068724072e-06,0.0004664227777480189,0.0004763838538854671,1.0149375237133169e-09,4907.236112920477
8515,0.5,authorized_public_clip,7,14,0.00019731290668480625,0.00019731402120770625,4.462801908062582e-06,0.00019285121929964367,0.00020177682311576882,1.1198851483780105e-09,3985.053212399768
8515,0.5,oracle_bernstein,0,22,0.0002710196029846779,0.00027101873422347156,8.715389899252679e-10,0.00027101786268448165,0.00027101960576246146,8.715389899252679e-10,1.0
8515,0.5,oracle_bernstein,1,17,0.00041819263793720877,0.0004181936844876999,1.048986324529165e-09,0.0004181926355013754,0.0004181947334740244,1.048986324529165e-09,1.0
8515,0.5,oracle_bernstein,2,23,0.00043889611191304836,0.00043889581950457,2.942375240343748e-10,0.00043889552526704597,0.00043889611374209407,2.942375240343748e-10,1.0
8515,0.5,oracle_bernstein,3,16,0.00037951649452933425,0.00037951736862590346,8.764009156021405e-10,0.00037951649222498786,0.00037951824502681906,8.764009156021405e-10,1.0
8515,0.5,oracle_bernstein,4,25,0.00018783569845242932,0.00018783684635770292,1.150886923599058e-09,0.00018783569547077932,0.00018783799724462653,1.150886923599058e-09,1.0
8515,0.5,oracle_bernstein,5,29,0.0003601844808848196,0.00036018515126146067,6.708504500647553e-10,0.0003601844804110106,0.00036018582211191073,6.708504500647553e-10,1.0
8515,0.5,oracle_bernstein,6,27,0.00047140230311414213,0.000471403315816743,1.0149375237133169e-09,0.00047140230087921927,0.0004714043307542667,1.0149375237133169e-09,1.0
8515,0.5,oracle_bernstein,7,14,0.00019731290668480625,0.00019731402120770625,1.1198851483780105e-09,0.00019731290132255787,0.00019731514109285462,1.1198851483780105e-09,1.0
8515,1.0,authorized_public_clip,0,22,0.0005438222274682726,0.0005438152496998749,3.553803830986032e-05,0.0005082772113900147,0.0005793532880097352,7.021512020758691e-09,5061.30847669194
8515,1.0,authorized_public_clip,1,17,0.0008277003539410585,0.0008277087442901121,3.9244886385776984e-05,0.0007884638579043351,0.0008669536306758891,8.429412169075254e-09,4655.708559341017
8515,1.0,authorized_public_clip,2,23,0.0008785655884681689,0.0008785632191106174,3.954570994460241e-05,0.000839017509166015,0.0009181089290552199,2.3983782005446252e-09,16488.521258082794
8515,1.0,authorized_public_clip,3,16,0.0007516394476121676,0.000751646459281663,3.9093634007641505e-05,0.0007125528252740214,0.0007907400932893045,7.0486077908307855e-09,5546.291575266345
8515,1.0,authorized_public_clip,4,25,0.0003683619562267099,0.0003683711348589358,4.222463940284146e-05,0.00032614649545609437,0.00041059577426177723,9.226343819375807e-09,4576.530013348028
8515,1.0,authorized_public_clip,5,29,0.0007147689268797374,0.0007147743093988135,3.739228739965303e-05,0.0006773820219991604,0.0007521665967984665,5.39028557054632e-09,6936.977069261883
8515,1.0,authorized_public_clip,6,27,0.0009365896628752187,0.0009365977716950247,3.984430454979258e-05,0.0008967534671452321,0.0009764420762448172,8.144782756443584e-09,4892.003352486049
8515,1.0,authorized_public_clip,7,14,0.00039148075134348476,0.0003914896111416044,3.5702415264500654e-05,0.00035578719587710375,0.00042719202640610507,8.945525987424849e-09,3991.0917831650413
8515,1.0,oracle_bernstein,0,22,0.0005438222274682726,0.0005438152496998749,7.021512020758691e-09,0.0005438082281878541,0.0005438222712118957,7.021512020758691e-09,1.0
8515,1.0,oracle_bernstein,1,17,0.0008277003539410585,0.0008277087442901121,8.429412169075254e-09,0.0008277003148779431,0.0008277171737022811,8.429412169075254e-09,1.0
8515,1.0,oracle_bernstein,2,23,0.0008785655884681689,0.0008785632191106174,2.3983782005446252e-09,0.0008785608207324168,0.000878565617488818,2.3983782005446252e-09,1.0
8515,1.0,oracle_bernstein,3,16,0.0007516394476121676,0.000751646459281663,7.0486077908307855e-09,0.0007516394106738721,0.0007516535078894538,7.0486077908307855e-09,1.0
8515,1.0,oracle_bernstein,4,25,0.0003683619562267099,0.0003683711348589358,9.226343819375807e-09,0.00036836190851511643,0.00036838036120275517,9.226343819375807e-09,1.0
8515,1.0,oracle_bernstein,5,29,0.0007147689268797374,0.0007147743093988135,5.39028557054632e-09,0.0007147689191132429,0.000714779699684384,5.39028557054632e-09,1.0
8515,1.0,oracle_bernstein,6,27,0.0009365896628752187,0.0009365977716950247,8.144782756443584e-09,0.0009365896269122682,0.0009366059164777811,8.144782756443584e-09,1.0
8515,1.0,oracle_bernstein,7,14,0.00039148075134348476,0.0003914896111416044,8.945525987424849e-09,0.00039148066561561697,0.00039149855666759185,8.945525987424849e-09,1.0
8516,0.25,authorized_public_clip,0,19,0.0001401983727224902,0.00014019838948081675,6.369642577770377e-07,0.0001395614252230397,0.0001408353537385938,1.704505135546002e-11,37369.45371965686
8516,0.25,authorized_public_clip,1,3,0.00025276417868035897,0.00025276431549031697,6.132261121901127e-07,0.00025215108937812685,0.0002533775416025071,1.3703764129375665e-10,4474.873519426599
8516,0.25,authorized_public_clip,2,22,0.00016629294870275588,0.00016629312835164667,5.872432166276877e-07,0.00016570588513501898,0.00016688037156827436,1.7987461600191324e-10,3264.7364574301105
8516,0.25,authorized_public_clip,3,7,0.00017127148064922191,0.00017127153596180333,5.697895942975647e-07,0.00017070174636750577,0.0001718413255561009,5.552745380528059e-11,10261.403238399136
8516,0.25,authorized_public_clip,4,11,0.0001573094755826291,0.00015730949827069685,5.805837162075585e-07,0.0001567289145544893,0.0001578900819869044,2.2775911586272618e-11,25491.12969675756
8516,0.25,authorized_public_clip,5,15,0.00020762960454298308,0.0002076297094644186,5.964556132900031e-07,0.00020703325385112862,0.0002082261650777086,1.0520262518901089e-10,5669.588683917241
8516,0.25,authorized_public_clip,6,23,0.0002532241156698047,0.0002532243136354473,6.514967537910338e-07,0.00025257281688165624,0.00025387581038923833,1.9831882512487928e-10,3285.097889122695
8516,0.25,authorized_public_clip,7,14,9.42693521927159e-05,9.426938975926058e-05,5.898884785710422e-07,9.367950128068953e-05,9.485927823783163e-05,3.7814011980839905e-11,15599.732682951879
8516,0.25,oracle_bernstein,0,19,0.0001401983727224902,0.00014019838948081675,1.704505135546002e-11,0.0001401983724357654,0.00014019837436045433,1.704505135546002e-11,1.0
8516,0.25,oracle_bernstein,1,3,0.00025276417868035897,0.00025276431549031697,1.3703764129375665e-10,0.0002527641784526757,0.0002527641803773647,1.3703764129375665e-10,1.0
8516,0.25,oracle_bernstein,2,22,0.00016629294870275588,0.00016629312835164667,1.7987461600191324e-10,0.00016629294847703068,0.00016629295040171952,1.7987461600191324e-10,1.0
8516,0.25,oracle_bernstein,3,7,0.00017127148064922191,0.00017127153596180333,5.552745380528059e-11,0.00017127148043434952,0.00017127148235903853,5.552745380528059e-11,1.0
8516,0.25,oracle_bernstein,4,11,0.0001573094755826291,0.00015730949827069685,2.2775911586272618e-11,0.00015730947549478526,0.0001573094774194742,2.2775911586272618e-11,1.0
8516,0.25,oracle_bernstein,5,15,0.00020762960454298308,0.0002076297094644186,1.0520262518901089e-10,0.00020762960426179343,0.00020762960618648228,1.0520262518901089e-10,1.0
8516,0.25,oracle_bernstein,6,23,0.0002532241156698047,0.0002532243136354473,1.9831882512487928e-10,0.00025322411531662216,0.0002532241172413111,1.9831882512487928e-10,1.0
8516,0.25,oracle_bernstein,7,14,9.42693521927159e-05,9.426938975926058e-05,3.7814011980839905e-11,9.42693519452486e-05,9.42693538699376e-05,3.7814011980839905e-11,1.0
8516,0.5,authorized_public_clip,0,19,0.000279065215268922,0.00027906534722238474,5.0957140622163015e-06,0.00027396963316016844,0.00028416106128460104,1.3651648410228052e-10,37326.73087594685
8516,0.5,authorized_public_clip,1,3,0.0005046310791157332,0.0005046321720903468,4.905808897520902e-06,0.0004997263631928259,0.0005095379809878678,1.0966090081035538e-09,4473.617179203075
8516,0.5,authorized_public_clip,2,22,0.0003306698804130042,0.00033067131637731784,4.697945733021501e-06,0.00032597337064429636,0.0003353692621103393,1.4395636357632808e-09,3263.4512405771984
8516,0.5,authorized_public_clip,3,7,0.0003415197375402909,0.0003415201799867873,4.558316754380517e-06,0.00033696186323240677,0.00034607849674116783,4.4587076703323944e-10,10223.403486868869
8516,0.5,authorized_public_clip,4,11,0.0003146726135820314,0.00031467279221569777,4.644669729660468e-06,0.0003100281224860373,0.0003193174619453582,1.800238114727058e-10,25800.307701876798
8516,0.5,authorized_public_clip,5,15,0.000413746884553216,0.0004137477227317832,4.7716449063200245e-06,0.00040897607782546316,0.0004185193676381032,8.426647350863095e-10,5662.566270595495
8516,0.5,authorized_public_clip,6,23,0.0005049234807177109,0.0005049250626487645,5.2119740303282704e-06,0.0004997130886184362,0.0005101370366790927,1.5875816225196244e-09,3282.964451337269
8516,0.5,authorized_public_clip,7,14,0.00018826225910887319,0.00018826255557224947,4.719107828568337e-06,0.00018354344774368112,0.00019298166340081781,3.0040527552909444e-10,15709.13766496517
8516,0.5,oracle_bernstein,0,19,0.000279065215268922,0.00027906534722238474,1.3651648410228052e-10,0.00027906521070590064,0.000279065241395691,1.3651648410228052e-10,1.0
8516,0.5,oracle_bernstein,1,3,0.0005046310791157332,0.0005046321720903468,1.0966090081035538e-09,0.0005046310754813387,0.0005046311061711294,1.0966090081035538e-09,1.0
8516,0.5,oracle_bernstein,2,22,0.0003306698804130042,0.00033067131637731784,1.4395636357632808e-09,0.00033066987681368206,0.00033066990750347256,1.4395636357632808e-09,1.0
8516,0.5,oracle_bernstein,3,7,0.0003415197375402909,0.0003415201799867873,4.4587076703323944e-10,0.0003415197341160203,0.0003415197648058109,4.4587076703323944e-10,1.0
8516,0.5,oracle_bernstein,4,11,0.0003146726135820314,0.00031467279221569777,1.800238114727058e-10,0.0003146726121918863,0.00031467264288167693,1.800238114727058e-10,1.0
8516,0.5,oracle_bernstein,5,15,0.000413746884553216,0.0004137477227317832,8.426647350863095e-10,0.0004137468800670481,0.00041374691075683843,8.426647350863095e-10,1.0
8516,0.5,oracle_bernstein,6,23,0.0005049234807177109,0.0005049250626487645,1.5875816225196244e-09,0.000504923475067142,0.0005049235057569324,1.5875816225196244e-09,1.0
8516,0.5,oracle_bernstein,7,14,0.00018826225910887319,0.00018826255557224947,3.0040527552909444e-10,0.00018826225516697394,0.00018826228585676428,3.0040527552909444e-10,1.0
8516,1.0,authorized_public_clip,0,19,0.0005528116246902217,0.0005528126466625705,4.076571249773041e-05,0.00051204693416484,0.0005935783591603009,1.0947802857448254e-09,37236.432760565986
8516,1.0,authorized_public_clip,1,3,0.0010056842116017814,0.0010056929310271467,3.924647118016721e-05,0.0009664464598469795,0.001044939402207314,8.777903812025692e-09,4471.05277303218
8516,1.0,authorized_public_clip,2,22,0.0006536903193049388,0.0006537017870420492,3.758356586417201e-05,0.0006161182211778771,0.0006912853529062212,1.1525650564377481e-08,3260.8628601262785
8516,1.0,authorized_public_clip,3,7,0.0006789573364938293,0.0006789608749966369,3.646653403504414e-05,0.0006424943409615928,0.0007154274090316811,3.5933256748480017e-09,10148.407724436689
8516,1.0,authorized_public_clip,4,11,0.0006295674487839635,0.0006295688318924686,3.715735783728375e-05,0.0005924114740551848,0.0006667261897297524,1.4053266706484757e-09,26440.370494169736
8516,1.0,authorized_public_clip,5,15,0.0008214634088701639,0.0008214700948617204,3.8173159250560196e-05,0.0007832969356111602,0.0008596432541122806,6.757838696843203e-09,5648.723055256123
8516,1.0,authorized_public_clip,6,23,0.0010037588638840585,0.0010037714903005646,4.1695792242626163e-05,0.0009620756980579384,0.0010454672825431907,1.2717250327683554e-08,3278.6798378782128
8516,1.0,authorized_public_clip,7,14,0.0003754260996572552,0.0003754284062342239,3.77528626285467e-05,0.0003376755436056772,0.00041318126886277063,2.36966263358332e-09,15931.74576562325
8516,1.0,oracle_bernstein,0,19,0.0005528116246902217,0.0005528126466625705,1.0947802857448254e-09,0.0005528115518822847,0.0005528120438897822,1.0947802857448254e-09,1.0
8516,1.0,oracle_bernstein,1,3,0.0010056842116017814,0.0010056929310271467,8.777903812025692e-09,0.0010056841531233347,0.0010056846451308322,8.777903812025692e-09,1.0
8516,1.0,oracle_bernstein,2,22,0.0006536903193049388,0.0006537017870420492,1.1525650564377481e-08,0.0006536902613914848,0.0006536907533989823,1.1525650564377481e-08,1.0
8516,1.0,oracle_bernstein,3,7,0.0006789573364938293,0.0006789608749966369,3.5933256748480017e-09,0.000678957281670962,0.000678957773678459,3.5933256748480017e-09,1.0
8516,1.0,oracle_bernstein,4,11,0.0006295674487839635,0.0006295688318924686,1.4053266706484757e-09,0.0006295674265657979,0.0006295679185732948,1.4053266706484757e-09,1.0
8516,1.0,oracle_bernstein,5,15,0.0008214634088701639,0.0008214700948617204,6.757838696843203e-09,0.0008214633370230236,0.000821463829030521,6.757838696843203e-09,1.0
8516,1.0,oracle_bernstein,6,23,0.0010037588638840585,0.0010037714903005646,1.2717250327683554e-08,0.0010037587730502369,0.0010037592650577343,1.2717250327683554e-08,1.0
8516,1.0,oracle_bernstein,7,14,0.0003754260996572552,0.0003754284062342239,2.36966263358332e-09,0.0003754260365715903,0.0003754265285790875,2.36966263358332e-09,1.0
8517,0.25,authorized_public_clip,0,14,0.00010107788453750842,0.00010107806732007063,5.547523777562617e-07,0.00010052331494231437,0.00010163281969782689,1.8286402102173602e-10,3033.687953795577
8517,0.25,authorized_public_clip,1,7,0.00016191381817837078,0.0001619139376703993,5.353329630160396e-07,0.00016137860470738326,0.00016244927063341534,1.1950792287617435e-10,4479.4767587979395
8517,0.25,authorized_public_clip,2,26,0.0001968938414074355,0.00019689369515607513,6.37500619617798e-07,0.00019625619453645732,0.00019753119577569294,1.4632263998958468e-10,4356.814636909064
8517,0.25,authorized_public_clip,3,15,0.00018637650085830668,0.00018637663523402015,5.611080933058045e-07,0.00018581552714071433,0.00018693774332732596,1.3452089522295097e-10,4171.159375469814
8517,0.25,authorized_public_clip,4,28,0.0002145250204236295,0.00021452504500429903,6.261515826364208e-07,0.0002138988934216626,0.00021515119658693547,2.4670340644341753e-11,25380.74328454931
8517,0.25,authorized_public_clip,5,21,0.0002620632425329813,0.0002620633006337192,6.552268081528674e-07,0.0002614080738255663,0.0002627185274418721,5.813118585006566e-11,11271.519728547346
8517,0.25,authorized_public_clip,6,1,0.00014250929744538294,0.00014250942695037683,5.847351401541152e-07,0.00014192469181022272,0.00014309416209053093,1.295590124664279e-10,4513.272593102199
8517,0.25,authorized_public_clip,7,25,8.915929678414133e-05,8.915935264736108e-05,6.563173081369347e-07,8.850303533922414e-05,8.981566995549801e-05,5.610954373709156e-11,11697.070844350354
8517,0.25,oracle_bernstein,0,14,0.00010107788453750842,0.00010107806732007063,1.8286402102173602e-10,0.00010107788445604961,0.00010107817769304636,1.8286402102173602e-10,1.0
8517,0.25,oracle_bernstein,1,7,0.00016191381817837078,0.0001619139376703993,1.1950792287617435e-10,0.00016191381816247643,0.00016191405717832217,1.1950792287617435e-10,1.0
8517,0.25,oracle_bernstein,2,26,0.0001968938414074355,0.00019689369515607513,1.4632263998958468e-10,0.00019689354883343515,0.00019689384147871512,1.4632263998958468e-10,1.0
8517,0.25,oracle_bernstein,3,15,0.00018637650085830668,0.00018637663523402015,1.3452089522295097e-10,0.00018637650071312494,0.00018637676975491536,1.3452089522295097e-10,1.0
8517,0.25,oracle_bernstein,4,28,0.0002145250204236295,0.00021452504500429903,2.4670340644341753e-11,0.0002145250203339584,0.00021452506967463967,2.4670340644341753e-11,1.0
8517,0.25,oracle_bernstein,5,21,0.0002620632425329813,0.0002620633006337192,5.813118585006566e-11,0.00026206324250253334,0.00026206335876490503,5.813118585006566e-11,1.0
8517,0.25,oracle_bernstein,6,1,0.00014250929744538294,0.00014250942695037683,1.295590124664279e-10,0.00014250929739136436,0.0001425095565093893,1.295590124664279e-10,1.0
8517,0.25,oracle_bernstein,7,25,8.915929678414133e-05,8.915935264736108e-05,5.610954373709156e-11,8.915929653781734e-05,8.915940875690482e-05,5.610954373709156e-11,1.0
8517,0.5,authorized_public_clip,0,14,0.00019974873795683559,0.00019975020115875486,4.438019022050094e-06,0.00019531218213670476,0.00020418822018080496,1.4645027235951724e-09,3030.393150212318
8517,0.5,authorized_public_clip,1,7,0.00032293121695114134,0.0003229321736257229,4.282663704128317e-06,0.0003186495099215946,0.0003272148373298512,9.568940647851915e-10,4475.588115482471
8517,0.5,authorized_public_clip,2,26,0.00039414188265081185,0.00039414071117638283,5.100004956942384e-06,0.00038904070621944046,0.0003992407161333252,1.1726238506721744e-09,4349.224991474416
8517,0.5,authorized_public_clip,3,15,0.0003711301380671766,0.0003711312133851119,4.488864746446436e-06,0.00036664234863866544,0.00037562007813155836,1.0776299490384746e-09,4165.497395884057
8517,0.5,authorized_public_clip,4,28,0.00042651202072925104,0.000426512217076902,5.009212661091366e-06,0.00042150300441581065,0.0004315214297379934,1.9776558248799148e-10,25329.041575753105
8517,0.5,authorized_public_clip,5,21,0.0005216377809259111,0.0005216382470234482,5.241814465222939e-06,0.0005163964325582253,0.0005268800614886711,4.665754087380593e-10,11234.656535800737
8517,0.5,authorized_public_clip,6,1,0.0002841539959660097,0.0002841550306871832,4.6778811212329215e-06,0.00027947714956595026,0.0002888329118084161,1.0355240006808825e-09,4517.404829011302
8517,0.5,authorized_public_clip,7,25,0.00017696616620218615,0.00017696661452076823,5.250538465095478e-06,0.00017171607605567275,0.0001822171529858637,4.522230560983689e-10,11610.505909175416
8517,0.5,oracle_bernstein,0,14,0.00019974873795683559,0.00019975020115875486,1.4645027235951724e-09,0.00019974873665603126,0.00019975109118971698,1.4645027235951724e-09,1.0
8517,0.5,oracle_bernstein,1,7,0.00032293121695114134,0.0003229321736257229,9.568940647851915e-10,0.0003229312167316581,0.0003229331305197877,9.568940647851915e-10,1.0
8517,0.5,oracle_bernstein,2,26,0.00039414188265081185,0.00039414071117638283,1.1726238506721744e-09,0.00039413953855253216,0.0003941418838002335,1.1726238506721744e-09,1.0
8517,0.5,oracle_bernstein,3,15,0.0003711301380671766,0.0003711312133851119,1.0776299490384746e-09,0.00037113013575516287,0.00037113229101506094,1.0776299490384746e-09,1.0
8517,0.5,oracle_bernstein,4,28,0.00042651202072925104,0.000426512217076902,1.9776558248799148e-10,0.0004265120193113195,0.0004265124148424845,1.9776558248799148e-10,1.0
8517,0.5,oracle_bernstein,5,21,0.0005216377809259111,0.0005216382470234482,4.665754087380593e-10,0.0005216377804480395,0.0005216387135988569,4.665754087380593e-10,1.0
8517,0.5,oracle_bernstein,6,1,0.0002841539959660097,0.0002841550306871832,1.0355240006808825e-09,0.0002841539951631825,0.00028415606621118387,1.0355240006808825e-09,1.0
8517,0.5,oracle_bernstein,7,25,0.00017696616620218615,0.00017696661452076823,4.522230560983689e-10,0.00017696616229771213,0.00017696706674382432,4.522230560983689e-10,1.0
8517,1.0,authorized_public_clip,0,14,0.00038989167051814124,0.00038990339049538303,3.550415217640075e-05,0.00035439923831898226,0.0004254075426717838,1.1741251712423344e-08,3023.8813583081633
8517,1.0,authorized_public_clip,1,7,0.0006422892692770666,0.0006422969339754947,3.426130963302654e-05,0.0006080356243424682,0.0006765582436085212,7.667651662549857e-09,4468.292397836058
8517,1.0,authorized_public_clip,2,26,0.0007896959643050855,0.0007896865697579192,4.0800039655539075e-05,0.0007488865301023801,0.0008304866094134582,9.413599123231284e-09,4334.159456062983
8517,1.0,authorized_public_clip,3,15,0.0007357883397468844,0.0007357969467594039,3.5910917971571485e-05,0.0006998860287878324,0.0007717078647309754,8.644243136905216e-09,4154.3160462777305
8517,1.0,authorized_public_clip,4,28,0.0008428883597573861,0.0008428899256141542,4.007370128873093e-05,0.0008028162243254233,0.0008829636269028851,1.588621586930508e-09,25225.454329976885
8517,1.0,authorized_public_clip,5,21,0.001033332450470461,0.0010333361996176516,4.193451572178351e-05,0.0009914016838958681,0.001075270715339435,3.7570267275613515e-09,11161.62294352449
8517,1.0,authorized_public_clip,6,1,0.0005648676691683085,0.0005648759248103596,3.742304896986337e-05,0.0005274528758404962,0.000602298973780223,8.267099949854559e-09,4526.7444686599865
8517,1.0,authorized_public_clip,7,25,0.00034853875541683696,0.00034854236396719696,4.200430772076382e-05,0.00030653805624643315,0.00039054667168796076,3.6702157062269342e-09,11444.64279020407
8517,1.0,oracle_bernstein,0,14,0.00038989167051814124,0.00038990339049538303,1.1741251712423344e-08,0.0003898916492436706,0.00038991062261588445,1.1741251712423344e-08,1.0
8517,1.0,oracle_bernstein,1,7,0.0006422892692770666,0.0006422969339754947,7.667651662549857e-09,0.0006422892663238321,0.0006423046016271573,7.667651662549857e-09,1.0
8517,1.0,oracle_bernstein,2,26,0.0007896959643050855,0.0007896865697579192,9.413599123231284e-09,0.000789677156158796,0.0007896959833570424,9.413599123231284e-09,1.0
8517,1.0,oracle_bernstein,3,15,0.0007357883397468844,0.0007357969467594039,8.644243136905216e-09,0.0007357883025162669,0.0007358055910025408,8.644243136905216e-09,1.0
8517,1.0,oracle_bernstein,4,28,0.0008428883597573861,0.0008428899256141542,1.588621586930508e-09,0.0008428883369925673,0.0008428915142357411,1.588621586930508e-09,1.0
8517,1.0,oracle_bernstein,5,21,0.001033332450470461,0.0010333361996176516,3.7570267275613515e-09,0.001033332442590924,0.001033339956644379,3.7570267275613515e-09,1.0
8517,1.0,oracle_bernstein,6,1,0.0005648676691683085,0.0005648759248103596,8.267099949854559e-09,0.0005648676577104098,0.0005648841919103095,8.267099949854559e-09,1.0
8517,1.0,oracle_bernstein,7,25,0.00034853875541683696,0.00034854236396719696,3.6702157062269342e-09,0.00034853869375149073,0.0003485460341829032,3.6702157062269342e-09,1.0
8518,0.25,authorized_public_clip,0,29,0.0002068585571939344,0.00020685909147966086,6.143098652372285e-07,0.00020624478161442364,0.00020747340134489808,5.350671950546491e-10,1148.0985396133021
8518,0.25,authorized_public_clip,1,6,0.0002139396904434686,0.00021394011064257423,5.898540690511441e-07,0.0002133502565735231,0.00021452996471162537,4.2108920134482517e-10,1400.7817516272978
8518,0.25,authorized_public_clip,2,14,8.448864193557082e-05,8.44893614695974e-05,5.872256597805099e-07,8.39021358098169e-05,8.507658712937791e-05,7.211808380701852e-10,814.2557716201567
8518,0.25,authorized_public_clip,3,19,0.000171361418620468,0.00017136176618143262,6.341984563228045e-07,0.0001707275677251098,0.00017199596463775543,3.483092711142061e-10,1820.7912017215845
8518,0.25,authorized_public_clip,4,15,0.00022184244432604724,0.00022184302879707518,5.93777173543469e-07,0.0002212492516235317,0.00022243680597061865,5.851761860852518e-10,1014.6981159909404
8518,0.25,authorized_public_clip,5,28,0.00024338477841864142,0.0002433850684819272,6.605279302007676e-07,0.00024272454055172644,0.00024404559641212796,2.903486348237178e-10,2274.947600844758
8518,0.25,authorized_public_clip,6,5,0.0001962261992597086,0.0001962264404218872,5.589896021047044e-07,0.0001956674508197825,0.0001967854300239919,2.421063357792858e-10,2308.859866493963
8518,0.25,authorized_public_clip,7,22,0.00018461600753487604,0.00018461649649570422,5.845868028707005e-07,0.0001840319096928335,0.00018520108329857492,4.898099341528097e-10,1193.4972366001923
8518,0.25,oracle_bernstein,0,29,0.0002068585571939344,0.00020685909147966086,5.350671950546491e-10,0.0002068585564124658,0.00020685856326291838,5.350671950546491e-10,1.0
8518,0.25,oracle_bernstein,1,6,0.0002139396904434686,0.00021394011064257423,4.2108920134482517e-10,0.00021393968955337288,0.00021393969640382546,4.2108920134482517e-10,1.0
8518,0.25,oracle_bernstein,2,14,8.448864193557082e-05,8.44893614695974e-05,7.211808380701852e-10,8.448864028875933e-05,8.448864713921176e-05,7.211808380701852e-10,1.0
8518,0.25,oracle_bernstein,3,19,0.000171361418620468,0.00017136176618143262,3.483092711142061e-10,0.00017136141787216152,0.00017136142472261393,3.483092711142061e-10,1.0
8518,0.25,oracle_bernstein,4,15,0.00022184244432604724,0.00022184302879707518,5.851761860852518e-10,0.0002218424436208891,0.00022184245047134152,5.851761860852518e-10,1.0
8518,0.25,oracle_bernstein,5,28,0.00024338477841864142,0.0002433850684819272,2.903486348237178e-10,0.0002433847781332924,0.0002433847849837448,2.903486348237178e-10,1.0
8518,0.25,oracle_bernstein,6,5,0.0001962261992597086,0.0001962264404218872,2.421063357792858e-10,0.00019622619831555143,0.00019622620516600384,2.421063357792858e-10,1.0
8518,0.25,oracle_bernstein,7,22,0.00018461600753487604,0.00018461649649570422,4.898099341528097e-10,0.00018461600668577007,0.00018461601353622257,4.898099341528097e-10,1.0
8518,0.5,authorized_public_clip,0,29,0.00041157385777489884,0.0004115781482579295,4.914478921897828e-06,0.0004066636693360317,0.0004164926271798273,4.302783815231629e-09,1142.1626400333735
8518,0.5,authorized_public_clip,1,6,0.00042353638323079054,0.00042353976516162906,4.7188325524091524e-06,0.0004188209326092199,0.0004282585977140382,3.395925911645902e-09,1389.5569795049144
8518,0.5,authorized_public_clip,2,14,0.0001693380353958378,0.0001693437732736558,4.697805278244079e-06,0.0001646459679954117,0.00017404157855189988,5.764461334993043e-09,814.9599772187125
8518,0.5,authorized_public_clip,3,19,0.00033904142484603866,0.00033904422383856936,5.073587650582436e-06,0.0003339706361879869,0.0003441178114891518,2.8107689332182543e-09,1805.053268741417
8518,0.5,authorized_public_clip,4,15,0.00044027585757861105,0.0004402805499580942,4.750217388347752e-06,0.0004355303325697464,0.00044503076734644193,4.703424428509269e-09,1009.9487002607829
8518,0.5,authorized_public_clip,5,28,0.0004834524457146356,0.0004834547707323611,5.284223441606141e-06,0.00047817054729075496,0.0004887389941739673,2.3294532977224122e-09,2268.4393143973784
8518,0.5,authorized_public_clip,6,5,0.00038966691824026496,0.0003896688634681955,4.4719168168376355e-06,0.00038519694665135786,0.00039414078028503316,1.960147526573207e-09,2281.418493359826
8518,0.5,authorized_public_clip,7,22,0.00036480715415306816,0.00036481108688724007,4.676694422965604e-06,0.0003601343924642745,0.00036948778131020566,3.9460695645013414e-09,1185.152554084938
8518,0.5,oracle_bernstein,0,29,0.00041157385777489884,0.0004115781482579295,4.302783815231629e-09,0.00041157384547411426,0.0004115739538653983,4.302783815231629e-09,1.0
8518,0.5,oracle_bernstein,1,6,0.00042353638323079054,0.00042353976516162906,3.395925911645902e-09,0.00042353636923571743,0.0004235364776270013,3.395925911645902e-09,1.0
8518,0.5,oracle_bernstein,2,14,0.0001693380353958378,0.0001693437732736558,5.764461334993043e-09,0.0001693380088123208,0.00016933811720360467,5.764461334993043e-09,1.0
8518,0.5,oracle_bernstein,3,19,0.00033904142484603866,0.00033904422383856936,2.8107689332182543e-09,0.00033904141306963616,0.00033904152146092,2.8107689332182543e-09,1.0
8518,0.5,oracle_bernstein,4,15,0.00044027585757861105,0.0004402805499580942,4.703424428509269e-09,0.00044027584653366566,0.0004402759549249494,4.703424428509269e-09,1.0
8518,0.5,oracle_bernstein,5,28,0.0004834524457146356,0.0004834547707323611,2.3294532977224122e-09,0.00048345244127906336,0.0004834525496703471,2.3294532977224122e-09,1.0
8518,0.5,oracle_bernstein,6,5,0.00038966691824026496,0.0003896688634681955,1.960147526573207e-09,0.00038966690332066896,0.0003896670117119528,1.960147526573207e-09,1.0
8518,0.5,oracle_bernstein,7,22,0.00036480715415306816,0.00036481108688724007,3.9460695645013414e-09,0.0003648071408176756,0.00036480724920895944,3.9460695645013414e-09,1.0
8518,1.0,authorized_public_clip,0,29,0.0008146170936432094,0.0008146516725439645,3.9315831375182624e-05,0.0007753358411687819,0.0008539675039191472,3.476973400016913e-08,1130.7486958338934
8518,1.0,authorized_public_clip,1,6,0.0008297096381448151,0.0008297370164395135,3.775066041927322e-05,0.0007919863560202403,0.0008674876768587867,2.7594900069486686e-08,1368.0303361930403
8518,1.0,authorized_public_clip,2,14,0.0003401615077181896,0.0003402071098921322,3.7582442225952635e-05,0.0003026246676661796,0.0003777895521180848,4.60352370306023e-08,816.3842449854097
8518,1.0,authorized_public_clip,3,19,0.0006633771031428494,0.0006633997890802545,4.058870120465949e-05,0.0006228110878755951,0.000703988490284914,2.2868571315193185e-08,1774.8682523815376
8518,1.0,authorized_public_clip,4,15,0.0008669699545845476,0.0008670077545331889,3.8001739106782014e-05,0.0008290060154264069,0.0009050094936399709,3.796962302059125e-08,1000.8458363195587
8518,1.0,authorized_public_clip,5,28,0.0009536665861245222,0.0009536852566885967,4.227378753284913e-05,0.0009114114691557476,0.0009959590442214458,1.8737887649707512e-08,2256.0593981098505
8518,1.0,authorized_public_clip,6,5,0.0007681927411541591,0.0007682085565519081,3.5775334534701084e-05,0.000732433222017207,0.0008039838910866092,1.604860368752025e-08,2229.1867399355606
8518,1.0,authorized_public_clip,7,22,0.0007119483113051347,0.0007119801064396913,3.741355538372483e-05,0.0006745665510559665,0.0007493936618234162,3.2000992800895665e-08,1169.137333222914
8518,1.0,oracle_bernstein,0,29,0.0008146170936432094,0.0008146516725439645,3.476973400016913e-08,0.0008146169028099644,0.0008146186020077158,3.476973400016913e-08,1.0
8518,1.0,oracle_bernstein,1,6,0.0008297096381448151,0.0008297370164395135,2.7594900069486686e-08,0.000829709421539444,0.0008297111207371949,2.7594900069486686e-08,1.0
8518,1.0,oracle_bernstein,2,14,0.0003401615077181896,0.0003402071098921322,4.60352370306023e-08,0.0003401610746551016,0.0003401627738528531,4.60352370306023e-08,1.0
8518,1.0,oracle_bernstein,3,19,0.0006633771031428494,0.0006633997890802545,2.2868571315193185e-08,0.0006633769205089394,0.0006633786197066905,2.2868571315193185e-08,1.0
8518,1.0,oracle_bernstein,4,15,0.0008669699545845476,0.0008670077545331889,3.796962302059125e-08,0.0008669697849101683,0.0008669714841079198,3.796962302059125e-08,1.0
8518,1.0,oracle_bernstein,5,28,0.0009536665861245222,0.0009536852566885967,1.8737887649707512e-08,0.000953666518800947,0.0009536682179986985,1.8737887649707512e-08,1.0
8518,1.0,oracle_bernstein,6,5,0.0007681927411541591,0.0007682085565519081,1.604860368752025e-08,0.0007681925079482206,0.0007681942071459721,1.604860368752025e-08,1.0
8518,1.0,oracle_bernstein,7,22,0.0007119483113051347,0.0007119801064396913,3.2000992800895665e-08,0.0007119481054468905,0.0007119498046446416,3.2000992800895665e-08,1.0
8519,0.25,authorized_public_clip,0,23,0.0002445495008755171,0.00024454963633108173,6.39708956192154e-07,0.00024390992737488958,0.0002451893452872739,1.3565089872113151e-10,4715.847533802597
8519,0.25,authorized_public_clip,1,17,0.00020706378151344842,0.000207063759727677,6.349411635243254e-07,0.00020642881856415267,0.0002076987008912013,2.1787498531165917e-11,29142.453532059873
8519,0.25,authorized_public_clip,2,11,0.00015864263401700558,0.00015864259227710287,5.694445717825141e-07,0.00015807314770532036,0.00015921203684888537,4.1797584711780356e-11,13623.863094223723
8519,0.25,authorized_public_clip,3,5,0.00017804978122074004,0.0001780498946855058,5.506490254929796e-07,0.00017749924566001283,0.00017860054371099878,1.1365767666278039e-10,4844.802759137353
8519,0.25,authorized_public_clip,4,22,0.00015750528436910655,0.00015750541695019882,5.760346082298281e-07,0.000156929382341969,0.00015808145155842864,1.3277817814119686e-10,4338.322880264787
8519,0.25,authorized_public_clip,5,14,8.891482960167059e-05,8.891476927430642e-05,5.786527578003138e-07,8.83361165165061e-05,8.949342203210674e-05,6.042433300371184e-11,9576.485648004877
8519,0.25,authorized_public_clip,6,29,0.0002007697143839844,0.0002007697271972364,6.055366916849243e-07,0.00020016419050555148,0.00020137526388892132,1.2902365161373711e-11,46932.2239846181
8519,0.25,authorized_public_clip,7,26,0.00023004055152440735,0.00023004066227372277,6.629946583346803e-07,0.00022937766761538809,0.00023070365693205746,1.1103079646793188e-10,5971.26814744743
8519,0.25,oracle_bernstein,0,23,0.0002445495008755171,0.00024454963633108173,1.3565089872113151e-10,0.000244549500680183,0.00024454974949856276,1.3565089872113151e-10,1.0
8519,0.25,oracle_bernstein,1,17,0.00020706378151344842,0.000207063759727677,2.1787498531165917e-11,0.00020706373794017845,0.00020706378151517552,2.1787498531165917e-11,1.0
8519,0.25,oracle_bernstein,2,11,0.00015864263401700558,0.00015864259227710287,4.1797584711780356e-11,0.00015864255047951816,0.00015864263407468757,4.1797584711780356e-11,1.0
8519,0.25,oracle_bernstein,3,5,0.00017804978122074004,0.0001780498946855058,1.1365767666278039e-10,0.00017804978102782914,0.00017805000834318247,1.1365767666278039e-10,1.0
8519,0.25,oracle_bernstein,4,22,0.00015750528436910655,0.00015750541695019882,1.3277817814119686e-10,0.0001575052841720207,0.00015750553299040035,1.3277817814119686e-10,1.0
8519,0.25,oracle_bernstein,5,14,8.891482960167059e-05,8.891476927430642e-05,6.042433300371184e-11,8.891470884997341e-05,8.891482969863942e-05,6.042433300371184e-11,1.0
8519,0.25,oracle_bernstein,6,29,0.0002007697143839844,0.0002007697271972364,1.2902365161373711e-11,0.00020076971429487125,0.00020076974009960156,1.2902365161373711e-11,1.0
8519,0.25,oracle_bernstein,7,26,0.00023004055152440735,0.00023004066227372277,1.1103079646793188e-10,0.00023004055124292632,0.00023004077330451923,1.1103079646793188e-10,1.0
8519,0.5,authorized_public_clip,0,23,0.0004882883608679262,0.0004882894428729911,5.117671649537232e-06,0.00048317177122345393,0.0004934071145225284,1.0851242505141676e-09,4716.207979973086
8519,0.5,authorized_public_clip,1,17,0.00041319306933667747,0.0004131928952856856,5.0795293081946035e-06,0.000408113365977491,0.0004182724245938802,1.7407286803097833e-10,29180.476921254845
8519,0.5,authorized_public_clip,2,11,0.00031695372047601275,0.0003169533862861784,4.555556574260113e-06,0.0003123978297119183,0.0003215089428604385,3.3510033716757707e-10,13594.604567592449
8519,0.5,authorized_public_clip,3,5,0.00035484543874879544,0.00035484634595450704,4.4051922039438365e-06,0.0003504411537505632,0.00035925153815845085,9.102816656594947e-10,4839.372658079734
8519,0.5,authorized_public_clip,4,22,0.00031430741984199423,0.000314308479509251,4.608276865838625e-06,0.0003097002026434124,0.0003189167563750896,1.0628141152934374e-09,4335.919893730716
8519,0.5,authorized_public_clip,5,14,0.0001781857289831635,0.0001781852433336839,4.62922206240251e-06,0.0001735560212712814,0.00018281446539608642,4.871799823409264e-10,9502.077733487418
8519,0.5,authorized_public_clip,6,29,0.00040033742807745235,0.00040033753111784476,4.844293533479394e-06,0.00039549323758436534,0.0004051818246513242,1.0445044908982735e-10,46378.86745047217
8519,0.5,authorized_public_clip,7,26,0.00045891797513461697,0.0004589188594062432,5.303957266677443e-06,0.00045361490213956577,0.00046422281667292067,8.887628789070001e-10,5967.797927384462
8519,0.5,oracle_bernstein,0,23,0.0004882883608679262,0.0004882894428729911,1.0851242505141676e-09,0.0004882883577487406,0.0004882903632355425,1.0851242505141676e-09,1.0
8519,0.5,oracle_bernstein,1,17,0.00041319306933667747,0.0004131928952856856,1.7407286803097833e-10,0.00041319272121281755,0.00041319306935855364,1.7407286803097833e-10,1.0
8519,0.5,oracle_bernstein,2,11,0.00031695372047601275,0.0003169533862861784,3.3510033716757707e-10,0.00031695305118584124,0.0003169537213865156,3.3510033716757707e-10,1.0
8519,0.5,oracle_bernstein,3,5,0.00035484543874879544,0.00035484634595450704,9.102816656594947e-10,0.0003548454356728414,0.0003548472562361727,9.102816656594947e-10,1.0
8519,0.5,oracle_bernstein,4,22,0.00031430741984199423,0.000314308479509251,1.0628141152934374e-09,0.0003143074166951357,0.00031430942218193744,1.0628141152934374e-09,1.0
8519,0.5,oracle_bernstein,5,14,0.0001781857289831635,0.0001781852433336839,4.871799823409264e-10,0.00017818475615370157,0.00017818573051366624,4.871799823409264e-10,1.0
8519,0.5,oracle_bernstein,6,29,0.00040033742807745235,0.00040033753111784476,1.0445044908982735e-10,0.00040033742666739565,0.00040033763556829386,1.0445044908982735e-10,1.0
8519,0.5,oracle_bernstein,7,26,0.00045891797513461697,0.0004589188594062432,8.887628789070001e-10,0.00045891797064336433,0.0004589197481691221,8.887628789070001e-10,1.0
8519,1.0,authorized_public_clip,0,23,0.0009733415860565658,0.0009733502157137641,4.094137319629785e-05,0.0009324088425174663,0.001014291588910062,8.679778470839886e-09,4716.868447028029
8519,1.0,authorized_public_clip,1,17,0.0008226581092139578,0.0008226567204535074,4.063623446555683e-05,0.0007820204859879505,0.0008632929549190642,1.3891447814865054e-09,29252.69921978365
8519,1.0,authorized_public_clip,2,11,0.0006325885078721096,0.0006325858299773279,3.6444452594080905e-05,0.0005961413773832471,0.0006690302825714088,2.6924943949068478e-09,13535.57231651796
8519,1.0,authorized_public_clip,3,5,0.0007046814759980379,0.0007046887252262768,3.524153763155069e-05,0.0006694471875947261,0.0007399302628578275,7.298666320269276e-09,4828.490039842031
8519,1.0,authorized_public_clip,4,22,0.0006258069186130992,0.000625815380075001,3.6866214926709e-05,0.000588949165148292,0.00066268159500171,8.512071196845894e-09,4331.051053751711
8519,1.0,authorized_public_clip,5,14,0.0003577997780682837,0.0003577958445585283,3.703377649922008e-05,0.00032076206805930823,0.0003948296210577484,3.95762596848325e-09,9357.573655049868
8519,1.0,authorized_public_clip,6,29,0.000795876518053897,0.0007958773507584227,3.875434826783515e-05,0.0007571230024905876,0.0008346316990262578,8.552867866384046e-10,45311.52459417053
8519,1.0,authorized_public_clip,7,26,0.0009131911143305114,0.0009131981608658801,4.243165813341954e-05,0.0008707665027324606,0.0009556298189992996,7.118497495965115e-09,5960.76042134882
8519,1.0,oracle_bernstein,0,23,0.0009733415860565658,0.0009733502157137641,8.679778470839886e-09,0.0009733415359352933,0.0009733578200784637,8.679778470839886e-09,1.0
8519,1.0,oracle_bernstein,1,17,0.0008226581092139578,0.0008226567204535074,1.3891447814865054e-09,0.0008226553313087258,0.0008226581095982889,1.3891447814865054e-09,1.0
8519,1.0,oracle_bernstein,2,11,0.0006325885078721096,0.0006325858299773279,2.6924943949068478e-09,0.0006325831374829331,0.0006325885224717228,2.6924943949068478e-09,1.0
8519,1.0,oracle_bernstein,3,5,0.0007046814759980379,0.0007046887252262768,7.298666320269276e-09,0.0007046814265599565,0.0007046960238925971,7.298666320269276e-09,1.0
8519,1.0,oracle_bernstein,4,22,0.0006258069186130992,0.000625815380075001,8.512071196845894e-09,0.0006258068680038042,0.000625823152146974,8.512071196845894e-09,1.0
8519,1.0,oracle_bernstein,5,14,0.0003577997780682837,0.0003577958445585283,3.95762596848325e-09,0.00035779188693255983,0.0003577998021844968,3.95762596848325e-09,1.0
8519,1.0,oracle_bernstein,6,29,0.000795876518053897,0.0007958773507584227,8.552867866384046e-10,0.0007958764954716361,0.0007958782060452093,8.552867866384046e-10,1.0
8519,1.0,oracle_bernstein,7,26,0.0009131911143305114,0.0009131981608658801,7.118497495965115e-09,0.0009131910423683841,0.0009132052793633761,7.118497495965115e-09,1.0
8520,0.25,authorized_public_clip,0,22,0.00017223615028488863,0.00017223614377726015,5.734871955819271e-07,0.00017166265658167824,0.00017280963097284207,7.147820172702444e-12,80232.45992842366
8520,0.25,authorized_public_clip,1,5,0.00019343835686995092,0.00019343837391538887,5.481662164934349e-07,0.00019289020769889544,0.0001939865401318823,1.7859510966325034e-11,30693.23776709388
8520,0.25,authorized_public_clip,2,23,0.00026658933472494705,0.0002665893601749292,6.370252347573321e-07,0.00026595233494017186,0.0002672263854096865,2.6150841551396476e-11,24359.645692676168
8520,0.25,authorized_public_clip,3,16,0.00019516935998985862,0.00019516962660698356,6.298729355736835e-07,0.00019453975367140987,0.00019579949954255725,2.666623781639645e-10,2362.0614948029497
8520,0.25,authorized_public_clip,4,26,0.00024755584359475937,0.0002475558445345083,6.602706503628602e-07,0.00024689557388414546,0.00024821611518487113,1.7134079931818417e-12,385355.18276456796
8520,0.25,authorized_public_clip,5,6,0.00020286813847659202,0.00020286817269105084,5.787007469324398e-07,0.0002022894719441184,0.0002034468734379833,3.501103191056877e-11,16529.097126033226
8520,0.25,authorized_public_clip,6,7,0.0001798746755834729,0.00017987481682479878,5.562625995178382e-07,0.00017931855422528094,0.00018043107942431662,1.418119518702693e-10,3922.5367973688963
8520,0.25,authorized_public_clip,7,17,0.00021355301796588424,0.0002135532844826371,6.322663335073034e-07,0.0002129210181491298,0.00021418555081614441,2.6663371590621213e-10,2371.291760152725
8520,0.25,oracle_bernstein,0,22,0.00017223615028488863,0.00017223614377726015,7.147820172702444e-12,0.00017223613662943998,0.00017223615092508033,7.147820172702444e-12,1.0
8520,0.25,oracle_bernstein,1,5,0.00019343835686995092,0.00019343837391538887,1.7859510966325034e-11,0.0001934383560558779,0.00019343837352933289,1.7859510966325034e-11,1.0
8520,0.25,oracle_bernstein,2,23,0.00026658933472494705,0.0002665893601749292,2.6150841551396476e-11,0.00026658933402408765,0.0002665893514975427,2.6150841551396476e-11,1.0
8520,0.25,oracle_bernstein,3,16,0.00019516935998985862,0.00019516962660698356,2.666623781639645e-10,0.0001951693599446054,0.00019516937741806037,2.666623781639645e-10,1.0
8520,0.25,oracle_bernstein,4,26,0.00024755584359475937,0.0002475558445345083,1.7134079931818417e-12,0.0002475558428211003,0.0002475558462479163,1.7134079931818417e-12,1.0
8520,0.25,oracle_bernstein,5,6,0.00020286813847659202,0.00020286817269105084,3.501103191056877e-11,0.00020286813768001893,0.00020286815515347398,3.501103191056877e-11,1.0
8520,0.25,oracle_bernstein,6,7,0.0001798746755834729,0.00017987481682479878,1.418119518702693e-10,0.00017987467501284692,0.00017987469248630181,1.418119518702693e-10,1.0
8520,0.25,oracle_bernstein,7,17,0.00021355301796588424,0.0002135532844826371,2.6663371590621213e-10,0.00021355301784892121,0.0002135530353223761,2.6663371590621213e-10,1.0
8520,0.5,authorized_public_clip,0,22,0.00034199483996709125,0.0003419947973009041,4.587897564655417e-06,0.00033740689973624867,0.0003465826948655595,5.2944094352997386e-11,86655.51126564274
8520,0.5,authorized_public_clip,1,5,0.00038369269627019177,0.0003836928464717171,4.385329731947479e-06,0.00037930751673976963,0.00038807817620366454,1.6323945978642268e-10,26864.397478925162
8520,0.5,authorized_public_clip,2,23,0.0005310452967757312,0.0005310455117745194,5.096201878058657e-06,0.0005259493098964608,0.0005361417136525781,2.2624215543952906e-10,22525.430188543225
8520,0.5,authorized_public_clip,3,16,0.00038973199898396395,0.00038973413352821895,5.038983484589468e-06,0.0003846951500436295,0.0003947731170128084,2.1351802926319985e-09,2359.9803267095554
8520,0.5,authorized_public_clip,4,26,0.0004922212555263092,0.0004922212767719536,5.282165202902882e-06,0.0004869391115690507,0.0004975034419748565,3.3649158333695244e-11,156977.63226408794
8520,0.5,authorized_public_clip,5,6,0.00040238578442334985,0.0004023860717398131,4.629605975459519e-06,0.0003977564657643536,0.0004070156777152726,3.0008516122366084e-10,15427.64046239847
8520,0.5,authorized_public_clip,6,7,0.0003583416828654845,0.00035834282250463145,4.4501007961427055e-06,0.0003538927217084887,0.0003627929233007742,1.1487571827709195e-09,3873.839365607803
8520,0.5,authorized_public_clip,7,17,0.00042615705935970273,0.0004261591940299958,5.058130668058427e-06,0.0004211010633619374,0.0004312173246980542,2.1364762929760774e-09,2367.510786189222
8520,0.5,oracle_bernstein,0,22,0.00034199483996709125,0.0003419947973009041,5.2944094352997386e-11,0.00034199474435680973,0.00034199485024499846,5.2944094352997386e-11,1.0
8520,0.5,oracle_bernstein,1,5,0.00038369269627019177,0.0003836928464717171,1.6323945978642268e-10,0.0003836926832322573,0.00038369283985612576,1.6323945978642268e-10,1.0
8520,0.5,oracle_bernstein,2,23,0.0005310452967757312,0.0005310455117745194,2.2624215543952906e-10,0.000531045285532364,0.0005310454421562326,2.2624215543952906e-10,1.0
8520,0.5,oracle_bernstein,3,16,0.00038973199898396395,0.00038973413352821895,2.1351802926319985e-09,0.00038973199834792634,0.0003897321549717948,2.1351802926319985e-09,1.0
8520,0.5,oracle_bernstein,4,26,0.0004922212555263092,0.0004922212767719536,3.3649158333695244e-11,0.0004922212431227953,0.0004922213104211119,3.3649158333695244e-11,1.0
8520,0.5,oracle_bernstein,5,6,0.00040238578442334985,0.0004023860717398131,3.0008516122366084e-10,0.0004023857716546519,0.00040238592827852035,3.0008516122366084e-10,1.0
8520,0.5,oracle_bernstein,6,7,0.0003583416828654845,0.00035834282250463145,1.1487571827709195e-09,0.0003583416737474487,0.00035834183037131715,1.1487571827709195e-09,1.0
8520,0.5,oracle_bernstein,7,17,0.00042615705935970273,0.0004261591940299958,2.1364762929760774e-09,0.00042615705755370283,0.00042615721417757144,2.1364762929760774e-09,1.0
8520,1.0,authorized_public_clip,0,22,0.000674074142078072,0.0006740739530162188,3.6703180517243336e-05,0.0006373707724989754,0.0007107771335334621,3.5488895235849586e-10,103421.59222856598
8520,1.0,authorized_public_clip,1,5,0.0007546403368941871,0.0007546417617216861,3.508263785557983e-05,0.0007195591238661062,0.0007897243995772659,1.634321364226246e-09,21466.180779071794
8520,1.0,authorized_public_clip,2,23,0.0010535546755497992,0.001053556579686199,4.0769615024469255e-05,0.0010127869646617297,0.0010943261947106682,2.085238408670319e-09,19551.536579678945
8520,1.0,authorized_public_clip,3,16,0.0007770590258925125,0.0007770761263381498,4.0311867876715746e-05,0.0007367642584614341,0.0008173879942148655,1.7108276370455083e-08,2356.2787392382675
8520,1.0,authorized_public_clip,4,26,0.0009728756714597735,0.0009728760628068822,4.2257321623223055e-05,0.0009306187411836592,0.0010151333844301052,5.908568272279171e-10,71518.71600008223
8520,1.0,authorized_public_clip,5,6,0.0007913539584228365,0.0007913564767482728,3.703684780367615e-05,0.0007543196289445966,0.000828393324551949,2.723722415076597e-09,13597.878990409012
8520,1.0,authorized_public_clip,6,7,0.0007110658065385651,0.0007110750791287646,3.5600806369141644e-05,0.000675474272759623,0.0007466758854979061,9.418525552865886e-09,3779.8704446163515
8520,1.0,authorized_public_clip,7,17,0.0008485405379043935,0.000848557654538673,4.046504534446742e-05,0.0008080926091942057,0.0008890226998831404,1.7143800824204113e-08,2360.3310467383462
8520,1.0,oracle_bernstein,0,22,0.000674074142078072,0.0006740739530162188,3.5488895235849586e-10,0.0006740735981272664,0.0006740743079051711,3.5488895235849586e-10,1.0
8520,1.0,oracle_bernstein,1,5,0.0007546403368941871,0.0007546417617216861,1.634321364226246e-09,0.0007546401274003218,0.0007546416477863301,1.634321364226246e-09,1.0
8520,1.0,oracle_bernstein,2,23,0.0010535546755497992,0.001053556579686199,2.085238408670319e-09,0.0010535544944477904,0.001053556014833798,2.085238408670319e-09,1.0
8520,1.0,oracle_bernstein,3,16,0.0007770590258925125,0.0007770761263381498,1.7108276370455083e-08,0.0007770590180617794,0.0007770605384477876,1.7108276370455083e-08,1.0
8520,1.0,oracle_bernstein,4,26,0.0009728756714597735,0.0009728760628068822,5.908568272279171e-10,0.000972875471950055,0.0009728766536637094,5.908568272279171e-10,1.0
8520,1.0,oracle_bernstein,5,6,0.0007913539584228365,0.0007913564767482728,2.723722415076597e-09,0.0007913537530258578,0.0007913552734118657,2.723722415076597e-09,1.0
8520,1.0,oracle_bernstein,6,7,0.0007110658065385651,0.0007110750791287646,9.418525552865886e-09,0.0007110656606032117,0.0007110671809892194,9.418525552865886e-09,1.0
8520,1.0,oracle_bernstein,7,17,0.0008485405379043935,0.000848557654538673,1.7143800824204113e-08,0.0008485405107378489,0.0008485420311238568,1.7143800824204113e-08,1.0
