game_id,utility,alpha,partition_seed,checkpoint_epoch,local_epochs,update_scale,base_weighted_update_norm_sum,base_max_weighted_update_norm,base_weighted_aggregate_norm,scaled_weighted_update_norm_sum,client,shapley,midpoint,observed_error,predicted_error
0,negative_brier,0.1,3109,0,20,0.0625,1.623127863764565,0.5438424982146491,1.067864723005738,0.10144549148528531,0,0.001099523400553134,0.0010994553027137144,-6.809783941971216e-08,-6.809783942005705e-08
0,negative_brier,0.1,3109,0,20,0.0625,1.623127863764565,0.5438424982146491,1.067864723005738,0.10144549148528531,1,0.0011349828002211663,0.0011349350193953778,-4.778082578855633e-08,-4.778082578852744e-08
0,negative_brier,0.1,3109,0,20,0.0625,1.623127863764565,0.5438424982146491,1.067864723005738,0.10144549148528531,2,0.0009679238351254529,0.0009678912181733668,-3.261695208616865e-08,-3.261695208631841e-08
0,negative_brier,0.1,3109,0,20,0.0625,1.623127863764565,0.5438424982146491,1.067864723005738,0.10144549148528531,3,0.003897575677237379,0.0038974431059480286,-1.3257128935037152e-07,-1.32571289349467e-07
0,negative_brier,0.1,3109,0,20,0.0625,1.623127863764565,0.5438424982146491,1.067864723005738,0.10144549148528531,4,0.0014520114515635047,0.0014518908286923482,-1.2062287115650015e-07,-1.2062287115678311e-07
0,negative_brier,0.1,3109,0,20,0.0625,1.623127863764565,0.5438424982146491,1.067864723005738,0.10144549148528531,5,0.0002904388286852599,0.0002904432716088201,4.442923560196536e-09,4.442923560271915e-09
0,negative_brier,0.1,3109,0,20,0.0625,1.623127863764565,0.5438424982146491,1.067864723005738,0.10144549148528531,6,0.00017941824163134827,0.0001794066307707065,-1.1610860641757086e-08,-1.161086064172507e-08
0,negative_brier,0.1,3109,0,20,0.0625,1.623127863764565,0.5438424982146491,1.067864723005738,0.10144549148528531,7,0.0028703847458653982,0.0028702414629597217,-1.4328290567650753e-07,-1.4328290567514452e-07
1,negative_cross_entropy,0.1,3109,0,20,0.0625,1.623127863764565,0.5438424982146491,1.067864723005738,0.10144549148528531,0,0.005349262642286142,0.005348537023224242,-7.25619061899864e-07,-7.256190619031605e-07
1,negative_cross_entropy,0.1,3109,0,20,0.0625,1.623127863764565,0.5438424982146491,1.067864723005738,0.10144549148528531,1,0.006491633357838195,0.0064907757747647565,-8.57583073438431e-07,-8.575830734383485e-07
1,negative_cross_entropy,0.1,3109,0,20,0.0625,1.623127863764565,0.5438424982146491,1.067864723005738,0.10144549148528531,2,0.004982439443172655,0.004981727509843603,-7.119333290516588e-07,-7.11933329053526e-07
1,negative_cross_entropy,0.1,3109,0,20,0.0625,1.623127863764565,0.5438424982146491,1.067864723005738,0.10144549148528531,3,0.023066600364697373,0.0230654430374424,-1.1573272549712799e-06,-1.1573272549847945e-06
1,negative_cross_entropy,0.1,3109,0,20,0.0625,1.623127863764565,0.5438424982146491,1.067864723005738,0.10144549148528531,4,0.007038828389468933,0.007038422983997039,-4.054054718941047e-07,-4.0540547189641757e-07
1,negative_cross_entropy,0.1,3109,0,20,0.0625,1.623127863764565,0.5438424982146491,1.067864723005738,0.10144549148528531,5,0.001989975392112922,0.001989887097054721,-8.82950582010468e-08,-8.829505819924185e-08
1,negative_cross_entropy,0.1,3109,0,20,0.0625,1.623127863764565,0.5438424982146491,1.067864723005738,0.10144549148528531,6,0.001048632904182989,0.0010485162740019316,-1.1663018105738561e-07,-1.1663018105681358e-07
1,negative_cross_entropy,0.1,3109,0,20,0.0625,1.623127863764565,0.5438424982146491,1.067864723005738,0.10144549148528531,7,0.016988351056144404,0.016987270720303815,-1.0803358405885033e-06,-1.0803358406022818e-06
2,accuracy,0.1,3109,0,20,0.0625,1.623127863764565,0.5438424982146491,1.067864723005738,0.10144549148528531,0,0.0009523809523809537,0.0020000000000000018,0.001047619047619048,0.0010476190476190485
2,accuracy,0.1,3109,0,20,0.0625,1.623127863764565,0.5438424982146491,1.067864723005738,0.10144549148528531,1,0.0017380952380952382,0.0030000000000000027,0.0012619047619047644,0.0012619047619047618
2,accuracy,0.1,3109,0,20,0.0625,1.623127863764565,0.5438424982146491,1.067864723005738,0.10144549148528531,2,0.0013380952380952396,0.0020000000000000018,0.0006619047619047622,0.0006619047619047611
2,accuracy,0.1,3109,0,20,0.0625,1.623127863764565,0.5438424982146491,1.067864723005738,0.10144549148528531,3,0.002404761904761907,0.0040000000000000036,0.0015952380952380966,0.001595238095238094
2,accuracy,0.1,3109,0,20,0.0625,1.623127863764565,0.5438424982146491,1.067864723005738,0.10144549148528531,4,0.0003047619047619052,0.0020000000000000018,0.0016952380952380964,0.0016952380952380951
2,accuracy,0.1,3109,0,20,0.0625,1.623127863764565,0.5438424982146491,1.067864723005738,0.10144549148528531,5,0.00028571428571428574,0.0010000000000000009,0.0007142857142857152,0.0007142857142857142
2,accuracy,0.1,3109,0,20,0.0625,1.623127863764565,0.5438424982146491,1.067864723005738,0.10144549148528531,6,-6.19047619047622e-05,0.0,6.19047619047622e-05,6.190476190475998e-05
2,accuracy,0.1,3109,0,20,0.0625,1.623127863764565,0.5438424982146491,1.067864723005738,0.10144549148528531,7,0.001038095238095239,0.0020000000000000018,0.0009619047619047628,0.000961904761904761
3,negative_brier,0.1,3109,0,20,0.125,1.623127863764565,0.5438424982146491,1.067864723005738,0.20289098297057062,0,0.002262096458051511,0.002261306034934518,-7.904231169929103e-07,-7.904231169936743e-07
3,negative_brier,0.1,3109,0,20,0.125,1.623127863764565,0.5438424982146491,1.067864723005738,0.20289098297057062,1,0.002326001959332311,0.0023253965451392467,-6.054141930642715e-07,-6.054141930649819e-07
3,negative_brier,0.1,3109,0,20,0.125,1.623127863764565,0.5438424982146491,1.067864723005738,0.20289098297057062,2,0.0019957305140215803,0.0019952370120253082,-4.935019962720895e-07,-4.935019962730767e-07
3,negative_brier,0.1,3109,0,20,0.125,1.623127863764565,0.5438424982146491,1.067864723005738,0.20289098297057062,3,0.007977428406255795,0.007976082904194048,-1.3455020617461622e-06,-1.345502061742792e-06
3,negative_brier,0.1,3109,0,20,0.125,1.623127863764565,0.5438424982146491,1.067864723005738,0.20289098297057062,4,0.002913534548805723,0.0029125149644894655,-1.0195843162573784e-06,-1.019584316258725e-06
3,negative_brier,0.1,3109,0,20,0.125,1.623127863764565,0.5438424982146491,1.067864723005738,0.20289098297057062,5,0.0005880024955729983,0.0005880550809775342,5.2585404535887385e-08,5.25854045362106e-08
3,negative_brier,0.1,3109,0,20,0.125,1.623127863764565,0.5438424982146491,1.067864723005738,0.20289098297057062,6,0.0003625333945660759,0.0003624340388541092,-9.935571196670453e-08,-9.935571196659354e-08
3,negative_brier,0.1,3109,0,20,0.125,1.623127863764565,0.5438424982146491,1.067864723005738,0.20289098297057062,7,0.005848374930839671,0.005847005360384516,-1.3695704551546645e-06,-1.3695704551554738e-06
4,negative_cross_entropy,0.1,3109,0,20,0.125,1.623127863764565,0.5438424982146491,1.067864723005738,0.20289098297057062,0,0.010624962301392104,0.01061911439939367,-5.847901998434074e-06,-5.847901998434771e-06
4,negative_cross_entropy,0.1,3109,0,20,0.125,1.623127863764565,0.5438424982146491,1.067864723005738,0.20289098297057062,1,0.012908150931933543,0.012901249951976945,-6.900979956597428e-06,-6.900979956596981e-06
4,negative_cross_entropy,0.1,3109,0,20,0.125,1.623127863764565,0.5438424982146491,1.067864723005738,0.20289098297057062,2,0.009916473489177404,0.009910708705411553,-5.764783765850948e-06,-5.76478376585133e-06
4,negative_cross_entropy,0.1,3109,0,20,0.125,1.623127863764565,0.5438424982146491,1.067864723005738,0.20289098297057062,3,0.04597912222767937,0.04596992035409064,-9.201873588729481e-06,-9.201873588744147e-06
4,negative_cross_entropy,0.1,3109,0,20,0.125,1.623127863764565,0.5438424982146491,1.067864723005738,0.20289098297057062,4,0.013934184636146787,0.013931212983717245,-2.9716524295418656e-06,-2.97165242953767e-06
4,negative_cross_entropy,0.1,3109,0,20,0.125,1.623127863764565,0.5438424982146491,1.067864723005738,0.20289098297057062,5,0.003957575472718319,0.003956924970262898,-6.50502455420629e-07,-6.505024554205796e-07
4,negative_cross_entropy,0.1,3109,0,20,0.125,1.623127863764565,0.5438424982146491,1.067864723005738,0.20289098297057062,6,0.002081377428759987,0.0020804713262629893,-9.061024969976052e-07,-9.061024969971222e-07
4,negative_cross_entropy,0.1,3109,0,20,0.125,1.623127863764565,0.5438424982146491,1.067864723005738,0.20289098297057062,7,0.033758699686396706,0.03375016992093771,-8.529765458994976e-06,-8.529765459015196e-06
5,accuracy,0.1,3109,0,20,0.125,1.623127863764565,0.5438424982146491,1.067864723005738,0.20289098297057062,0,0.002071428571428574,0.0010000000000000009,-0.001071428571428573,-0.0010714285714285721
5,accuracy,0.1,3109,0,20,0.125,1.623127863764565,0.5438424982146491,1.067864723005738,0.20289098297057062,1,0.0017142857142857164,0.0020000000000000018,0.0002857142857142854,0.0002857142857142867
5,accuracy,0.1,3109,0,20,0.125,1.623127863764565,0.5438424982146491,1.067864723005738,0.20289098297057062,2,0.0025857142857142867,0.0029999999999999957,0.00041428571428570905,0.0004142857142857108
5,accuracy,0.1,3109,0,20,0.125,1.623127863764565,0.5438424982146491,1.067864723005738,0.20289098297057062,3,0.005466666666666663,0.003999999999999997,-0.0014666666666666665,-0.0014666666666666725
5,accuracy,0.1,3109,0,20,0.125,1.623127863764565,0.5438424982146491,1.067864723005738,0.20289098297057062,4,0.0011333333333333356,0.0010000000000000009,-0.0001333333333333347,-0.0001333333333333334
5,accuracy,0.1,3109,0,20,0.125,1.623127863764565,0.5438424982146491,1.067864723005738,0.20289098297057062,5,0.0003000000000000008,0.0010000000000000009,0.0007000000000000001,0.0006999999999999966
5,accuracy,0.1,3109,0,20,0.125,1.623127863764565,0.5438424982146491,1.067864723005738,0.20289098297057062,6,0.0006047619047619048,0.001999999999999995,0.00139523809523809,0.00139523809523809
5,accuracy,0.1,3109,0,20,0.125,1.623127863764565,0.5438424982146491,1.067864723005738,0.20289098297057062,7,0.0021238095238095235,0.0029999999999999957,0.0008761904761904723,0.0008761904761904714
6,negative_brier,0.1,3109,0,20,0.25,1.623127863764565,0.5438424982146491,1.067864723005738,0.40578196594114124,0,0.0047609050547466275,0.004750061563274843,-1.084349147178424e-05,-1.0843491471786084e-05
6,negative_brier,0.1,3109,0,20,0.25,1.623127863764565,0.5438424982146491,1.067864723005738,0.40578196594114124,1,0.004867095234348994,0.004858080833151812,-9.014401197182144e-06,-9.014401197183724e-06
6,negative_brier,0.1,3109,0,20,0.25,1.623127863764565,0.5438424982146491,1.067864723005738,0.40578196594114124,2,0.004221854117312942,0.004213533482732124,-8.320634580818477e-06,-8.320634580819397e-06
6,negative_brier,0.1,3109,0,20,0.25,1.623127863764565,0.5438424982146491,1.067864723005738,0.40578196594114124,3,0.01667469927686396,0.016658661584488033,-1.603769237592742e-05,-1.6037692375914234e-05
6,negative_brier,0.1,3109,0,20,0.25,1.623127863764565,0.5438424982146491,1.067864723005738,0.40578196594114124,4,0.005848953188825481,0.005839920949124777,-9.032239700703694e-06,-9.03223970070144e-06
6,negative_brier,0.1,3109,0,20,0.25,1.623127863764565,0.5438424982146491,1.067864723005738,0.40578196594114124,5,0.001206263473697442,0.0012069878746748808,7.244009774388764e-07,7.244009774391783e-07
6,negative_brier,0.1,3109,0,20,0.25,1.623127863764565,0.5438424982146491,1.067864723005738,0.40578196594114124,6,0.0007384579428157807,0.0007375552486276193,-9.026941881613805e-07,-9.026941881616954e-07
6,negative_brier,0.1,3109,0,20,0.25,1.623127863764565,0.5438424982146491,1.067864723005738,0.40578196594114124,7,0.012107228882091686,0.01209226694805704,-1.4961934034645602e-05,-1.4961934034646829e-05
7,negative_cross_entropy,0.1,3109,0,20,0.25,1.623127863764565,0.5438424982146491,1.067864723005738,0.40578196594114124,0,0.0208714784815751,0.020824723600413764,-4.6754881161337886e-05,-4.6754881161337194e-05
7,negative_cross_entropy,0.1,3109,0,20,0.25,1.623127863764565,0.5438424982146491,1.067864723005738,0.40578196594114124,1,0.025420316184140763,0.02536512489594922,-5.519128819154312e-05,-5.519128819154413e-05
7,negative_cross_entropy,0.1,3109,0,20,0.25,1.623127863764565,0.5438424982146491,1.067864723005738,0.40578196594114124,2,0.01955641355212225,0.019509812266073956,-4.660128604829297e-05,-4.6601286048301544e-05
7,negative_cross_entropy,0.1,3109,0,20,0.25,1.623127863764565,0.5438424982146491,1.067864723005738,0.40578196594114124,3,0.09106152563292928,0.09098991419583657,-7.161143709270845e-05,-7.161143709272657e-05
7,negative_cross_entropy,0.1,3109,0,20,0.25,1.623127863764565,0.5438424982146491,1.067864723005738,0.40578196594114124,4,0.027226325361503826,0.02720758261287992,-1.8742748623904598e-05,-1.8742748623910117e-05
7,negative_cross_entropy,0.1,3109,0,20,0.25,1.623127863764565,0.5438424982146491,1.067864723005738,0.40578196594114124,5,0.0078116991787106835,0.007807379948718829,-4.3192299918545785e-06,-4.319229991850681e-06
7,negative_cross_entropy,0.1,3109,0,20,0.25,1.623127863764565,0.5438424982146491,1.067864723005738,0.40578196594114124,6,0.004087305490076243,0.004080578051504524,-6.727438571718647e-06,-6.7274385717197065e-06
7,negative_cross_entropy,0.1,3109,0,20,0.25,1.623127863764565,0.5438424982146491,1.067864723005738,0.40578196594114124,7,0.066454031117231,0.06638861104931815,-6.542006791285249e-05,-6.542006791288184e-05
8,accuracy,0.1,3109,0,20,0.25,1.623127863764565,0.5438424982146491,1.067864723005738,0.40578196594114124,0,0.013792857142857143,0.020000000000000004,0.006207142857142861,0.006207142857142861
8,accuracy,0.1,3109,0,20,0.25,1.623127863764565,0.5438424982146491,1.067864723005738,0.40578196594114124,1,0.011283333333333334,0.015,0.003716666666666665,0.0037166666666666693
8,accuracy,0.1,3109,0,20,0.25,1.623127863764565,0.5438424982146491,1.067864723005738,0.40578196594114124,2,0.012749999999999997,0.018000000000000002,0.005250000000000005,0.005250000000000003
8,accuracy,0.1,3109,0,20,0.25,1.623127863764565,0.5438424982146491,1.067864723005738,0.40578196594114124,3,0.017588095238095243,0.021000000000000005,0.003411904761904762,0.003411904761904771
8,accuracy,0.1,3109,0,20,0.25,1.623127863764565,0.5438424982146491,1.067864723005738,0.40578196594114124,4,0.007897619047619051,0.01100000000000001,0.003102380952380959,0.0031023809523809645
8,accuracy,0.1,3109,0,20,0.25,1.623127863764565,0.5438424982146491,1.067864723005738,0.40578196594114124,5,-4.999999999999948e-05,0.0020000000000000018,0.0020500000000000015,0.0020500000000000097
8,accuracy,0.1,3109,0,20,0.25,1.623127863764565,0.5438424982146491,1.067864723005738,0.40578196594114124,6,0.0012547619047619052,0.0030000000000000027,0.0017452380952380974,0.0017452380952380979
8,accuracy,0.1,3109,0,20,0.25,1.623127863764565,0.5438424982146491,1.067864723005738,0.40578196594114124,7,0.013483333333333332,0.017,0.0035166666666666697,0.003516666666666668
9,negative_brier,0.1,3109,0,20,0.5,1.623127863764565,0.5438424982146491,1.067864723005738,0.8115639318822825,0,0.010218319430892063,0.010053420702009264,-0.00016489872888279973,-0.00016489872888279922
9,negative_brier,0.1,3109,0,20,0.5,1.623127863764565,0.5438424982146491,1.067864723005738,0.8115639318822825,1,0.010408280043409011,0.010261292438193848,-0.0001469876052151639,-0.00014698760521516033
9,negative_brier,0.1,3109,0,20,0.5,1.623127863764565,0.5438424982146491,1.067864723005738,0.8115639318822825,2,0.00916878214394836,0.009023147574556412,-0.0001456345693919489,-0.00014563456939195438
9,negative_brier,0.1,3109,0,20,0.5,1.623127863764565,0.5438424982146491,1.067864723005738,0.8115639318822825,3,0.03594889378046529,0.035728701999434564,-0.00022019178103072773,-0.00022019178103073404
9,negative_brier,0.1,3109,0,20,0.5,1.623127863764565,0.5438424982146491,1.067864723005738,0.8115639318822825,4,0.011619678789811395,0.011539960178799324,-7.971861101207026e-05,-7.971861101206921e-05
9,negative_brier,0.1,3109,0,20,0.5,1.623127863764565,0.5438424982146491,1.067864723005738,0.8115639318822825,5,0.0025457104784441615,0.002556471923523984,1.076144507982258e-05,1.0761445079820892e-05
9,negative_brier,0.1,3109,0,20,0.5,1.623127863764565,0.5438424982146491,1.067864723005738,0.8115639318822825,6,0.001514911890694863,0.0015064285246438325,-8.483366051030517e-06,-8.483366051030756e-06
9,negative_brier,0.1,3109,0,20,0.5,1.623127863764565,0.5438424982146491,1.067864723005738,0.8115639318822825,7,0.025551943905399905,0.02536779253466931,-0.00018415137073059598,-0.00018415137073058555
10,negative_cross_entropy,0.1,3109,0,20,0.5,1.623127863764565,0.5438424982146491,1.067864723005738,0.8115639318822825,0,0.03957096900954589,0.03922575916168558,-0.00034520984786030884,-0.0003452098478603162
10,negative_cross_entropy,0.1,3109,0,20,0.5,1.623127863764565,0.5438424982146491,1.067864723005738,0.8115639318822825,1,0.04849181297274053,0.04807700316392949,-0.00041480980881104107,-0.0004148098088110315
10,negative_cross_entropy,0.1,3109,0,20,0.5,1.623127863764565,0.5438424982146491,1.067864723005738,0.8115639318822825,2,0.03733541981107819,0.03698074805254725,-0.0003546717585309403,-0.00035467175853095987
10,negative_cross_entropy,0.1,3109,0,20,0.5,1.623127863764565,0.5438424982146491,1.067864723005738,0.8115639318822825,3,0.17628205996084387,0.1757824298581121,-0.0004996301027317684,-0.0004996301027317707
10,negative_cross_entropy,0.1,3109,0,20,0.5,1.623127863764565,0.5438424982146491,1.067864723005738,0.8115639318822825,4,0.05145607772750654,0.05140466069109895,-5.1417036407590266e-05,-5.141703640760677e-05
10,negative_cross_entropy,0.1,3109,0,20,0.5,1.623127863764565,0.5438424982146491,1.067864723005738,0.8115639318822825,5,0.015107549054730642,0.015086156219516145,-2.1392835214496808e-05,-2.1392835214501233e-05
10,negative_cross_entropy,0.1,3109,0,20,0.5,1.623127863764565,0.5438424982146491,1.067864723005738,0.8115639318822825,6,0.007786896605897036,0.007744136725522877,-4.275988037415971e-05,-4.275988037416208e-05
10,negative_cross_entropy,0.1,3109,0,20,0.5,1.623127863764565,0.5438424982146491,1.067864723005738,0.8115639318822825,7,0.12719595818453655,0.12675382770029975,-0.00044213048423680235,-0.00044213048423684945
11,accuracy,0.1,3109,0,20,0.5,1.623127863764565,0.5438424982146491,1.067864723005738,0.8115639318822825,0,0.031833333333333366,0.024999999999999994,-0.006833333333333372,-0.0068333333333333345
11,accuracy,0.1,3109,0,20,0.5,1.623127863764565,0.5438424982146491,1.067864723005738,0.8115639318822825,1,0.02290952380952382,0.016999999999999987,-0.005909523809523833,-0.005909523809523828
11,accuracy,0.1,3109,0,20,0.5,1.623127863764565,0.5438424982146491,1.067864723005738,0.8115639318822825,2,0.022814285714285714,0.013999999999999985,-0.00881428571428573,-0.008814285714285731
11,accuracy,0.1,3109,0,20,0.5,1.623127863764565,0.5438424982146491,1.067864723005738,0.8115639318822825,3,0.04988571428571428,0.03799999999999999,-0.011885714285714291,-0.011885714285714295
11,accuracy,0.1,3109,0,20,0.5,1.623127863764565,0.5438424982146491,1.067864723005738,0.8115639318822825,4,0.02835714285714287,0.030999999999999993,0.002642857142857124,0.0026428571428571412
11,accuracy,0.1,3109,0,20,0.5,1.623127863764565,0.5438424982146491,1.067864723005738,0.8115639318822825,5,0.0018428571428571452,0.0050000000000000044,0.0031571428571428592,0.003157142857142855
11,accuracy,0.1,3109,0,20,0.5,1.623127863764565,0.5438424982146491,1.067864723005738,0.8115639318822825,6,0.0031238095238095252,0.0030000000000000027,-0.00012380952380952256,-0.000123809523809523
11,accuracy,0.1,3109,0,20,0.5,1.623127863764565,0.5438424982146491,1.067864723005738,0.8115639318822825,7,0.04723333333333332,0.04399999999999999,-0.003233333333333331,-0.0032333333333333402
12,negative_brier,0.1,3109,0,20,1.0,1.623127863764565,0.5438424982146491,1.067864723005738,1.623127863764565,0,0.019975758588440123,0.018288038457571598,-0.0016877201308685245,-0.0016877201308685323
12,negative_brier,0.1,3109,0,20,1.0,1.623127863764565,0.5438424982146491,1.067864723005738,1.623127863764565,1,0.02056417910662111,0.018874138972619026,-0.001690040134002084,-0.0016900401340020875
12,negative_brier,0.1,3109,0,20,1.0,1.623127863764565,0.5438424982146491,1.067864723005738,1.623127863764565,2,0.01817901254753123,0.01649586392567598,-0.0016831486218552502,-0.0016831486218552498
12,negative_brier,0.1,3109,0,20,1.0,1.623127863764565,0.5438424982146491,1.067864723005738,1.623127863764565,3,0.07690148319642078,0.07476697250166031,-0.0021345106947604636,-0.0021345106947604146
12,negative_brier,0.1,3109,0,20,1.0,1.623127863764565,0.5438424982146491,1.067864723005738,1.623127863764565,4,0.021565517344865604,0.02127912258115161,-0.00028639476371399367,-0.000286394763713994
12,negative_brier,0.1,3109,0,20,1.0,1.623127863764565,0.5438424982146491,1.067864723005738,1.623127863764565,5,0.005575535293834708,0.005669681794813419,9.414650097871145e-05,9.414650097871301e-05
12,negative_brier,0.1,3109,0,20,1.0,1.623127863764565,0.5438424982146491,1.067864723005738,1.623127863764565,6,0.00299948562718342,0.00294909973639923,-5.0385890784189914e-05,-5.038589078418941e-05
12,negative_brier,0.1,3109,0,20,1.0,1.623127863764565,0.5438424982146491,1.067864723005738,1.623127863764565,7,0.05232527702611497,0.050812434015479135,-0.0015128430106358323,-0.0015128430106358358
13,negative_cross_entropy,0.1,3109,0,20,1.0,1.623127863764565,0.5438424982146491,1.067864723005738,1.623127863764565,0,0.06663727638118531,0.06518268699564922,-0.0014545893855360953,-0.001454589385536064
13,negative_cross_entropy,0.1,3109,0,20,1.0,1.623127863764565,0.5438424982146491,1.067864723005738,1.623127863764565,1,0.08264300149519024,0.08059223520782188,-0.0020507662873683608,-0.00205076628736835
13,negative_cross_entropy,0.1,3109,0,20,1.0,1.623127863764565,0.5438424982146491,1.067864723005738,1.623127863764565,2,0.06322878841385074,0.06151099803254778,-0.0017177903813029582,-0.0017177903813029236
13,negative_cross_entropy,0.1,3109,0,20,1.0,1.623127863764565,0.5438424982146491,1.067864723005738,1.623127863764565,3,0.3133684733939961,0.31173683181430445,-0.001631641579691645,-0.001631641579691762
13,negative_cross_entropy,0.1,3109,0,20,1.0,1.623127863764565,0.5438424982146491,1.067864723005738,1.623127863764565,4,0.08974069220557965,0.09086685717269771,0.0011261649671180651,0.0011261649671180465
13,negative_cross_entropy,0.1,3109,0,20,1.0,1.623127863764565,0.5438424982146491,1.067864723005738,1.623127863764565,5,0.02748119042354622,0.02746836298724631,-1.2827436299912842e-05,-1.282743629990143e-05
13,negative_cross_entropy,0.1,3109,0,20,1.0,1.623127863764565,0.5438424982146491,1.067864723005738,1.623127863764565,6,0.013567576923563886,0.013448605510057998,-0.00011897141350588822,-0.00011897141350589298
13,negative_cross_entropy,0.1,3109,0,20,1.0,1.623127863764565,0.5438424982146491,1.067864723005738,1.623127863764565,7,0.22277049874201965,0.22148529453698818,-0.001285204205031476,-0.0012852042050315194
14,accuracy,0.1,3109,0,20,1.0,1.623127863764565,0.5438424982146491,1.067864723005738,1.623127863764565,0,0.03197380952380954,0.020000000000000004,-0.01197380952380954,-0.011973809523809517
14,accuracy,0.1,3109,0,20,1.0,1.623127863764565,0.5438424982146491,1.067864723005738,1.623127863764565,1,0.026230952380952393,0.008,-0.018230952380952393,-0.018230952380952386
14,accuracy,0.1,3109,0,20,1.0,1.623127863764565,0.5438424982146491,1.067864723005738,1.623127863764565,2,0.02267380952380953,0.008999999999999994,-0.013673809523809536,-0.013673809523809534
14,accuracy,0.1,3109,0,20,1.0,1.623127863764565,0.5438424982146491,1.067864723005738,1.623127863764565,3,0.13969285714285712,0.139,-0.0006928571428571062,-0.0006928571428571331
14,accuracy,0.1,3109,0,20,1.0,1.623127863764565,0.5438424982146491,1.067864723005738,1.623127863764565,4,0.0426309523809524,0.05200000000000003,0.009369047619047631,0.009369047619047652
14,accuracy,0.1,3109,0,20,1.0,1.623127863764565,0.5438424982146491,1.067864723005738,1.623127863764565,5,0.007830952380952383,0.015000000000000013,0.0071690476190476304,0.007169047619047629
14,accuracy,0.1,3109,0,20,1.0,1.623127863764565,0.5438424982146491,1.067864723005738,1.623127863764565,6,0.006864285714285719,0.009000000000000008,0.0021357142857142894,0.002135714285714293
14,accuracy,0.1,3109,0,20,1.0,1.623127863764565,0.5438424982146491,1.067864723005738,1.623127863764565,7,0.10410238095238103,0.089,-0.015102380952381034,-0.015102380952380945
15,negative_brier,0.1,3109,15,20,0.0625,1.2128142113654492,0.4085155330399151,0.6492652891288087,0.07580088821034058,0,0.00039827613165402875,0.00039831321954442167,3.7087890392920736e-08,3.708789039266878e-08
15,negative_brier,0.1,3109,15,20,0.0625,1.2128142113654492,0.4085155330399151,0.6492652891288087,0.07580088821034058,1,0.0004883115067573317,0.0004883575124648432,4.600570751146869e-08,4.6005707511290036e-08
15,negative_brier,0.1,3109,15,20,0.0625,1.2128142113654492,0.4085155330399151,0.6492652891288087,0.07580088821034058,2,0.0004019491408953608,0.00040198472628488746,3.558538952668378e-08,3.558538952661666e-08
15,negative_brier,0.1,3109,15,20,0.0625,1.2128142113654492,0.4085155330399151,0.6492652891288087,0.07580088821034058,3,0.0026732073839907983,0.0026732775063740832,7.012238328494777e-08,7.012238328594315e-08
15,negative_brier,0.1,3109,15,20,0.0625,1.2128142113654492,0.4085155330399151,0.6492652891288087,0.07580088821034058,4,0.0006194118846404813,0.0006194131995828633,1.3149423820852171e-09,1.3149423819644264e-09
15,negative_brier,0.1,3109,15,20,0.0625,1.2128142113654492,0.4085155330399151,0.6492652891288087,0.07580088821034058,5,0.0002408008881827679,0.00024082344629644536,2.2558113677473464e-08,2.255811367754677e-08
15,negative_brier,0.1,3109,15,20,0.0625,1.2128142113654492,0.4085155330399151,0.6492652891288087,0.07580088821034058,6,9.602191984407211e-05,9.602563061961167e-05,3.7107755395602822e-09,3.710775539490455e-09
15,negative_brier,0.1,3109,15,20,0.0625,1.2128142113654492,0.4085155330399151,0.6492652891288087,0.07580088821034058,7,0.0016778676161129408,0.0016780096691025315,1.4205298959064742e-07,1.4205298958976558e-07
16,negative_cross_entropy,0.1,3109,15,20,0.0625,1.2128142113654492,0.4085155330399151,0.6492652891288087,0.07580088821034058,0,0.0008136198835828919,0.0008136536645253489,3.3780942457054854e-08,3.3780942456545807e-08
16,negative_cross_entropy,0.1,3109,15,20,0.0625,1.2128142113654492,0.4085155330399151,0.6492652891288087,0.07580088821034058,1,0.0014124340152345215,0.001412469192772936,3.517753841453426e-08,3.517753841500306e-08
16,negative_cross_entropy,0.1,3109,15,20,0.0625,1.2128142113654492,0.4085155330399151,0.6492652891288087,0.07580088821034058,2,0.0009707447002378182,0.0009707723847640626,2.7684526244381447e-08,2.7684526243951885e-08
16,negative_cross_entropy,0.1,3109,15,20,0.0625,1.2128142113654492,0.4085155330399151,0.6492652891288087,0.07580088821034058,3,0.007471566945908033,0.007471648118459684,8.117255165078496e-08,8.117255165225532e-08
16,negative_cross_entropy,0.1,3109,15,20,0.0625,1.2128142113654492,0.4085155330399151,0.6492652891288087,0.07580088821034058,4,0.002363364341111347,0.0023633812421155476,1.690100420075405e-08,1.6901004199329102e-08
16,negative_cross_entropy,0.1,3109,15,20,0.0625,1.2128142113654492,0.4085155330399151,0.6492652891288087,0.07580088821034058,5,0.0007366045235341611,0.0007366254589803445,2.0935446183394622e-08,2.0935446182995005e-08
16,negative_cross_entropy,0.1,3109,15,20,0.0625,1.2128142113654492,0.4085155330399151,0.6492652891288087,0.07580088821034058,6,0.0003052031466895975,0.0003052085757385692,5.429048971668238e-09,5.429048971759103e-09
16,negative_cross_entropy,0.1,3109,15,20,0.0625,1.2128142113654492,0.4085155330399151,0.6492652891288087,0.07580088821034058,7,0.004857402905984239,0.0048575377116569785,1.3480567273918553e-07,1.348056727410029e-07
17,accuracy,0.1,3109,15,20,0.0625,1.2128142113654492,0.4085155330399151,0.6492652891288087,0.07580088821034058,0,-0.002564285714285717,-0.0020000000000000018,0.0005642857142857151,0.0005642857142857112
17,accuracy,0.1,3109,15,20,0.0625,1.2128142113654492,0.4085155330399151,0.6492652891288087,0.07580088821034058,1,-0.00027857142857142913,0.0,0.00027857142857142913,0.0002785714285714277
17,accuracy,0.1,3109,15,20,0.0625,1.2128142113654492,0.4085155330399151,0.6492652891288087,0.07580088821034058,2,-0.0005500000000000002,0.0,0.0005500000000000002,0.0005499999999999984
17,accuracy,0.1,3109,15,20,0.0625,1.2128142113654492,0.4085155330399151,0.6492652891288087,0.07580088821034058,3,0.0069261904761904755,0.007000000000000006,7.380952380953067e-05,7.380952380952037e-05
17,accuracy,0.1,3109,15,20,0.0625,1.2128142113654492,0.4085155330399151,0.6492652891288087,0.07580088821034058,4,0.002911904761904764,0.0030000000000000027,8.809523809523868e-05,8.809523809523532e-05
17,accuracy,0.1,3109,15,20,0.0625,1.2128142113654492,0.4085155330399151,0.6492652891288087,0.07580088821034058,5,0.0002880952380952381,0.0,-0.0002880952380952381,-0.0002880952380952417
17,accuracy,0.1,3109,15,20,0.0625,1.2128142113654492,0.4085155330399151,0.6492652891288087,0.07580088821034058,6,0.0005738095238095244,0.0,-0.0005738095238095244,-0.0005738095238095266
17,accuracy,0.1,3109,15,20,0.0625,1.2128142113654492,0.4085155330399151,0.6492652891288087,0.07580088821034058,7,0.0006928571428571438,0.0020000000000000018,0.0013071428571428578,0.0013071428571428552
18,negative_brier,0.1,3109,15,20,0.125,1.2128142113654492,0.4085155330399151,0.6492652891288087,0.15160177642068115,0,0.0007862783601287693,0.0007865737762769442,2.954161481749304e-07,2.9541614817559965e-07
18,negative_brier,0.1,3109,15,20,0.125,1.2128142113654492,0.4085155330399151,0.6492652891288087,0.15160177642068115,1,0.0009670382014176806,0.0009674131137029085,3.749122852278637e-07,3.7491228522812407e-07
18,negative_brier,0.1,3109,15,20,0.125,1.2128142113654492,0.4085155330399151,0.6492652891288087,0.15160177642068115,2,0.000789635135177284,0.0007899250236880762,2.8988851079217275e-07,2.8988851079233183e-07
18,negative_brier,0.1,3109,15,20,0.125,1.2128142113654492,0.4085155330399151,0.6492652891288087,0.15160177642068115,3,0.005338932452514134,0.0053395009821078365,5.685295937024951e-07,5.68529593697729e-07
18,negative_brier,0.1,3109,15,20,0.125,1.2128142113654492,0.4085155330399151,0.6492652891288087,0.15160177642068115,4,0.0012346997545874241,0.00123469702887824,-2.725709184183897e-09,-2.7257091848136164e-09
18,negative_brier,0.1,3109,15,20,0.125,1.2128142113654492,0.4085155330399151,0.6492652891288087,0.15160177642068115,5,0.0004857930909433397,0.0004859720810721502,1.7899012881046747e-07,1.7899012881057123e-07
18,negative_brier,0.1,3109,15,20,0.125,1.2128142113654492,0.4085155330399151,0.6492652891288087,0.15160177642068115,6,0.00019264128982348004,0.0001926696269595185,2.8337136038467407e-08,2.8337136038463575e-08
18,negative_brier,0.1,3109,15,20,0.125,1.2128142113654492,0.4085155330399151,0.6492652891288087,0.15160177642068115,7,0.003362361736592046,0.0033635180916586904,1.156355066644476e-06,1.1563550666446462e-06
19,negative_cross_entropy,0.1,3109,15,20,0.125,1.2128142113654492,0.4085155330399151,0.6492652891288087,0.15160177642068115,0,0.0016135506751761548,0.0016138189190236796,2.682438475247375e-07,2.682438475250701e-07
19,negative_cross_entropy,0.1,3109,15,20,0.125,1.2128142113654492,0.4085155330399151,0.6492652891288087,0.15160177642068115,1,0.0027974753030087797,0.0027977601857305245,2.848827217447926e-07,2.848827217437147e-07
19,negative_cross_entropy,0.1,3109,15,20,0.125,1.2128142113654492,0.4085155330399151,0.6492652891288087,0.15160177642068115,2,0.001915712763540381,0.0019159344463638428,2.2168282346173712e-07,2.216828234612496e-07
19,negative_cross_entropy,0.1,3109,15,20,0.125,1.2128142113654492,0.4085155330399151,0.6492652891288087,0.15160177642068115,3,0.014788280970436172,0.014788927341469416,6.463710332440392e-07,6.463710332508622e-07
19,negative_cross_entropy,0.1,3109,15,20,0.125,1.2128142113654492,0.4085155330399151,0.6492652891288087,0.15160177642068115,4,0.004712994182380326,0.004713103454996981,1.0927261665481802e-07,1.0927261665278591e-07
19,negative_cross_entropy,0.1,3109,15,20,0.125,1.2128142113654492,0.4085155330399151,0.6492652891288087,0.15160177642068115,5,0.0014675971875584388,0.0014677626919892273,1.6550443078847642e-07,1.6550443078799917e-07
19,negative_cross_entropy,0.1,3109,15,20,0.125,1.2128142113654492,0.4085155330399151,0.6492652891288087,0.15160177642068115,6,0.0006064703889649937,0.0006065140022636362,4.361329864247497e-08,4.3613298643187484e-08
19,negative_cross_entropy,0.1,3109,15,20,0.125,1.2128142113654492,0.4085155330399151,0.6492652891288087,0.15160177642068115,7,0.009651240589266004,0.009652325301584552,1.0847123185480506e-06,1.0847123185540154e-06
20,accuracy,0.1,3109,15,20,0.125,1.2128142113654492,0.4085155330399151,0.6492652891288087,0.15160177642068115,0,-0.0068452380952381,-0.009000000000000008,-0.0021547619047619076,-0.002154761904761905
20,accuracy,0.1,3109,15,20,0.125,1.2128142113654492,0.4085155330399151,0.6492652891288087,0.15160177642068115,1,-0.00025476190476190564,-0.0010000000000000009,-0.0007452380952380953,-0.0007452380952380974
20,accuracy,0.1,3109,15,20,0.125,1.2128142113654492,0.4085155330399151,0.6492652891288087,0.15160177642068115,2,-0.0007690476190476184,-0.0010000000000000009,-0.00023095238095238247,-0.00023095238095238247
20,accuracy,0.1,3109,15,20,0.125,1.2128142113654492,0.4085155330399151,0.6492652891288087,0.15160177642068115,3,0.026483333333333362,0.026000000000000023,-0.0004833333333333391,-0.0004833333333333352
20,accuracy,0.1,3109,15,20,0.125,1.2128142113654492,0.4085155330399151,0.6492652891288087,0.15160177642068115,4,0.005250000000000006,0.0050000000000000044,-0.00025000000000000196,-0.00024999999999999805
20,accuracy,0.1,3109,15,20,0.125,1.2128142113654492,0.4085155330399151,0.6492652891288087,0.15160177642068115,5,0.00115,0.0010000000000000009,-0.0001499999999999991,-0.00015000000000000213
20,accuracy,0.1,3109,15,20,0.125,1.2128142113654492,0.4085155330399151,0.6492652891288087,0.15160177642068115,6,0.0001833333333333344,0.0,-0.0001833333333333344,-0.00018333333333333786
20,accuracy,0.1,3109,15,20,0.125,1.2128142113654492,0.4085155330399151,0.6492652891288087,0.15160177642068115,7,-0.0011976190476190491,-0.0020000000000000018,-0.0008023809523809526,-0.000802380952380955
21,negative_brier,0.1,3109,15,20,0.25,1.2128142113654492,0.4085155330399151,0.6492652891288087,0.3032035528413623,0,0.001535022921331113,0.00153735951352435,2.336592193237074e-06,2.3365921932367823e-06
21,negative_brier,0.1,3109,15,20,0.25,1.2128142113654492,0.4085155330399151,0.6492652891288087,0.3032035528413623,1,0.001893943786443969,0.001897043913688723,3.100127244754034e-06,3.100127244753817e-06
21,negative_brier,0.1,3109,15,20,0.25,1.2128142113654492,0.4085155330399151,0.6492652891288087,0.3032035528413623,2,0.0015213938531302763,0.0015237845140226858,2.390660892409493e-06,2.3906608924089194e-06
21,negative_brier,0.1,3109,15,20,0.25,1.2128142113654492,0.4085155330399151,0.6492652891288087,0.3032035528413623,3,0.01062159822807348,0.010626256098513864,4.657870440384626e-06,4.657870440384166e-06
21,negative_brier,0.1,3109,15,20,0.25,1.2128142113654492,0.4085155330399151,0.6492652891288087,0.3032035528413623,4,0.002453288323628653,0.0024530409561311917,-2.47367497461376e-07,-2.4736749746121044e-07
21,negative_brier,0.1,3109,15,20,0.25,1.2128142113654492,0.4085155330399151,0.6492652891288087,0.3032035528413623,5,0.0009866429152792862,0.000988046176866042,1.40326158675581e-06,1.403261586755649e-06
21,negative_brier,0.1,3109,15,20,0.25,1.2128142113654492,0.4085155330399151,0.6492652891288087,0.3032035528413623,6,0.0003868113187297347,0.0003870155834754252,2.0426474569049894e-07,2.0426474569052708e-07
21,negative_brier,0.1,3109,15,20,0.25,1.2128142113654492,0.4085155330399151,0.6492652891288087,0.3032035528413623,7,0.0067465193875474085,0.00675607948602186,9.560098474451287e-06,9.56009847445226e-06
22,negative_cross_entropy,0.1,3109,15,20,0.25,1.2128142113654492,0.4085155330399151,0.6492652891288087,0.3032035528413623,0,0.0031783892957458256,0.0031805027883586856,2.1134926128599935e-06,2.113492612859647e-06
22,negative_cross_entropy,0.1,3109,15,20,0.25,1.2128142113654492,0.4085155330399151,0.6492652891288087,0.3032035528413623,1,0.005485011508486001,0.005487339233683719,2.3277251977177338e-06,2.327725197716809e-06
22,negative_cross_entropy,0.1,3109,15,20,0.25,1.2128142113654492,0.4085155330399151,0.6492652891288087,0.3032035528413623,2,0.0037286114348226433,0.0037303805539659063,1.7691191432629531e-06,1.769119143261801e-06
22,negative_cross_entropy,0.1,3109,15,20,0.25,1.2128142113654492,0.4085155330399151,0.6492652891288087,0.3032035528413623,3,0.028925351139682972,0.028930464278532186,5.11313884921441e-06,5.11313884922495e-06
22,negative_cross_entropy,0.1,3109,15,20,0.25,1.2128142113654492,0.4085155330399151,0.6492652891288087,0.3032035528413623,4,0.009367361957886523,0.009367813597496388,4.5163960986534246e-07,4.516396098671779e-07
22,negative_cross_entropy,0.1,3109,15,20,0.25,1.2128142113654492,0.4085155330399151,0.6492652891288087,0.3032035528413623,5,0.0029110113626031053,0.002912301919095639,1.2905564925336233e-06,1.290556492533095e-06
22,negative_cross_entropy,0.1,3109,15,20,0.25,1.2128142113654492,0.4085155330399151,0.6492652891288087,0.3032035528413623,6,0.001196189050445053,0.001196540493791698,3.5144334664498345e-07,3.5144334664539627e-07
22,negative_cross_entropy,0.1,3109,15,20,0.25,1.2128142113654492,0.4085155330399151,0.6492652891288087,0.3032035528413623,7,0.019042214567936942,0.0190509826177947,8.768049857756088e-06,8.768049857769244e-06
23,accuracy,0.1,3109,15,20,0.25,1.2128142113654492,0.4085155330399151,0.6492652891288087,0.3032035528413623,0,-0.008316666666666665,-0.010000000000000009,-0.001683333333333344,-0.0016833333333333479
23,accuracy,0.1,3109,15,20,0.25,1.2128142113654492,0.4085155330399151,0.6492652891288087,0.3032035528413623,1,-0.00103095238095238,-0.0020000000000000018,-0.0009690476190476218,-0.0009690476190476285
23,accuracy,0.1,3109,15,20,0.25,1.2128142113654492,0.4085155330399151,0.6492652891288087,0.3032035528413623,2,-0.0009166666666666622,-0.0020000000000000018,-0.0010833333333333396,-0.0010833333333333437
23,accuracy,0.1,3109,15,20,0.25,1.2128142113654492,0.4085155330399151,0.6492652891288087,0.3032035528413623,3,0.04816428571428576,0.04500000000000004,-0.0031642857142857167,-0.00316428571428572
23,accuracy,0.1,3109,15,20,0.25,1.2128142113654492,0.4085155330399151,0.6492652891288087,0.3032035528413623,4,0.0025214285714285716,-0.0020000000000000018,-0.004521428571428574,-0.004521428571428577
23,accuracy,0.1,3109,15,20,0.25,1.2128142113654492,0.4085155330399151,0.6492652891288087,0.3032035528413623,5,0.002088095238095241,0.0020000000000000018,-8.809523809523911e-05,-8.809523809524085e-05
23,accuracy,0.1,3109,15,20,0.25,1.2128142113654492,0.4085155330399151,0.6492652891288087,0.3032035528413623,6,0.000916666666666665,0.0010000000000000009,8.333333333333586e-05,8.333333333332632e-05
23,accuracy,0.1,3109,15,20,0.25,1.2128142113654492,0.4085155330399151,0.6492652891288087,0.3032035528413623,7,-0.0014261904761904752,-0.0020000000000000018,-0.0005738095238095266,-0.0005738095238095298
24,negative_brier,0.1,3109,15,20,0.5,1.2128142113654492,0.4085155330399151,0.6492652891288087,0.6064071056827246,0,0.0029520096704826605,0.002970136436709514,1.8126766226853486e-05,1.812676622685239e-05
24,negative_brier,0.1,3109,15,20,0.5,1.2128142113654492,0.4085155330399151,0.6492652891288087,0.6064071056827246,1,0.0036152056494049146,0.003641285171977815,2.607952257290035e-05,2.6079522572897927e-05
24,negative_brier,0.1,3109,15,20,0.5,1.2128142113654492,0.4085155330399151,0.6492652891288087,0.6064071056827246,2,0.0028085128840988753,0.0028283817969477765,1.9868912848901212e-05,1.9868912848900308e-05
24,negative_brier,0.1,3109,15,20,0.5,1.2128142113654492,0.4085155330399151,0.6492652891288087,0.6064071056827246,3,0.02079302858849113,0.020831660489694148,3.8631901203019237e-05,3.8631901203029747e-05
24,negative_brier,0.1,3109,15,20,0.5,1.2128142113654492,0.4085155330399151,0.6492652891288087,0.6064071056827246,4,0.004849390210515388,0.00484336470834501,-6.025502170377978e-06,-6.0255021703745616e-06
24,negative_brier,0.1,3109,15,20,0.5,1.2128142113654492,0.4085155330399151,0.6492652891288087,0.6064071056827246,5,0.002017812060497642,0.002028441063864128,1.062900336648619e-05,1.0629003366485761e-05
24,negative_brier,0.1,3109,15,20,0.5,1.2128142113654492,0.4085155330399151,0.6492652891288087,0.6064071056827246,6,0.0007721868827721243,0.000773449442334484,1.2625595623596934e-06,1.262559562359962e-06
24,negative_brier,0.1,3109,15,20,0.5,1.2128142113654492,0.4085155330399151,0.6492652891288087,0.6064071056827246,7,0.013536407529059241,0.013617439265567965,8.10317365087243e-05,8.103173650872669e-05
25,negative_cross_entropy,0.1,3109,15,20,0.5,1.2128142113654492,0.4085155330399151,0.6492652891288087,0.6064071056827246,0,0.006211086653056904,0.006227478805050146,1.6392151993242267e-05,1.639215199323995e-05
25,negative_cross_entropy,0.1,3109,15,20,0.5,1.2128142113654492,0.4085155330399151,0.6492652891288087,0.6064071056827246,1,0.010530355834612638,0.010549550847330558,1.9195012717920096e-05,1.919501271791789e-05
25,negative_cross_entropy,0.1,3109,15,20,0.5,1.2128142113654492,0.4085155330399151,0.6492652891288087,0.6064071056827246,2,0.007050769881602385,0.007064625867327701,1.3855985725315725e-05,1.3855985725311873e-05
25,negative_cross_entropy,0.1,3109,15,20,0.5,1.2128142113654492,0.4085155330399151,0.6492652891288087,0.6064071056827246,3,0.05499910602078264,0.05503881105064323,3.9705029860594154e-05,3.970502986059197e-05
25,negative_cross_entropy,0.1,3109,15,20,0.5,1.2128142113654492,0.4085155330399151,0.6492652891288087,0.6064071056827246,4,0.018470110994715582,0.018466805717271995,-3.305277443587523e-06,-3.3052774435757935e-06
25,negative_cross_entropy,0.1,3109,15,20,0.5,1.2128142113654492,0.4085155330399151,0.6492652891288087,0.6064071056827246,5,0.005712026096758587,0.005721776265360856,9.750168602269509e-06,9.7501686022683e-06
25,negative_cross_entropy,0.1,3109,15,20,0.5,1.2128142113654492,0.4085155330399151,0.6492652891288087,0.6064071056827246,6,0.0023177764738189937,0.002320625335995974,2.848862176980157e-06,2.848862176980607e-06
25,negative_cross_entropy,0.1,3109,15,20,0.5,1.2128142113654492,0.4085155330399151,0.6492652891288087,0.6064071056827246,7,0.036998319884672726,0.0370695877802284,7.126789555567115e-05,7.126789555566772e-05
26,accuracy,0.1,3109,15,20,0.5,1.2128142113654492,0.4085155330399151,0.6492652891288087,0.6064071056827246,0,-0.008783333333333327,-0.014999999999999986,-0.0062166666666666585,-0.006216666666666669
26,accuracy,0.1,3109,15,20,0.5,1.2128142113654492,0.4085155330399151,0.6492652891288087,0.6064071056827246,1,-0.0016404761904761892,0.0020000000000000018,0.003640476190476191,0.0036404761904761905
26,accuracy,0.1,3109,15,20,0.5,1.2128142113654492,0.4085155330399151,0.6492652891288087,0.6064071056827246,2,-0.0056357142857142856,-0.006000000000000005,-0.00036428571428571976,-0.00036428571428572237
26,accuracy,0.1,3109,15,20,0.5,1.2128142113654492,0.4085155330399151,0.6492652891288087,0.6064071056827246,3,0.07288333333333338,0.07100000000000001,-0.0018833333333333757,-0.0018833333333333575
26,accuracy,0.1,3109,15,20,0.5,1.2128142113654492,0.4085155330399151,0.6492652891288087,0.6064071056827246,4,0.012907142857142836,0.017999999999999988,0.0050928571428571524,0.005092857142857142
26,accuracy,0.1,3109,15,20,0.5,1.2128142113654492,0.4085155330399151,0.6492652891288087,0.6064071056827246,5,0.005150000000000003,0.006000000000000005,0.0008500000000000027,0.0008500000000000009
26,accuracy,0.1,3109,15,20,0.5,1.2128142113654492,0.4085155330399151,0.6492652891288087,0.6064071056827246,6,0.0016214285714285688,0.0010000000000000009,-0.0006214285714285679,-0.0006214285714285775
26,accuracy,0.1,3109,15,20,0.5,1.2128142113654492,0.4085155330399151,0.6492652891288087,0.6064071056827246,7,0.015497619047619014,0.011999999999999955,-0.0034976190476190584,-0.0034976190476190784
27,negative_brier,0.1,3109,15,20,1.0,1.2128142113654492,0.4085155330399151,0.6492652891288087,1.2128142113654492,0,0.005703860828654891,0.005836274630621585,0.00013241380196669407,0.0001324138019666952
27,negative_brier,0.1,3109,15,20,1.0,1.2128142113654492,0.4085155330399151,0.6492652891288087,1.2128142113654492,1,0.00648011789871774,0.00669687637311811,0.0002167584744003706,0.00021675847440037275
27,negative_brier,0.1,3109,15,20,1.0,1.2128142113654492,0.4085155330399151,0.6492652891288087,1.2128142113654492,2,0.004705067115720879,0.0048626587630315465,0.0001575916473106672,0.00015759164731066677
27,negative_brier,0.1,3109,15,20,1.0,1.2128142113654492,0.4085155330399151,0.6492652891288087,1.2128142113654492,3,0.0378723250842149,0.0381879707782693,0.00031564569405440057,0.00031564569405440984
27,negative_brier,0.1,3109,15,20,1.0,1.2128142113654492,0.4085155330399151,0.6492652891288087,1.2128142113654492,4,0.009572944201002808,0.00944773928718523,-0.00012520491381757745,-0.0001252049138175808
27,negative_brier,0.1,3109,15,20,1.0,1.2128142113654492,0.4085155330399151,0.6492652891288087,1.2128142113654492,5,0.004069549683616557,0.004142941006027301,7.339132241074384e-05,7.339132241074646e-05
27,negative_brier,0.1,3109,15,20,1.0,1.2128142113654492,0.4085155330399151,0.6492652891288087,1.2128142113654492,6,0.0014742710947017992,0.0014790084001156667,4.737305413867474e-06,4.737305413867109e-06
27,negative_brier,0.1,3109,15,20,1.0,1.2128142113654492,0.4085155330399151,0.6492652891288087,1.2128142113654492,7,0.02680052705588447,0.027500274052678797,0.0006997469967943253,0.000699746996794319
28,negative_cross_entropy,0.1,3109,15,20,1.0,1.2128142113654492,0.4085155330399151,0.6492652891288087,1.2128142113654492,0,0.0122172876509516,0.012337543140943819,0.00012025548999221834,0.00012025548999222005
28,negative_cross_entropy,0.1,3109,15,20,1.0,1.2128142113654492,0.4085155330399151,0.6492652891288087,1.2128142113654492,1,0.019346013251306318,0.01950352639824715,0.00015751314694083252,0.00015751314694081628
28,negative_cross_entropy,0.1,3109,15,20,1.0,1.2128142113654492,0.4085155330399151,0.6492652891288087,1.2128142113654492,2,0.012543957072890766,0.012644331066779757,0.00010037399388899103,0.00010037399388898772
28,negative_cross_entropy,0.1,3109,15,20,1.0,1.2128142113654492,0.4085155330399151,0.6492652891288087,1.2128142113654492,3,0.09679882751248006,0.0970889716210731,0.0002901441085930434,0.00029014410859306335
28,negative_cross_entropy,0.1,3109,15,20,1.0,1.2128142113654492,0.4085155330399151,0.6492652891288087,1.2128142113654492,4,0.03563265209204886,0.035495669005648045,-0.0001369830864008173,-0.000136983086400811
28,negative_cross_entropy,0.1,3109,15,20,1.0,1.2128142113654492,0.4085155330399151,0.6492652891288087,1.2128142113654492,5,0.010894231644260156,0.010963331148465483,6.909950420532635e-05,6.90995042053278e-05
28,negative_cross_entropy,0.1,3109,15,20,1.0,1.2128142113654492,0.4085155330399151,0.6492652891288087,1.2128142113654492,6,0.0042871822104496365,0.004310963561548475,2.3781351098838867e-05,2.378135109883992e-05
28,negative_cross_entropy,0.1,3109,15,20,1.0,1.2128142113654492,0.4085155330399151,0.6492652891288087,1.2128142113654492,7,0.06933957411206453,0.06991498341686453,0.0005754093048000036,0.0005754093047999609
29,accuracy,0.1,3109,15,20,1.0,1.2128142113654492,0.4085155330399151,0.6492652891288087,1.2128142113654492,0,-0.0016595238095238104,-0.00899999999999998,-0.00734047619047617,-0.007340476190476161
29,accuracy,0.1,3109,15,20,1.0,1.2128142113654492,0.4085155330399151,0.6492652891288087,1.2128142113654492,1,-0.0004309523809523782,-0.0040000000000000036,-0.0035690476190476253,-0.0035690476190476
29,accuracy,0.1,3109,15,20,1.0,1.2128142113654492,0.4085155330399151,0.6492652891288087,1.2128142113654492,2,-0.00819285714285714,-0.01999999999999999,-0.01180714285714285,-0.011807142857142832
29,accuracy,0.1,3109,15,20,1.0,1.2128142113654492,0.4085155330399151,0.6492652891288087,1.2128142113654492,3,0.07218809523809525,0.07100000000000001,-0.001188095238095238,-0.0011880952380952207
29,accuracy,0.1,3109,15,20,1.0,1.2128142113654492,0.4085155330399151,0.6492652891288087,1.2128142113654492,4,0.019335714285714293,0.012000000000000038,-0.0073357142857142545,-0.007335714285714241
29,accuracy,0.1,3109,15,20,1.0,1.2128142113654492,0.4085155330399151,0.6492652891288087,1.2128142113654492,5,0.00864523809523809,0.010000000000000009,0.0013547619047619194,0.0013547619047619246
29,accuracy,0.1,3109,15,20,1.0,1.2128142113654492,0.4085155330399151,0.6492652891288087,1.2128142113654492,6,0.0014357142857142928,0.0,-0.0014357142857142928,-0.001435714285714278
29,accuracy,0.1,3109,15,20,1.0,1.2128142113654492,0.4085155330399151,0.6492652891288087,1.2128142113654492,7,0.03667857142857138,0.034999999999999976,-0.0016785714285714043,-0.0016785714285714268
30,negative_brier,0.1,3253,0,20,0.0625,1.6475904532978376,0.3475425130634359,0.850623848942954,0.10297440333111485,0,0.0004043966482815784,0.00040440770231647827,1.1054034899883255e-08,1.1054034899728373e-08
30,negative_brier,0.1,3253,0,20,0.0625,1.6475904532978376,0.3475425130634359,0.850623848942954,0.10297440333111485,1,0.0016583857313367527,0.0016583409194955157,-4.481184123707356e-08,-4.481184123600589e-08
30,negative_brier,0.1,3253,0,20,0.0625,1.6475904532978376,0.3475425130634359,0.850623848942954,0.10297440333111485,2,0.0017814264963213835,0.001781394971374528,-3.152494685546188e-08,-3.1524946854708113e-08
30,negative_brier,0.1,3253,0,20,0.0625,1.6475904532978376,0.3475425130634359,0.850623848942954,0.10297440333111485,3,0.0018995222185795835,0.0018994889289659644,-3.3289613619088415e-08,-3.3289613618745605e-08
30,negative_brier,0.1,3253,0,20,0.0625,1.6475904532978376,0.3475425130634359,0.850623848942954,0.10297440333111485,4,0.0020195534076064103,0.0020195185766101464,-3.4830996263873065e-08,-3.48309962643398e-08
30,negative_brier,0.1,3253,0,20,0.0625,1.6475904532978376,0.3475425130634359,0.850623848942954,0.10297440333111485,5,0.00016683705876159563,0.0001668395006094725,2.4418478768671852e-09,2.441847876941789e-09
30,negative_brier,0.1,3253,0,20,0.0625,1.6475904532978376,0.3475425130634359,0.850623848942954,0.10297440333111485,6,0.0002683793007188209,0.0002683936573980583,1.4356679237418572e-08,1.4356679237368487e-08
30,negative_brier,0.1,3253,0,20,0.0625,1.6475904532978376,0.3475425130634359,0.850623848942954,0.10297440333111485,7,0.0006102154194672572,0.0006101846508838604,-3.0768583396726355e-08,-3.0768583397128034e-08
31,negative_cross_entropy,0.1,3253,0,20,0.0625,1.6475904532978376,0.3475425130634359,0.850623848942954,0.10297440333111485,0,0.0029127917893576618,0.002912662569060087,-1.2922029757464135e-07,-1.2922029757492635e-07
31,negative_cross_entropy,0.1,3253,0,20,0.0625,1.6475904532978376,0.3475425130634359,0.850623848942954,0.10297440333111485,1,0.011022227941503185,0.011021861813961475,-3.661275417097404e-07,-3.6612754171137605e-07
31,negative_cross_entropy,0.1,3253,0,20,0.0625,1.6475904532978376,0.3475425130634359,0.850623848942954,0.10297440333111485,2,0.008260303428604402,0.008260145774916738,-1.5765368766365584e-07,-1.5765368765860043e-07
31,negative_cross_entropy,0.1,3253,0,20,0.0625,1.6475904532978376,0.3475425130634359,0.850623848942954,0.10297440333111485,3,0.012683223607393641,0.012682854228021956,-3.6937937168517176e-07,-3.6937937168175203e-07
31,negative_cross_entropy,0.1,3253,0,20,0.0625,1.6475904532978376,0.3475425130634359,0.850623848942954,0.10297440333111485,4,0.010354277871061851,0.010354172278526752,-1.0559253509935529e-07,-1.0559253509187122e-07
31,negative_cross_entropy,0.1,3253,0,20,0.0625,1.6475904532978376,0.3475425130634359,0.850623848942954,0.10297440333111485,5,0.0008256525895463987,0.0008256312593555304,-2.1330190868359272e-08,-2.133019086808256e-08
31,negative_cross_entropy,0.1,3253,0,20,0.0625,1.6475904532978376,0.3475425130634359,0.850623848942954,0.10297440333111485,6,0.0018840092055660593,0.0018839394907483875,-6.971481767174478e-08,-6.971481767161672e-08
31,negative_cross_entropy,0.1,3253,0,20,0.0625,1.6475904532978376,0.3475425130634359,0.850623848942954,0.10297440333111485,7,0.00325406906971419,0.0032539917780791683,-7.72916350219241e-08,-7.729163502292361e-08
32,accuracy,0.1,3253,0,20,0.0625,1.6475904532978376,0.3475425130634359,0.850623848942954,0.10297440333111485,0,0.0008595238095238111,0.0020000000000000018,0.0011404761904761907,0.00114047619047619
32,accuracy,0.1,3253,0,20,0.0625,1.6475904532978376,0.3475425130634359,0.850623848942954,0.10297440333111485,1,0.00020714285714285745,0.0010000000000000009,0.0007928571428571434,0.0007928571428571429
32,accuracy,0.1,3253,0,20,0.0625,1.6475904532978376,0.3475425130634359,0.850623848942954,0.10297440333111485,2,-0.00019285714285714316,0.0,0.00019285714285714316,0.0001928571428571423
32,accuracy,0.1,3253,0,20,0.0625,1.6475904532978376,0.3475425130634359,0.850623848942954,0.10297440333111485,3,0.0020404761904761924,0.0030000000000000027,0.0009595238095238103,0.0009595238095238094
32,accuracy,0.1,3253,0,20,0.0625,1.6475904532978376,0.3475425130634359,0.850623848942954,0.10297440333111485,4,0.0003880952380952385,0.0010000000000000009,0.0006119047619047624,0.0006119047619047627
32,accuracy,0.1,3253,0,20,0.0625,1.6475904532978376,0.3475425130634359,0.850623848942954,0.10297440333111485,5,-2.6190476190476528e-05,0.0,2.6190476190476528e-05,2.6190476190475335e-05
32,accuracy,0.1,3253,0,20,0.0625,1.6475904532978376,0.3475425130634359,0.850623848942954,0.10297440333111485,6,0.0006023809523809529,0.0010000000000000009,0.000397619047619048,0.0003976190476190481
32,accuracy,0.1,3253,0,20,0.0625,1.6475904532978376,0.3475425130634359,0.850623848942954,0.10297440333111485,7,0.00012142857142857159,0.0010000000000000009,0.0008785714285714293,0.0008785714285714282
33,negative_brier,0.1,3253,0,20,0.125,1.6475904532978376,0.3475425130634359,0.850623848942954,0.2059488066622297,0,0.0008262792473470394,0.0008263613377093026,8.209036226323498e-08,8.209036226349729e-08
33,negative_brier,0.1,3253,0,20,0.125,1.6475904532978376,0.3475425130634359,0.850623848942954,0.2059488066622297,1,0.0033657645074017055,0.003365384546437089,-3.799609646164791e-07,-3.7996096461683e-07
33,negative_brier,0.1,3253,0,20,0.125,1.6475904532978376,0.3475425130634359,0.850623848942954,0.2059488066622297,2,0.0036248227659301563,0.003624546925754313,-2.7584017584349543e-07,-2.7584017584395394e-07
33,negative_brier,0.1,3253,0,20,0.125,1.6475904532978376,0.3475425130634359,0.850623848942954,0.2059488066622297,3,0.0038655499071666866,0.0038652540230728616,-2.958840938250412e-07,-2.958840938264787e-07
33,negative_brier,0.1,3253,0,20,0.125,1.6475904532978376,0.3475425130634359,0.850623848942954,0.2059488066622297,4,0.004097743337840393,0.004097451516331507,-2.918215088855772e-07,-2.9182150888474285e-07
33,negative_brier,0.1,3253,0,20,0.125,1.6475904532978376,0.3475425130634359,0.850623848942954,0.2059488066622297,5,0.0003343830895082118,0.0003344057035448156,2.2614036603756712e-08,2.2614036603757235e-08
33,negative_brier,0.1,3253,0,20,0.125,1.6475904532978376,0.3475425130634359,0.850623848942954,0.2059488066622297,6,0.0005487999215298605,0.0005489080124163603,1.080908864997893e-07,1.0809088650003192e-07
33,negative_brier,0.1,3253,0,20,0.125,1.6475904532978376,0.3475425130634359,0.850623848942954,0.2059488066622297,7,0.0012143579068132804,0.001214120415582054,-2.3749123122642282e-07,-2.3749123122622062e-07
34,negative_cross_entropy,0.1,3253,0,20,0.125,1.6475904532978376,0.3475425130634359,0.850623848942954,0.2059488066622297,0,0.005810658454497576,0.0058096183704556825,-1.0400840418931315e-06,-1.0400840418964936e-06
34,negative_cross_entropy,0.1,3253,0,20,0.125,1.6475904532978376,0.3475425130634359,0.850623848942954,0.2059488066622297,1,0.021954441052646975,0.021951544128407052,-2.896924239922938e-06,-2.8969242399262438e-06
34,negative_cross_entropy,0.1,3253,0,20,0.125,1.6475904532978376,0.3475425130634359,0.850623848942954,0.2059488066622297,2,0.01648582624941205,0.01648456072418303,-1.2655252290202923e-06,-1.2655252290211518e-06
34,negative_cross_entropy,0.1,3253,0,20,0.125,1.6475904532978376,0.3475425130634359,0.850623848942954,0.2059488066622297,3,0.025309443761486188,0.02530650199487261,-2.9417666135775344e-06,-2.9417666135712583e-06
34,negative_cross_entropy,0.1,3253,0,20,0.125,1.6475904532978376,0.3475425130634359,0.850623848942954,0.2059488066622297,4,0.020606720788996228,0.02060591547357915,-8.05315417077429e-07,-8.053154170723731e-07
34,negative_cross_entropy,0.1,3253,0,20,0.125,1.6475904532978376,0.3475425130634359,0.850623848942954,0.2059488066622297,5,0.0016427680387422604,0.0016426131236002561,-1.5491514200431655e-07,-1.549151420043331e-07
34,negative_cross_entropy,0.1,3253,0,20,0.125,1.6475904532978376,0.3475425130634359,0.850623848942954,0.2059488066622297,6,0.0037611546737780404,0.003760587057927145,-5.676158508953824e-07,-5.676158508962001e-07
34,negative_cross_entropy,0.1,3253,0,20,0.125,1.6475904532978376,0.3475425130634359,0.850623848942954,0.2059488066622297,7,0.006458175687382685,0.006457609360455363,-5.663269273216073e-07,-5.663269273219788e-07
35,accuracy,0.1,3253,0,20,0.125,1.6475904532978376,0.3475425130634359,0.850623848942954,0.2059488066622297,0,0.0008785714285714291,0.0020000000000000018,0.0011214285714285727,0.0011214285714285762
35,accuracy,0.1,3253,0,20,0.125,1.6475904532978376,0.3475425130634359,0.850623848942954,0.2059488066622297,1,-0.0002738095238095245,0.0,0.0002738095238095245,0.000273809523809526
35,accuracy,0.1,3253,0,20,0.125,1.6475904532978376,0.3475425130634359,0.850623848942954,0.2059488066622297,2,-0.0002928571428571406,-0.000999999999999994,-0.0007071428571428533,-0.0007071428571428485
35,accuracy,0.1,3253,0,20,0.125,1.6475904532978376,0.3475425130634359,0.850623848942954,0.2059488066622297,3,0.001383333333333335,0.0020000000000000018,0.0006166666666666668,0.000616666666666672
35,accuracy,0.1,3253,0,20,0.125,1.6475904532978376,0.3475425130634359,0.850623848942954,0.2059488066622297,4,0.004216666666666667,0.0040000000000000036,-0.00021666666666666362,-0.00021666666666666405
35,accuracy,0.1,3253,0,20,0.125,1.6475904532978376,0.3475425130634359,0.850623848942954,0.2059488066622297,5,0.0004738095238095234,0.0010000000000000009,0.0005261904761904775,0.00052619047619048
35,accuracy,0.1,3253,0,20,0.125,1.6475904532978376,0.3475425130634359,0.850623848942954,0.2059488066622297,6,0.0008023809523809533,0.0020000000000000018,0.0011976190476190485,0.001197619047619051
35,accuracy,0.1,3253,0,20,0.125,1.6475904532978376,0.3475425130634359,0.850623848942954,0.2059488066622297,7,0.0008119047619047641,0.0020000000000000018,0.0011880952380952377,0.0011880952380952429
36,negative_brier,0.1,3253,0,20,0.25,1.6475904532978376,0.3475425130634359,0.850623848942954,0.4118976133244594,0,0.0017242706277811786,0.0017247536749507852,4.830471696066693e-07,4.830471696067768e-07
36,negative_brier,0.1,3253,0,20,0.25,1.6475904532978376,0.3475425130634359,0.850623848942954,0.4118976133244594,1,0.006926914951623991,0.006923451715216411,-3.4632364075797006e-06,-3.463236407581322e-06
36,negative_brier,0.1,3253,0,20,0.25,1.6475904532978376,0.3475425130634359,0.850623848942954,0.4118976133244594,2,0.007491024639141344,0.007488413956047546,-2.6106830937977846e-06,-2.610683093796982e-06
36,negative_brier,0.1,3253,0,20,0.25,1.6475904532978376,0.3475425130634359,0.850623848942954,0.4118976133244594,3,0.007996671847012431,0.007993724916713574,-2.946930298857245e-06,-2.9469302988547186e-06
36,negative_brier,0.1,3253,0,20,0.25,1.6475904532978376,0.3475425130634359,0.850623848942954,0.4118976133244594,4,0.008427906836258369,0.008425318674376292,-2.5881618820767366e-06,-2.588161882078967e-06
36,negative_brier,0.1,3253,0,20,0.25,1.6475904532978376,0.3475425130634359,0.850623848942954,0.4118976133244594,5,0.0006713057988394552,0.000671533013804404,2.2721496494883253e-07,2.272149649486177e-07
36,negative_brier,0.1,3253,0,20,0.25,1.6475904532978376,0.3475425130634359,0.850623848942954,0.4118976133244594,6,0.0011468336983215023,0.001147532894113179,6.991957916767638e-07,6.991957916761627e-07
36,negative_brier,0.1,3253,0,20,0.25,1.6475904532978376,0.3475425130634359,0.850623848942954,0.4118976133244594,7,0.0024017109785725065,0.0023999479879164287,-1.7629906560777744e-06,-1.7629906560780641e-06
37,negative_cross_entropy,0.1,3253,0,20,0.25,1.6475904532978376,0.3475425130634359,0.850623848942954,0.4118976133244594,0,0.01154117215237889,0.011532754224036657,-8.417928342233094e-06,-8.417928342228734e-06
37,negative_cross_entropy,0.1,3253,0,20,0.25,1.6475904532978376,0.3475425130634359,0.850623848942954,0.4118976133244594,1,0.043447852784038815,0.04342534988563074,-2.250289840807773e-05,-2.2502898408089092e-05
37,negative_cross_entropy,0.1,3253,0,20,0.25,1.6475904532978376,0.3475425130634359,0.850623848942954,0.4118976133244594,2,0.03278523104120581,0.032775137554543976,-1.0093486661831574e-05,-1.0093486661844061e-05
37,negative_cross_entropy,0.1,3253,0,20,0.25,1.6475904532978376,0.3475425130634359,0.850623848942954,0.4118976133244594,3,0.05027022137616719,0.05024703426007049,-2.3187116096702598e-05,-2.318711609670173e-05
37,negative_cross_entropy,0.1,3253,0,20,0.25,1.6475904532978376,0.3475425130634359,0.850623848942954,0.4118976133244594,4,0.040743385516045255,0.04073765498986015,-5.730526185104834e-06,-5.730526185120426e-06
37,negative_cross_entropy,0.1,3253,0,20,0.25,1.6475904532978376,0.3475425130634359,0.850623848942954,0.4118976133244594,5,0.0032468852157911997,0.003245918575949691,-9.666398415085833e-07,-9.666398415090052e-07
37,negative_cross_entropy,0.1,3253,0,20,0.25,1.6475904532978376,0.3475425130634359,0.850623848942954,0.4118976133244594,6,0.00748044252197394,0.007475731606355618,-4.7109156183222645e-06,-4.710915618324381e-06
37,negative_cross_entropy,0.1,3253,0,20,0.25,1.6475904532978376,0.3475425130634359,0.850623848942954,0.4118976133244594,7,0.01269685973519219,0.012693211026385098,-3.6487088070913387e-06,-3.64870880709187e-06
38,accuracy,0.1,3253,0,20,0.25,1.6475904532978376,0.3475425130634359,0.850623848942954,0.4118976133244594,0,0.0020928571428571402,0.0029999999999999957,0.0009071428571428555,0.0009071428571428505
38,accuracy,0.1,3253,0,20,0.25,1.6475904532978376,0.3475425130634359,0.850623848942954,0.4118976133244594,1,0.004754761904761902,0.008,0.003245238095238098,0.0032452380952380944
38,accuracy,0.1,3253,0,20,0.25,1.6475904532978376,0.3475425130634359,0.850623848942954,0.4118976133244594,2,0.002769047619047618,0.0020000000000000018,-0.0007690476190476163,-0.0007690476190476176
38,accuracy,0.1,3253,0,20,0.25,1.6475904532978376,0.3475425130634359,0.850623848942954,0.4118976133244594,3,0.006073809523809522,0.006999999999999999,0.0009261904761904772,0.0009261904761904706
38,accuracy,0.1,3253,0,20,0.25,1.6475904532978376,0.3475425130634359,0.850623848942954,0.4118976133244594,4,0.013859523809523811,0.015000000000000006,0.0011404761904761952,0.0011404761904761918
38,accuracy,0.1,3253,0,20,0.25,1.6475904532978376,0.3475425130634359,0.850623848942954,0.4118976133244594,5,0.0013642857142857163,0.0010000000000000009,-0.0003642857142857154,-0.0003642857142857163
38,accuracy,0.1,3253,0,20,0.25,1.6475904532978376,0.3475425130634359,0.850623848942954,0.4118976133244594,6,0.002650000000000002,0.0049999999999999975,0.0023499999999999953,0.002349999999999998
38,accuracy,0.1,3253,0,20,0.25,1.6475904532978376,0.3475425130634359,0.850623848942954,0.4118976133244594,7,0.0024357142857142893,0.0040000000000000036,0.0015642857142857142,0.0015642857142857142
39,negative_brier,0.1,3253,0,20,0.5,1.6475904532978376,0.3475425130634359,0.850623848942954,0.8237952266489188,0,0.0037363686415115283,0.0037350147066036454,-1.3539349078828256e-06,-1.3539349078838841e-06
39,negative_brier,0.1,3253,0,20,0.5,1.6475904532978376,0.3475425130634359,0.850623848942954,0.8237952266489188,1,0.014597957668827644,0.014561126290063064,-3.6831378764579786e-05,-3.683137876458438e-05
39,negative_brier,0.1,3253,0,20,0.5,1.6475904532978376,0.3475425130634359,0.850623848942954,0.8237952266489188,2,0.015859600959573665,0.015831804634122426,-2.7796325451238946e-05,-2.7796325451237167e-05
39,negative_brier,0.1,3253,0,20,0.5,1.6475904532978376,0.3475425130634359,0.850623848942954,0.8237952266489188,3,0.017007742688776615,0.016971612758851395,-3.612992992521949e-05,-3.612992992522263e-05
39,negative_brier,0.1,3253,0,20,0.5,1.6475904532978376,0.3475425130634359,0.850623848942954,0.8237952266489188,4,0.017721782123234546,0.017696277935273508,-2.5504187961038205e-05,-2.5504187961038273e-05
39,negative_brier,0.1,3253,0,20,0.5,1.6475904532978376,0.3475425130634359,0.850623848942954,0.8237952266489188,5,0.0013498683596270963,0.0013522562358216916,2.387876194595356e-06,2.387876194595969e-06
39,negative_brier,0.1,3253,0,20,0.5,1.6475904532978376,0.3475425130634359,0.850623848942954,0.8237952266489188,6,0.0024886556012965314,0.00248962733877911,9.71737482578696e-07,9.717374825788492e-07
39,negative_brier,0.1,3253,0,20,0.5,1.6475904532978376,0.3475425130634359,0.850623848942954,0.8237952266489188,7,0.004673205499659868,0.004661085249223096,-1.2120250436772027e-05,-1.2120250436774612e-05
40,negative_cross_entropy,0.1,3253,0,20,0.5,1.6475904532978376,0.3475425130634359,0.850623848942954,0.8237952266489188,0,0.022591209418285033,0.02252261237076314,-6.859704752189277e-05,-6.859704752188899e-05
40,negative_cross_entropy,0.1,3253,0,20,0.5,1.6475904532978376,0.3475425130634359,0.850623848942954,0.8237952266489188,1,0.08423703984928553,0.08407298793462004,-0.00016405191466549451,-0.00016405191466553167
40,negative_cross_entropy,0.1,3253,0,20,0.5,1.6475904532978376,0.3475425130634359,0.850623848942954,0.8237952266489188,2,0.06444988070042272,0.06437312289052222,-7.675780990050451e-05,-7.675780990046821e-05
40,negative_cross_entropy,0.1,3253,0,20,0.5,1.6475904532978376,0.3475425130634359,0.850623848942954,0.8237952266489188,3,0.09815052271216354,0.09797530548038047,-0.00017521723178307025,-0.00017521723178303393
40,negative_cross_entropy,0.1,3253,0,20,0.5,1.6475904532978376,0.3475425130634359,0.850623848942954,0.8237952266489188,4,0.0791175294775295,0.07908569800294885,-3.183147458064861e-05,-3.183147458067494e-05
40,negative_cross_entropy,0.1,3253,0,20,0.5,1.6475904532978376,0.3475425130634359,0.850623848942954,0.8237952266489188,5,0.0063067119319057015,0.006303792106398642,-2.919825507059076e-06,-2.9198255070586476e-06
40,negative_cross_entropy,0.1,3253,0,20,0.5,1.6475904532978376,0.3475425130634359,0.850623848942954,0.8237952266489188,6,0.014672138655560251,0.01463162679545138,-4.05118601088713e-05,-4.05118601088727e-05
40,negative_cross_entropy,0.1,3253,0,20,0.5,1.6475904532978376,0.3475425130634359,0.850623848942954,0.8237952266489188,7,0.02437438786689138,0.024360179299250495,-1.4208567640883879e-05,-1.4208567640883708e-05
41,accuracy,0.1,3253,0,20,0.5,1.6475904532978376,0.3475425130634359,0.850623848942954,0.8237952266489188,0,0.004788095238095245,0.005000000000000011,0.00021190476190476645,0.000211904761904776
41,accuracy,0.1,3253,0,20,0.5,1.6475904532978376,0.3475425130634359,0.850623848942954,0.8237952266489188,1,0.013735714285714285,0.018000000000000002,0.004264285714285717,0.004264285714285722
41,accuracy,0.1,3253,0,20,0.5,1.6475904532978376,0.3475425130634359,0.850623848942954,0.8237952266489188,2,0.037773809523809515,0.036000000000000004,-0.0017738095238095108,-0.0017738095238095074
41,accuracy,0.1,3253,0,20,0.5,1.6475904532978376,0.3475425130634359,0.850623848942954,0.8237952266489188,3,0.01955952380952382,0.023000000000000007,0.0034404761904761882,0.0034404761904762013
41,accuracy,0.1,3253,0,20,0.5,1.6475904532978376,0.3475425130634359,0.850623848942954,0.8237952266489188,4,0.0445642857142857,0.04500000000000001,0.0004357142857143101,0.0004357142857142984
41,accuracy,0.1,3253,0,20,0.5,1.6475904532978376,0.3475425130634359,0.850623848942954,0.8237952266489188,5,0.002778571428571429,0.0040000000000000036,0.0012214285714285747,0.0012214285714285751
41,accuracy,0.1,3253,0,20,0.5,1.6475904532978376,0.3475425130634359,0.850623848942954,0.8237952266489188,6,0.003935714285714284,0.0050000000000000044,0.0010642857142857207,0.0010642857142857264
41,accuracy,0.1,3253,0,20,0.5,1.6475904532978376,0.3475425130634359,0.850623848942954,0.8237952266489188,7,0.01086428571428572,0.01100000000000001,0.00013571428571428935,0.00013571428571429846
42,negative_brier,0.1,3253,0,20,1.0,1.6475904532978376,0.3475425130634359,0.850623848942954,1.6475904532978376,0,0.008306245288756156,0.008161533847975078,-0.0001447114407810788,-0.00014471144078108582
42,negative_brier,0.1,3253,0,20,1.0,1.6475904532978376,0.3475425130634359,0.850623848942954,1.6475904532978376,1,0.031053863809106297,0.030595877340938715,-0.0004579864681675816,-0.0004579864681675756
42,negative_brier,0.1,3253,0,20,1.0,1.6475904532978376,0.3475425130634359,0.850623848942954,1.6475904532978376,2,0.033975851152092354,0.03367951038500183,-0.00029634076709052215,-0.00029634076709051787
42,negative_brier,0.1,3253,0,20,1.0,1.6475904532978376,0.3475425130634359,0.850623848942954,1.6475904532978376,3,0.036657136697381444,0.036122759367257284,-0.0005343773301241597,-0.0005343773301241651
42,negative_brier,0.1,3253,0,20,1.0,1.6475904532978376,0.3475425130634359,0.850623848942954,1.6475904532978376,4,0.03759722071448352,0.037376938042727736,-0.00022028267175578514,-0.00022028267175579569
42,negative_brier,0.1,3253,0,20,1.0,1.6475904532978376,0.3475425130634359,0.850623848942954,1.6475904532978376,5,0.0026840645468960817,0.002703811965752645,1.974741885656323e-05,1.974741885656251e-05
42,negative_brier,0.1,3253,0,20,1.0,1.6475904532978376,0.3475425130634359,0.850623848942954,1.6475904532978376,6,0.005498995282002074,0.005389752396175784,-0.00010924288582628977,-0.00010924288582629003
42,negative_brier,0.1,3253,0,20,1.0,1.6475904532978376,0.3475425130634359,0.850623848942954,1.6475904532978376,7,0.008604099386520746,0.008526832848768873,-7.726653775187373e-05,-7.726653775187762e-05
43,negative_cross_entropy,0.1,3253,0,20,1.0,1.6475904532978376,0.3475425130634359,0.850623848942954,1.6475904532978376,0,0.041837357596890626,0.041305513168834795,-0.0005318444280558304,-0.0005318444280558277
43,negative_cross_entropy,0.1,3253,0,20,1.0,1.6475904532978376,0.3475425130634359,0.850623848942954,1.6475904532978376,1,0.15171236860669116,0.15081681126433077,-0.0008955573423603813,-0.0008955573423604482
43,negative_cross_entropy,0.1,3253,0,20,1.0,1.6475904532978376,0.3475425130634359,0.850623848942954,1.6475904532978376,2,0.12179489790814799,0.12135368746263175,-0.00044121044551623245,-0.00044121044551628374
43,negative_cross_entropy,0.1,3253,0,20,1.0,1.6475904532978376,0.3475425130634359,0.850623848942954,1.6475904532978376,3,0.17892646081931526,0.17785917402293983,-0.0010672867963754384,-0.0010672867963754155
43,negative_cross_entropy,0.1,3253,0,20,1.0,1.6475904532978376,0.3475425130634359,0.850623848942954,1.6475904532978376,4,0.14537602732827415,0.14542580644879233,4.9779120518178566e-05,4.9779120518105795e-05
43,negative_cross_entropy,0.1,3253,0,20,1.0,1.6475904532978376,0.3475425130634359,0.850623848942954,1.6475904532978376,5,0.01167434533435062,0.011725498192715511,5.115285836489181e-05,5.115285836489034e-05
43,negative_cross_entropy,0.1,3253,0,20,1.0,1.6475904532978376,0.3475425130634359,0.850623848942954,1.6475904532978376,6,0.027215037009858545,0.026876114660368877,-0.0003389223494896683,-0.0003389223494896562
43,negative_cross_entropy,0.1,3253,0,20,1.0,1.6475904532978376,0.3475425130634359,0.850623848942954,1.6475904532978376,7,0.043847956032165285,0.04395345594705813,0.000105499914892844,0.00010549991489284265
44,accuracy,0.1,3253,0,20,1.0,1.6475904532978376,0.3475425130634359,0.850623848942954,1.6475904532978376,0,0.012645238095238095,0.013999999999999957,0.0013547619047618621,0.0013547619047618725
44,accuracy,0.1,3253,0,20,1.0,1.6475904532978376,0.3475425130634359,0.850623848942954,1.6475904532978376,1,0.05517857142857142,0.037999999999999964,-0.017178571428571453,-0.01717857142857146
44,accuracy,0.1,3253,0,20,1.0,1.6475904532978376,0.3475425130634359,0.850623848942954,1.6475904532978376,2,0.10045476190476188,0.09399999999999997,-0.006454761904761908,-0.006454761904761942
44,accuracy,0.1,3253,0,20,1.0,1.6475904532978376,0.3475425130634359,0.850623848942954,1.6475904532978376,3,0.04814999999999999,0.02699999999999996,-0.02115000000000003,-0.021150000000000037
44,accuracy,0.1,3253,0,20,1.0,1.6475904532978376,0.3475425130634359,0.850623848942954,1.6475904532978376,4,0.07255000000000003,0.06299999999999996,-0.009550000000000072,-0.009550000000000038
44,accuracy,0.1,3253,0,20,1.0,1.6475904532978376,0.3475425130634359,0.850623848942954,1.6475904532978376,5,0.007121428571428561,0.007999999999999952,0.0008785714285713909,0.0008785714285713883
44,accuracy,0.1,3253,0,20,1.0,1.6475904532978376,0.3475425130634359,0.850623848942954,1.6475904532978376,6,0.00823571428571428,0.008999999999999952,0.0007642857142856722,0.0007642857142856826
44,accuracy,0.1,3253,0,20,1.0,1.6475904532978376,0.3475425130634359,0.850623848942954,1.6475904532978376,7,0.023664285714285718,0.02399999999999996,0.0003357142857142413,0.0003357142857142448
45,negative_brier,0.1,3253,15,20,0.0625,1.2836796078665895,0.260771921961767,0.5309647116252258,0.08022997549166185,0,0.0002331282146143498,0.00023312497988703385,-3.2347273159463643e-09,-3.2347273160302594e-09
45,negative_brier,0.1,3253,15,20,0.0625,1.2836796078665895,0.260771921961767,0.5309647116252258,0.08022997549166185,1,0.0011370392873244132,0.001137087297394146,4.801006973269642e-08,4.8010069733121855e-08
45,negative_brier,0.1,3253,15,20,0.0625,1.2836796078665895,0.260771921961767,0.5309647116252258,0.08022997549166185,2,0.0012215779566962604,0.0012214914169115798,-8.653978468054803e-08,-8.653978468051296e-08
45,negative_brier,0.1,3253,15,20,0.0625,1.2836796078665895,0.260771921961767,0.5309647116252258,0.08022997549166185,3,0.0011088416957822122,0.001108805938142332,-3.5757639880095934e-08,-3.575763987988321e-08
45,negative_brier,0.1,3253,15,20,0.0625,1.2836796078665895,0.260771921961767,0.5309647116252258,0.08022997549166185,4,0.0009889628722898397,0.0009889994381749867,3.656588514703435e-08,3.656588514715827e-08
45,negative_brier,0.1,3253,15,20,0.0625,1.2836796078665895,0.260771921961767,0.5309647116252258,0.08022997549166185,5,0.00011804750664252649,0.00011805223597111114,4.7293285846490476e-09,4.729328584704035e-09
45,negative_brier,0.1,3253,15,20,0.0625,1.2836796078665895,0.260771921961767,0.5309647116252258,0.08022997549166185,6,0.0001307479742340521,0.0001307284626004268,-1.95116336252786e-08,-1.9511633625325328e-08
45,negative_brier,0.1,3253,15,20,0.0625,1.2836796078665895,0.260771921961767,0.5309647116252258,0.08022997549166185,7,0.0002511351705373194,0.0002511290122161891,-6.158321130280385e-09,-6.158321130161645e-09
46,negative_cross_entropy,0.1,3253,15,20,0.0625,1.2836796078665895,0.260771921961767,0.5309647116252258,0.08022997549166185,0,0.0008017618284100171,0.0008017362665103667,-2.5561899650466437e-08,-2.5561899650940408e-08
46,negative_cross_entropy,0.1,3253,15,20,0.0625,1.2836796078665895,0.260771921961767,0.5309647116252258,0.08022997549166185,1,0.0032787084614724887,0.003278744382189336,3.5920716847173684e-08,3.592071684438164e-08
46,negative_cross_entropy,0.1,3253,15,20,0.0625,1.2836796078665895,0.260771921961767,0.5309647116252258,0.08022997549166185,2,0.00263260239196491,0.002632560238871262,-4.215309364801259e-08,-4.215309364790934e-08
46,negative_cross_entropy,0.1,3253,15,20,0.0625,1.2836796078665895,0.260771921961767,0.5309647116252258,0.08022997549166185,3,0.0036487392227848208,0.00364870450504573,-3.4717739090701916e-08,-3.471773909204838e-08
46,negative_cross_entropy,0.1,3253,15,20,0.0625,1.2836796078665895,0.260771921961767,0.5309647116252258,0.08022997549166185,4,0.0026172498362642565,0.002617252537414183,2.7011499265615357e-09,2.7011499270117445e-09
46,negative_cross_entropy,0.1,3253,15,20,0.0625,1.2836796078665895,0.260771921961767,0.5309647116252258,0.08022997549166185,5,0.00038306116279486263,0.0003830752645833657,1.4101788503085612e-08,1.410178850305567e-08
46,negative_cross_entropy,0.1,3253,15,20,0.0625,1.2836796078665895,0.260771921961767,0.5309647116252258,0.08022997549166185,6,0.0004996556200270548,0.0004996321378630819,-2.348216397284747e-08,-2.348216397308703e-08
46,negative_cross_entropy,0.1,3253,15,20,0.0625,1.2836796078665895,0.260771921961767,0.5309647116252258,0.08022997549166185,7,0.0011104018930977238,0.0011103836989134752,-1.819418424860858e-08,-1.8194184248616842e-08
47,accuracy,0.1,3253,15,20,0.0625,1.2836796078665895,0.260771921961767,0.5309647116252258,0.08022997549166185,0,-0.00010952380952380995,0.0,0.00010952380952380995,0.00010952380952380892
47,accuracy,0.1,3253,15,20,0.0625,1.2836796078665895,0.260771921961767,0.5309647116252258,0.08022997549166185,1,0.0028857142857142857,0.0,-0.0028857142857142857,-0.002885714285714288
47,accuracy,0.1,3253,15,20,0.0625,1.2836796078665895,0.260771921961767,0.5309647116252258,0.08022997549166185,2,-0.0022333333333333354,-0.0040000000000000036,-0.0017666666666666681,-0.0017666666666666675
47,accuracy,0.1,3253,15,20,0.0625,1.2836796078665895,0.260771921961767,0.5309647116252258,0.08022997549166185,3,0.0019714285714285736,0.0010000000000000009,-0.0009714285714285727,-0.0009714285714285717
47,accuracy,0.1,3253,15,20,0.0625,1.2836796078665895,0.260771921961767,0.5309647116252258,0.08022997549166185,4,-0.0019571428571428604,-0.0040000000000000036,-0.002042857142857143,-0.002042857142857144
47,accuracy,0.1,3253,15,20,0.0625,1.2836796078665895,0.260771921961767,0.5309647116252258,0.08022997549166185,5,0.0003714285714285714,0.0,-0.0003714285714285714,-0.0003714285714285718
47,accuracy,0.1,3253,15,20,0.0625,1.2836796078665895,0.260771921961767,0.5309647116252258,0.08022997549166185,6,-0.00010000000000000015,0.0,0.00010000000000000015,9.999999999999961e-05
47,accuracy,0.1,3253,15,20,0.0625,1.2836796078665895,0.260771921961767,0.5309647116252258,0.08022997549166185,7,0.0011714285714285735,0.0010000000000000009,-0.0001714285714285726,-0.0001714285714285713
48,negative_brier,0.1,3253,15,20,0.125,1.2836796078665895,0.260771921961767,0.5309647116252258,0.1604599509833237,0,0.00046492248512654434,0.00046489547354877647,-2.7011577767869967e-08,-2.701157776790765e-08
48,negative_brier,0.1,3253,15,20,0.125,1.2836796078665895,0.260771921961767,0.5309647116252258,0.1604599509833237,1,0.002261778484745526,0.002262157700135048,3.792153895217608e-07,3.7921538952085637e-07
48,negative_brier,0.1,3253,15,20,0.125,1.2836796078665895,0.260771921961767,0.5309647116252258,0.1604599509833237,2,0.002468175555813661,0.0024674535149173393,-7.220408963217947e-07,-7.22040896321605e-07
48,negative_brier,0.1,3253,15,20,0.125,1.2836796078665895,0.260771921961767,0.5309647116252258,0.1604599509833237,3,0.002203824788205652,0.002203520505939527,-3.042822661249861e-07,-3.0428226612572964e-07
48,negative_brier,0.1,3253,15,20,0.125,1.2836796078665895,0.260771921961767,0.5309647116252258,0.1604599509833237,4,0.0019708007169485157,0.001971097413193068,2.9669624455235313e-07,2.96696244550796e-07
48,negative_brier,0.1,3253,15,20,0.125,1.2836796078665895,0.260771921961767,0.5309647116252258,0.1604599509833237,5,0.00023680847540985948,0.00023684674105317605,3.826564331656343e-08,3.826564331642689e-08
48,negative_brier,0.1,3253,15,20,0.125,1.2836796078665895,0.260771921961767,0.5309647116252258,0.1604599509833237,6,0.0002609377688224384,0.0002607791885011479,-1.5858032129052778e-07,-1.585803212905954e-07
48,negative_brier,0.1,3253,15,20,0.125,1.2836796078665895,0.260771921961767,0.5309647116252258,0.1604599509833237,7,0.0004999402073158453,0.0004998889391003569,-5.126821548838336e-08,-5.126821548829767e-08
49,negative_cross_entropy,0.1,3253,15,20,0.125,1.2836796078665895,0.260771921961767,0.5309647116252258,0.1604599509833237,0,0.0015907580154591284,0.0015905492642741548,-2.0875118497362156e-07,-2.0875118497370206e-07
49,negative_cross_entropy,0.1,3253,15,20,0.125,1.2836796078665895,0.260771921961767,0.5309647116252258,0.1604599509833237,1,0.00646860999463078,0.006468884880886483,2.7488625570313424e-07,2.74886255704646e-07
49,negative_cross_entropy,0.1,3253,15,20,0.125,1.2836796078665895,0.260771921961767,0.5309647116252258,0.1604599509833237,2,0.005286041086536921,0.005285680822378458,-3.602641584629293e-07,-3.602641584607567e-07
49,negative_cross_entropy,0.1,3253,15,20,0.125,1.2836796078665895,0.260771921961767,0.5309647116252258,0.1604599509833237,3,0.007206296772999662,0.007206002012389523,-2.947606101387501e-07,-2.947606101356112e-07
49,negative_cross_entropy,0.1,3253,15,20,0.125,1.2836796078665895,0.260771921961767,0.5309647116252258,0.1604599509833237,4,0.005210280466725627,0.005210295695263878,1.5228538250734724e-08,1.5228538252378448e-08
49,negative_cross_entropy,0.1,3253,15,20,0.125,1.2836796078665895,0.260771921961767,0.5309647116252258,0.1604599509833237,5,0.0007646086367430851,0.0007647215340698121,1.1289732672705756e-07,1.1289732672720418e-07
49,negative_cross_entropy,0.1,3253,15,20,0.125,1.2836796078665895,0.260771921961767,0.5309647116252258,0.1604599509833237,6,0.0009947264720820805,0.0009945358105732938,-1.9066150878672278e-07,-1.9066150878707798e-07
49,negative_cross_entropy,0.1,3253,15,20,0.125,1.2836796078665895,0.260771921961767,0.5309647116252258,0.1604599509833237,7,0.0022171018727568073,0.002216947206329367,-1.546664274401817e-07,-1.5466642743925242e-07
50,accuracy,0.1,3253,15,20,0.125,1.2836796078665895,0.260771921961767,0.5309647116252258,0.1604599509833237,0,-0.0005023809523809534,-0.0010000000000000009,-0.0004976190476190475,-0.0004976190476190571
50,accuracy,0.1,3253,15,20,0.125,1.2836796078665895,0.260771921961767,0.5309647116252258,0.1604599509833237,1,0.008259523809523817,0.008000000000000007,-0.0002595238095238102,-0.0002595238095238171
50,accuracy,0.1,3253,15,20,0.125,1.2836796078665895,0.260771921961767,0.5309647116252258,0.1604599509833237,2,-0.0026976190476190485,0.0,0.0026976190476190485,0.0026976190476190407
50,accuracy,0.1,3253,15,20,0.125,1.2836796078665895,0.260771921961767,0.5309647116252258,0.1604599509833237,3,0.012688095238095252,0.013000000000000012,0.00031190476190475977,0.0003119047619047537
50,accuracy,0.1,3253,15,20,0.125,1.2836796078665895,0.260771921961767,0.5309647116252258,0.1604599509833237,4,1.1904761904760934e-05,0.0,-1.1904761904760934e-05,-1.1904761904767656e-05
50,accuracy,0.1,3253,15,20,0.125,1.2836796078665895,0.260771921961767,0.5309647116252258,0.1604599509833237,5,0.000902380952380952,0.0,-0.000902380952380952,-0.0009023809523809592
50,accuracy,0.1,3253,15,20,0.125,1.2836796078665895,0.260771921961767,0.5309647116252258,0.1604599509833237,6,-0.0001119047619047625,0.0,0.0001119047619047625,0.00011190476190475664
50,accuracy,0.1,3253,15,20,0.125,1.2836796078665895,0.260771921961767,0.5309647116252258,0.1604599509833237,7,0.0034500000000000043,0.0020000000000000018,-0.0014500000000000025,-0.0014500000000000164
51,negative_brier,0.1,3253,15,20,0.25,1.2836796078665895,0.260771921961767,0.5309647116252258,0.3209199019666474,0,0.0009227460466998662,0.0009225028784617395,-2.431682381266948e-07,-2.431682381263759e-07
51,negative_brier,0.1,3253,15,20,0.25,1.2836796078665895,0.260771921961767,0.5309647116252258,0.3209199019666474,1,0.004461819584839486,0.004464735827020894,2.9162421814072498e-06,2.916242181406837e-06
51,negative_brier,0.1,3253,15,20,0.25,1.2836796078665895,0.260771921961767,0.5309647116252258,0.3209199019666474,2,0.005035515924935895,0.0050292394153136355,-6.276509622259695e-06,-6.276509622259505e-06
51,negative_brier,0.1,3253,15,20,0.25,1.2836796078665895,0.260771921961767,0.5309647116252258,0.3209199019666474,3,0.004342160151840648,0.004339403916162554,-2.75623567809382e-06,-2.75623567809482e-06
51,negative_brier,0.1,3253,15,20,0.25,1.2836796078665895,0.260771921961767,0.5309647116252258,0.3209199019666474,4,0.00391637911770393,0.0039188018093190835,2.4226916151533565e-06,2.422691615151994e-06
51,negative_brier,0.1,3253,15,20,0.25,1.2836796078665895,0.260771921961767,0.5309647116252258,0.3209199019666474,5,0.0004753694539750065,0.000475679625924319,3.101719493124838e-07,3.1017194931265194e-07
51,negative_brier,0.1,3253,15,20,0.25,1.2836796078665895,0.260771921961767,0.5309647116252258,0.3209199019666474,6,0.0005196232043610164,0.0005183133995051992,-1.309804855817204e-06,-1.309804855816781e-06
51,negative_brier,0.1,3253,15,20,0.25,1.2836796078665895,0.260771921961767,0.5309647116252258,0.3209199019666474,7,0.0009880828105670208,0.0009876312543452004,-4.5155622182039244e-07,-4.51556221820179e-07
52,negative_cross_entropy,0.1,3253,15,20,0.25,1.2836796078665895,0.260771921961767,0.5309647116252258,0.3209199019666474,0,0.0031283451895393753,0.003126597973696299,-1.7472158430763447e-06,-1.7472158430765717e-06
52,negative_cross_entropy,0.1,3253,15,20,0.25,1.2836796078665895,0.260771921961767,0.5309647116252258,0.3209199019666474,1,0.012567083512231656,0.012569055459425993,1.9719471943367706e-06,1.9719471943439403e-06
52,negative_cross_entropy,0.1,3253,15,20,0.25,1.2836796078665895,0.260771921961767,0.5309647116252258,0.3209199019666474,2,0.010656007569122645,0.010652731816917504,-3.275752205140689e-06,-3.2757522051359494e-06
52,negative_cross_entropy,0.1,3253,15,20,0.25,1.2836796078665895,0.260771921961767,0.5309647116252258,0.3209199019666474,3,0.014033978217084492,0.014031324266224554,-2.6539508599376926e-06,-2.6539508599339924e-06
52,negative_cross_entropy,0.1,3253,15,20,0.25,1.2836796078665895,0.260771921961767,0.5309647116252258,0.3209199019666474,4,0.010327418124706762,0.010327430075955712,1.1951248950550775e-08,1.1951248956877474e-08
52,negative_cross_entropy,0.1,3253,15,20,0.25,1.2836796078665895,0.260771921961767,0.5309647116252258,0.3209199019666474,5,0.0015213676973971052,0.0015222670064177768,8.993090206716337e-07,8.993090206709298e-07
52,negative_cross_entropy,0.1,3253,15,20,0.25,1.2836796078665895,0.260771921961767,0.5309647116252258,0.3209199019666474,6,0.0019705210707269705,0.0019689462724964413,-1.5747982305292646e-06,-1.5747982305305699e-06
52,negative_cross_entropy,0.1,3253,15,20,0.25,1.2836796078665895,0.260771921961767,0.5309647116252258,0.3209199019666474,7,0.004415025020694704,0.004413632256427769,-1.3927642669355617e-06,-1.392764266936834e-06
53,accuracy,0.1,3253,15,20,0.25,1.2836796078665895,0.260771921961767,0.5309647116252258,0.3209199019666474,0,0.0019666666666666704,-0.0020000000000000018,-0.003966666666666672,-0.0039666666666666826
53,accuracy,0.1,3253,15,20,0.25,1.2836796078665895,0.260771921961767,0.5309647116252258,0.3209199019666474,1,0.02041904761904765,0.018000000000000016,-0.002419047619047633,-0.002419047619047635
53,accuracy,0.1,3253,15,20,0.25,1.2836796078665895,0.260771921961767,0.5309647116252258,0.3209199019666474,2,-0.002719047619047621,0.0,0.002719047619047621,0.0027190476190476105
53,accuracy,0.1,3253,15,20,0.25,1.2836796078665895,0.260771921961767,0.5309647116252258,0.3209199019666474,3,0.02105714285714287,0.02100000000000002,-5.714285714285283e-05,-5.714285714287018e-05
53,accuracy,0.1,3253,15,20,0.25,1.2836796078665895,0.260771921961767,0.5309647116252258,0.3209199019666474,4,-0.005047619047619054,-0.008000000000000007,-0.002952380952380953,-0.0029523809523809667
53,accuracy,0.1,3253,15,20,0.25,1.2836796078665895,0.260771921961767,0.5309647116252258,0.3209199019666474,5,0.0021904761904761923,0.0010000000000000009,-0.0011904761904761915,-0.0011904761904762036
53,accuracy,0.1,3253,15,20,0.25,1.2836796078665895,0.260771921961767,0.5309647116252258,0.3209199019666474,6,-0.00029523809523809624,0.0,0.00029523809523809624,0.00029523809523808106
53,accuracy,0.1,3253,15,20,0.25,1.2836796078665895,0.260771921961767,0.5309647116252258,0.3209199019666474,7,0.008428571428571433,0.007000000000000006,-0.0014285714285714266,-0.0014285714285714388
54,negative_brier,0.1,3253,15,20,0.5,1.2836796078665895,0.260771921961767,0.5309647116252258,0.6418398039332948,0,0.0018023955880225072,0.0017996597387867075,-2.7358492357997585e-06,-2.735849235799809e-06
54,negative_brier,0.1,3253,15,20,0.5,1.2836796078665895,0.260771921961767,0.5309647116252258,0.6418398039332948,1,0.008574516996961861,0.008594592008815294,2.0075011853432773e-05,2.007501185342904e-05
54,negative_brier,0.1,3253,15,20,0.5,1.2836796078665895,0.260771921961767,0.5309647116252258,0.6418398039332948,2,0.01045064234588581,0.010391743047146407,-5.889929873940242e-05,-5.889929873940592e-05
54,negative_brier,0.1,3253,15,20,0.5,1.2836796078665895,0.260771921961767,0.5309647116252258,0.6418398039332948,3,0.008341101030624232,0.008312877769815374,-2.822326080885798e-05,-2.8223260808861142e-05
54,negative_brier,0.1,3253,15,20,0.5,1.2836796078665895,0.260771921961767,0.5309647116252258,0.6418398039332948,4,0.007761658515266253,0.007781194304914252,1.953578964799911e-05,1.9535789648000974e-05
54,negative_brier,0.1,3253,15,20,0.5,1.2836796078665895,0.260771921961767,0.5309647116252258,0.6418398039332948,5,0.0009484116906877108,0.0009508310203494297,2.4193296617188538e-06,2.4193296617190206e-06
54,negative_brier,0.1,3253,15,20,0.5,1.2836796078665895,0.260771921961767,0.5309647116252258,0.6418398039332948,6,0.001030161130795483,0.0010189564576773003,-1.1204673118182839e-05,-1.12046731181826e-05
54,negative_brier,0.1,3253,15,20,0.5,1.2836796078665895,0.260771921961767,0.5309647116252258,0.6418398039332948,7,0.0019084456434335776,0.0019038017124422546,-4.643930991323018e-06,-4.643930991322996e-06
55,negative_cross_entropy,0.1,3253,15,20,0.5,1.2836796078665895,0.260771921961767,0.5309647116252258,0.6418398039332948,0,0.00602780236611719,0.006012327783306959,-1.5474582810231195e-05,-1.5474582810233648e-05
55,negative_cross_entropy,0.1,3253,15,20,0.5,1.2836796078665895,0.260771921961767,0.5309647116252258,0.6418398039332948,1,0.023540279019040836,0.02355157846548972,1.1299446448884143e-05,1.1299446448868154e-05
55,negative_cross_entropy,0.1,3253,15,20,0.5,1.2836796078665895,0.260771921961767,0.5309647116252258,0.6418398039332948,2,0.021646336304078417,0.021613142311128652,-3.319399294976488e-05,-3.3193992949767804e-05
55,negative_cross_entropy,0.1,3253,15,20,0.5,1.2836796078665895,0.260771921961767,0.5309647116252258,0.6418398039332948,3,0.026447182789103796,0.026420520027572336,-2.6662761531459633e-05,-2.6662761531469425e-05
55,negative_cross_entropy,0.1,3253,15,20,0.5,1.2836796078665895,0.260771921961767,0.5309647116252258,0.6418398039332948,4,0.020313443868742,0.020311537695769766,-1.9061729722331944e-06,-1.906172972235417e-06
55,negative_cross_entropy,0.1,3253,15,20,0.5,1.2836796078665895,0.260771921961767,0.5309647116252258,0.6418398039332948,5,0.00299699197555617,0.003003977296515137,6.985320958966586e-06,6.985320958967698e-06
55,negative_cross_entropy,0.1,3253,15,20,0.5,1.2836796078665895,0.260771921961767,0.5309647116252258,0.6418398039332948,6,0.0038605645691157137,0.003847045877012345,-1.3518692103368663e-05,-1.3518692103368196e-05
55,negative_cross_entropy,0.1,3253,15,20,0.5,1.2836796078665895,0.260771921961767,0.5309647116252258,0.6418398039332948,7,0.008717865316492122,0.008703958702111603,-1.390661438051971e-05,-1.3906614380513968e-05
56,accuracy,0.1,3253,15,20,0.5,1.2836796078665895,0.260771921961767,0.5309647116252258,0.6418398039332948,0,0.0008380952380952398,0.0,-0.0008380952380952398,-0.0008380952380952385
56,accuracy,0.1,3253,15,20,0.5,1.2836796078665895,0.260771921961767,0.5309647116252258,0.6418398039332948,1,0.02606190476190477,0.03300000000000003,0.0069380952380952605,0.00693809523809525
56,accuracy,0.1,3253,15,20,0.5,1.2836796078665895,0.260771921961767,0.5309647116252258,0.6418398039332948,2,0.013371428571428583,0.020000000000000018,0.006628571428571435,0.0066285714285714385
56,accuracy,0.1,3253,15,20,0.5,1.2836796078665895,0.260771921961767,0.5309647116252258,0.6418398039332948,3,0.025980952380952396,0.03400000000000003,0.008019047619047634,0.008019047619047632
56,accuracy,0.1,3253,15,20,0.5,1.2836796078665895,0.260771921961767,0.5309647116252258,0.6418398039332948,4,-0.0012428571428571397,0.0020000000000000018,0.0032428571428571415,0.003242857142857143
56,accuracy,0.1,3253,15,20,0.5,1.2836796078665895,0.260771921961767,0.5309647116252258,0.6418398039332948,5,0.0047285714285714335,0.0050000000000000044,0.0002714285714285709,0.00027142857142857047
56,accuracy,0.1,3253,15,20,0.5,1.2836796078665895,0.260771921961767,0.5309647116252258,0.6418398039332948,6,-0.0009190476190476168,-0.0010000000000000009,-8.095238095238413e-05,-8.095238095238251e-05
56,accuracy,0.1,3253,15,20,0.5,1.2836796078665895,0.260771921961767,0.5309647116252258,0.6418398039332948,7,0.011180952380952392,0.009000000000000008,-0.002180952380952384,-0.0021809523809523845
57,negative_brier,0.1,3253,15,20,1.0,1.2836796078665895,0.260771921961767,0.5309647116252258,1.2836796078665895,0,0.003315822853653543,0.003270615515699793,-4.520733795375029e-05,-4.5207337953748654e-05
57,negative_brier,0.1,3253,15,20,1.0,1.2836796078665895,0.260771921961767,0.5309647116252258,1.2836796078665895,1,0.014971803374273188,0.015039815508281873,6.801213400868533e-05,6.801213400868287e-05
57,negative_brier,0.1,3253,15,20,1.0,1.2836796078665895,0.260771921961767,0.5309647116252258,1.2836796078665895,2,0.022093368986525457,0.021478095759902227,-0.0006152732266232301,-0.0006152732266232341
57,negative_brier,0.1,3253,15,20,1.0,1.2836796078665895,0.260771921961767,0.5309647116252258,1.2836796078665895,3,0.01469012626766486,0.014340476898696775,-0.00034964936896808574,-0.00034964936896809284
57,negative_brier,0.1,3253,15,20,1.0,1.2836796078665895,0.260771921961767,0.5309647116252258,1.2836796078665895,4,0.015499103664788568,0.0156336993106434,0.00013459564585483266,0.00013459564585482575
57,negative_brier,0.1,3253,15,20,1.0,1.2836796078665895,0.260771921961767,0.5309647116252258,1.2836796078665895,5,0.0018079673734611096,0.0018230731540953005,1.5105780634190819e-05,1.5105780634188437e-05
57,negative_brier,0.1,3253,15,20,1.0,1.2836796078665895,0.260771921961767,0.5309647116252258,1.2836796078665895,6,0.002021722781239209,0.0019202260508499047,-0.00010149673038930412,-0.00010149673038930122
57,negative_brier,0.1,3253,15,20,1.0,1.2836796078665895,0.260771921961767,0.5309647116252258,1.2836796078665895,7,0.0033772093052020172,0.003312132867663964,-6.507643753805338e-05,-6.507643753805117e-05
58,negative_cross_entropy,0.1,3253,15,20,1.0,1.2836796078665895,0.260771921961767,0.5309647116252258,1.2836796078665895,0,0.01102617213623494,0.010877822382963642,-0.0001483497532712985,-0.00014834975327129892
58,negative_cross_entropy,0.1,3253,15,20,1.0,1.2836796078665895,0.260771921961767,0.5309647116252258,1.2836796078665895,1,0.0399246817846072,0.039927309354707674,2.6275701004718766e-06,2.6275701004795414e-06
58,negative_cross_entropy,0.1,3253,15,20,1.0,1.2836796078665895,0.260771921961767,0.5309647116252258,1.2836796078665895,2,0.04450196303145835,0.044118371583775295,-0.0003835914476830529,-0.0003835914476830536
58,negative_cross_entropy,0.1,3253,15,20,1.0,1.2836796078665895,0.260771921961767,0.5309647116252258,1.2836796078665895,3,0.045660188751038465,0.045351116459800944,-0.0003090722912375207,-0.00030907229123751953
58,negative_cross_entropy,0.1,3253,15,20,1.0,1.2836796078665895,0.260771921961767,0.5309647116252258,1.2836796078665895,4,0.03951377150723938,0.03945627316273248,-5.749834450689828e-05,-5.7498344506889464e-05
58,negative_cross_entropy,0.1,3253,15,20,1.0,1.2836796078665895,0.260771921961767,0.5309647116252258,1.2836796078665895,5,0.0057005619678703,0.005753079828463736,5.251786059343611e-05,5.251786059343782e-05
58,negative_cross_entropy,0.1,3253,15,20,1.0,1.2836796078665895,0.260771921961767,0.5309647116252258,1.2836796078665895,6,0.00736084810007286,0.007239532341686172,-0.00012131575838668796,-0.00012131575838669069
58,negative_cross_entropy,0.1,3253,15,20,1.0,1.2836796078665895,0.260771921961767,0.5309647116252258,1.2836796078665895,7,0.016705029072233653,0.016547911307244756,-0.0001571177649888969,-0.000157117764988906
59,accuracy,0.1,3253,15,20,1.0,1.2836796078665895,0.260771921961767,0.5309647116252258,1.2836796078665895,0,-0.008171428571428562,-0.015000000000000013,-0.006828571428571451,-0.00682857142857144
59,accuracy,0.1,3253,15,20,1.0,1.2836796078665895,0.260771921961767,0.5309647116252258,1.2836796078665895,1,0.02300952380952379,0.01899999999999996,-0.004009523809523827,-0.004009523809523826
59,accuracy,0.1,3253,15,20,1.0,1.2836796078665895,0.260771921961767,0.5309647116252258,1.2836796078665895,2,0.029828571428571427,0.02899999999999997,-0.0008285714285714563,-0.0008285714285714498
59,accuracy,0.1,3253,15,20,1.0,1.2836796078665895,0.260771921961767,0.5309647116252258,1.2836796078665895,3,0.024423809523809518,0.01899999999999996,-0.005423809523809556,-0.005423809523809544
59,accuracy,0.1,3253,15,20,1.0,1.2836796078665895,0.260771921961767,0.5309647116252258,1.2836796078665895,4,0.0024238095238095256,0.002999999999999975,0.0005761904761904493,0.0005761904761904546
59,accuracy,0.1,3253,15,20,1.0,1.2836796078665895,0.260771921961767,0.5309647116252258,1.2836796078665895,5,0.004857142857142858,0.0040000000000000036,-0.0008571428571428541,-0.0008571428571428562
59,accuracy,0.1,3253,15,20,1.0,1.2836796078665895,0.260771921961767,0.5309647116252258,1.2836796078665895,6,-0.002004761904761903,-0.0040000000000000036,-0.0019952380952381007,-0.0019952380952381
59,accuracy,0.1,3253,15,20,1.0,1.2836796078665895,0.260771921961767,0.5309647116252258,1.2836796078665895,7,0.011633333333333325,0.007999999999999952,-0.003633333333333374,-0.003633333333333362
60,negative_brier,0.1,3301,0,20,0.0625,1.646949895559287,0.36909712027883934,0.9538062954909903,0.10293436847245543,0,0.002495946765307144,0.002495870927197552,-7.583810959169851e-08,-7.583810958997205e-08
60,negative_brier,0.1,3301,0,20,0.0625,1.646949895559287,0.36909712027883934,0.9538062954909903,0.10293436847245543,1,0.0016255867305910753,0.0016255971142686287,1.038367755342752e-08,1.0383677552582876e-08
60,negative_brier,0.1,3301,0,20,0.0625,1.646949895559287,0.36909712027883934,0.9538062954909903,0.10293436847245543,2,0.0005213746625088657,0.0005213620777089756,-1.258479989012587e-08,-1.2584799889890442e-08
60,negative_brier,0.1,3301,0,20,0.0625,1.646949895559287,0.36909712027883934,0.9538062954909903,0.10293436847245543,3,0.0019128450237578106,0.0019127650820094932,-7.994174831740114e-08,-7.994174831826853e-08
60,negative_brier,0.1,3301,0,20,0.0625,1.646949895559287,0.36909712027883934,0.9538062954909903,0.10293436847245543,4,0.0001333398567484241,0.00013332091743584185,-1.8939312582263394e-08,-1.8939312582122452e-08
60,negative_brier,0.1,3301,0,20,0.0625,1.646949895559287,0.36909712027883934,0.9538062954909903,0.10293436847245543,5,0.0025547296404585607,0.002554631736567836,-9.790389072453914e-08,-9.790389072347351e-08
60,negative_brier,0.1,3301,0,20,0.0625,1.646949895559287,0.36909712027883934,0.9538062954909903,0.10293436847245543,6,0.0005714989505206161,0.0005714754126804888,-2.3537840127289475e-08,-2.353784012711806e-08
60,negative_brier,0.1,3301,0,20,0.0625,1.646949895559287,0.36909712027883934,0.9538062954909903,0.10293436847245543,7,0.0005675374523907076,0.0005675175332586768,-1.9919132030767582e-08,-1.9919132030714917e-08
61,negative_cross_entropy,0.1,3301,0,20,0.0625,1.646949895559287,0.36909712027883934,0.9538062954909903,0.10293436847245543,0,0.012951717172528809,0.01295123170695578,-4.854655730295032e-07,-4.854655730280826e-07
61,negative_cross_entropy,0.1,3301,0,20,0.0625,1.646949895559287,0.36909712027883934,0.9538062954909903,0.10293436847245543,1,0.008407675883973013,0.008407338607478776,-3.3727649423678785e-07,-3.3727649422538795e-07
61,negative_cross_entropy,0.1,3301,0,20,0.0625,1.646949895559287,0.36909712027883934,0.9538062954909903,0.10293436847245543,2,0.002858931003612383,0.0028586714612128805,-2.59542399502332e-07,-2.595423995013116e-07
61,negative_cross_entropy,0.1,3301,0,20,0.0625,1.646949895559287,0.36909712027883934,0.9538062954909903,0.10293436847245543,3,0.011163269453052588,0.011162570817394357,-6.98635658231278e-07,-6.98635658225562e-07
61,negative_cross_entropy,0.1,3301,0,20,0.0625,1.646949895559287,0.36909712027883934,0.9538062954909903,0.10293436847245543,4,0.0006594766354127747,0.0006593853380720827,-9.129734069202207e-08,-9.129734069169784e-08
61,negative_cross_entropy,0.1,3301,0,20,0.0625,1.646949895559287,0.36909712027883934,0.9538062954909903,0.10293436847245543,5,0.015500308727886299,0.015499884525325358,-4.2420256094084785e-07,-4.2420256093831993e-07
61,negative_cross_entropy,0.1,3301,0,20,0.0625,1.646949895559287,0.36909712027883934,0.9538062954909903,0.10293436847245543,6,0.004074020653780334,0.004073654525621251,-3.6612815908308033e-07,-3.661281590857815e-07
61,negative_cross_entropy,0.1,3301,0,20,0.0625,1.646949895559287,0.36909712027883934,0.9538062954909903,0.10293436847245543,7,0.002908806397525786,0.0029087462721431034,-6.012538268261244e-08,-6.012538268215397e-08
62,accuracy,0.1,3301,0,20,0.0625,1.646949895559287,0.36909712027883934,0.9538062954909903,0.10293436847245543,0,0.0020714285714285748,0.0040000000000000036,0.0019285714285714288,0.0019285714285714288
62,accuracy,0.1,3301,0,20,0.0625,1.646949895559287,0.36909712027883934,0.9538062954909903,0.10293436847245543,1,0.0008380952380952396,0.0020000000000000018,0.0011619047619047622,0.0011619047619047618
62,accuracy,0.1,3301,0,20,0.0625,1.646949895559287,0.36909712027883934,0.9538062954909903,0.10293436847245543,2,0.0008047619047619058,0.0020000000000000018,0.001195238095238096,0.0011952380952380958
62,accuracy,0.1,3301,0,20,0.0625,1.646949895559287,0.36909712027883934,0.9538062954909903,0.10293436847245543,3,0.0008047619047619058,0.0020000000000000018,0.001195238095238096,0.0011952380952380958
62,accuracy,0.1,3301,0,20,0.0625,1.646949895559287,0.36909712027883934,0.9538062954909903,0.10293436847245543,4,0.0,0.0,0.0,0.0
62,accuracy,0.1,3301,0,20,0.0625,1.646949895559287,0.36909712027883934,0.9538062954909903,0.10293436847245543,5,0.00013809523809523892,0.0020000000000000018,0.001861904761904763,0.0018619047619047619
62,accuracy,0.1,3301,0,20,0.0625,1.646949895559287,0.36909712027883934,0.9538062954909903,0.10293436847245543,6,0.0012047619047619073,0.0020000000000000018,0.0007952380952380945,0.0007952380952380947
62,accuracy,0.1,3301,0,20,0.0625,1.646949895559287,0.36909712027883934,0.9538062954909903,0.10293436847245543,7,0.00013809523809523848,0.0010000000000000009,0.0008619047619047624,0.0008619047619047619
63,negative_brier,0.1,3301,0,20,0.125,1.646949895559287,0.36909712027883934,0.9538062954909903,0.20586873694491087,0,0.005106627767893607,0.005105900519527751,-7.272483658563728e-07,-7.272483658572158e-07
63,negative_brier,0.1,3301,0,20,0.125,1.646949895559287,0.36909712027883934,0.9538062954909903,0.20586873694491087,1,0.003283523783229294,0.003283546025923789,2.2242694495272497e-08,2.224269449537164e-08
63,negative_brier,0.1,3301,0,20,0.125,1.646949895559287,0.36909712027883934,0.9538062954909903,0.20586873694491087,2,0.0010601927811079118,0.0010600365988885918,-1.5618221931999916e-07,-1.5618221932055063e-07
63,negative_brier,0.1,3301,0,20,0.125,1.646949895559287,0.36909712027883934,0.9538062954909903,0.20586873694491087,3,0.0038764580424625107,0.003875711859758102,-7.461827044087134e-07,-7.461827044063802e-07
63,negative_brier,0.1,3301,0,20,0.125,1.646949895559287,0.36909712027883934,0.9538062954909903,0.20586873694491087,4,0.000271786707870212,0.0002716178092423971,-1.6889862781489014e-07,-1.68898627815011e-07
63,negative_brier,0.1,3301,0,20,0.125,1.646949895559287,0.36909712027883934,0.9538062954909903,0.20586873694491087,5,0.005171228370268289,0.005170415429531228,-8.129407370613753e-07,-8.12940737063284e-07
63,negative_brier,0.1,3301,0,20,0.125,1.646949895559287,0.36909712027883934,0.9538062954909903,0.20586873694491087,6,0.0011565064150434526,0.001156260265393838,-2.4614964961450214e-07,-2.461496496156254e-07
63,negative_brier,0.1,3301,0,20,0.125,1.646949895559287,0.36909712027883934,0.9538062954909903,0.20586873694491087,7,0.0011515741415482213,0.0011514006451419645,-1.7349640625682547e-07,-1.7349640625763918e-07
64,negative_cross_entropy,0.1,3301,0,20,0.125,1.646949895559287,0.36909712027883934,0.9538062954909903,0.20586873694491087,0,0.02577989319960259,0.025776078073656894,-3.815125945695608e-06,-3.815125945701622e-06
64,negative_cross_entropy,0.1,3301,0,20,0.125,1.646949895559287,0.36909712027883934,0.9538062954909903,0.20586873694491087,1,0.016707346017562734,0.016704708623825892,-2.63739373684152e-06,-2.6373937368558604e-06
64,negative_cross_entropy,0.1,3301,0,20,0.125,1.646949895559287,0.36909712027883934,0.9538062954909903,0.20586873694491087,2,0.005680559698488277,0.0056784993624525715,-2.060336035705247e-06,-2.0603360357014055e-06
64,negative_cross_entropy,0.1,3301,0,20,0.125,1.646949895559287,0.36909712027883934,0.9538062954909903,0.20586873694491087,3,0.02217542634609932,0.0221699039034009,-5.522442698420449e-06,-5.522442698425669e-06
64,negative_cross_entropy,0.1,3301,0,20,0.125,1.646949895559287,0.36909712027883934,0.9538062954909903,0.20586873694491087,4,0.0013107402365465078,0.0013100099429559364,-7.302935905713435e-07,-7.302935905710109e-07
64,negative_cross_entropy,0.1,3301,0,20,0.125,1.646949895559287,0.36909712027883934,0.9538062954909903,0.20586873694491087,5,0.03085844531286168,0.030855179024303236,-3.266288558442798e-06,-3.2662885584423996e-06
64,negative_cross_entropy,0.1,3301,0,20,0.125,1.646949895559287,0.36909712027883934,0.9538062954909903,0.20586873694491087,6,0.00809617047556664,0.008093271148464254,-2.8993271023857597e-06,-2.899327102393969e-06
64,negative_cross_entropy,0.1,3301,0,20,0.125,1.646949895559287,0.36909712027883934,0.9538062954909903,0.20586873694491087,7,0.005789888474232801,0.005789484552176205,-4.0392205659552094e-07,-4.039220565947116e-07
65,accuracy,0.1,3301,0,20,0.125,1.646949895559287,0.36909712027883934,0.9538062954909903,0.20586873694491087,0,0.005592857142857146,0.006000000000000005,0.0004071428571428594,0.00040714285714285624
65,accuracy,0.1,3301,0,20,0.125,1.646949895559287,0.36909712027883934,0.9538062954909903,0.20586873694491087,1,0.002354761904761907,0.0030000000000000027,0.0006452380952380959,0.0006452380952380956
65,accuracy,0.1,3301,0,20,0.125,1.646949895559287,0.36909712027883934,0.9538062954909903,0.20586873694491087,2,0.0023595238095238122,0.0040000000000000036,0.0016404761904761913,0.0016404761904761913
65,accuracy,0.1,3301,0,20,0.125,1.646949895559287,0.36909712027883934,0.9538062954909903,0.20586873694491087,3,0.001602380952380955,0.0020000000000000018,0.0003976190476190468,0.0003976190476190477
65,accuracy,0.1,3301,0,20,0.125,1.646949895559287,0.36909712027883934,0.9538062954909903,0.20586873694491087,4,0.0002500000000000003,0.0010000000000000009,0.0007500000000000007,0.0007500000000000007
65,accuracy,0.1,3301,0,20,0.125,1.646949895559287,0.36909712027883934,0.9538062954909903,0.20586873694491087,5,0.0015595238095238119,0.0020000000000000018,0.0004404761904761899,0.0004404761904761897
65,accuracy,0.1,3301,0,20,0.125,1.646949895559287,0.36909712027883934,0.9538062954909903,0.20586873694491087,6,0.0009928571428571439,0.0020000000000000018,0.001007142857142858,0.0010071428571428577
65,accuracy,0.1,3301,0,20,0.125,1.646949895559287,0.36909712027883934,0.9538062954909903,0.20586873694491087,7,-0.0007119047619047621,0.0010000000000000009,0.001711904761904763,0.0017119047619047617
66,negative_brier,0.1,3301,0,20,0.25,1.646949895559287,0.36909712027883934,0.9538062954909903,0.41173747388982174,0,0.010658576991133576,0.01065060709359944,-7.969897534135587e-06,-7.969897534133787e-06
66,negative_brier,0.1,3301,0,20,0.25,1.646949895559287,0.36909712027883934,0.9538062954909903,0.41173747388982174,1,0.006688767521111766,0.006687726863281784,-1.0406578299813549e-06,-1.0406578299796784e-06
66,negative_brier,0.1,3301,0,20,0.25,1.646949895559287,0.36909712027883934,0.9538062954909903,0.41173747388982174,2,0.002187101376441756,0.002184824230237692,-2.277146204064228e-06,-2.2771462040649933e-06
66,negative_brier,0.1,3301,0,20,0.25,1.646949895559287,0.36909712027883934,0.9538062954909903,0.41173747388982174,3,0.007943728854135306,0.007935833863091768,-7.89499104353851e-06,-7.894991043533304e-06
66,negative_brier,0.1,3301,0,20,0.25,1.646949895559287,0.36909712027883934,0.9538062954909903,0.41173747388982174,4,0.000561947812472901,0.0005603131302035491,-1.6346822693518327e-06,-1.634682269351162e-06
66,negative_brier,0.1,3301,0,20,0.25,1.646949895559287,0.36909712027883934,0.9538062954909903,0.41173747388982174,5,0.010573786244903816,0.010566780585451241,-7.005659452575044e-06,-7.0056594525691456e-06
66,negative_brier,0.1,3301,0,20,0.25,1.646949895559287,0.36909712027883934,0.9538062954909903,0.41173747388982174,6,0.002363827983789795,0.002360777850467566,-3.050133322229226e-06,-3.0501333222304495e-06
66,negative_brier,0.1,3301,0,20,0.25,1.646949895559287,0.36909712027883934,0.9538062954909903,0.41173747388982174,7,0.0023680780005927563,0.0023664567765436795,-1.6212240490768616e-06,-1.6212240490777675e-06
67,negative_cross_entropy,0.1,3301,0,20,0.25,1.646949895559287,0.36909712027883934,0.9538062954909903,0.41173747388982174,0,0.05093080125045509,0.05090178388336364,-2.9017367091453694e-05,-2.9017367091461958e-05
67,negative_cross_entropy,0.1,3301,0,20,0.25,1.646949895559287,0.36909712027883934,0.9538062954909903,0.41173747388982174,1,0.032906206876965834,0.032886315271975386,-1.9891604990447675e-05,-1.989160499045079e-05
67,negative_cross_entropy,0.1,3301,0,20,0.25,1.646949895559287,0.36909712027883934,0.9538062954909903,0.41173747388982174,2,0.01117904821148395,0.011162962185114589,-1.608602636936178e-05,-1.6086026369367883e-05
67,negative_cross_entropy,0.1,3301,0,20,0.25,1.646949895559287,0.36909712027883934,0.9538062954909903,0.41173747388982174,3,0.043613261819272,0.043570543778792103,-4.271804047989436e-05,-4.271804047990756e-05
67,negative_cross_entropy,0.1,3301,0,20,0.25,1.646949895559287,0.36909712027883934,0.9538062954909903,0.41173747388982174,4,0.0025794557450137556,0.0025736973500867233,-5.758394927032288e-06,-5.7583949270319735e-06
67,negative_cross_entropy,0.1,3301,0,20,0.25,1.646949895559287,0.36909712027883934,0.9538062954909903,0.41173747388982174,5,0.06100661355986684,0.060982762397832735,-2.38511620341067e-05,-2.385116203411854e-05
67,negative_cross_entropy,0.1,3301,0,20,0.25,1.646949895559287,0.36909712027883934,0.9538062954909903,0.41173747388982174,6,0.015939661110291003,0.015917142495341707,-2.2518614949295496e-05,-2.251861494929461e-05
67,negative_cross_entropy,0.1,3301,0,20,0.25,1.646949895559287,0.36909712027883934,0.9538062954909903,0.41173747388982174,7,0.011450851613194849,0.011448929981677791,-1.921631517057612e-06,-1.9216315170592472e-06
68,accuracy,0.1,3301,0,20,0.25,1.646949895559287,0.36909712027883934,0.9538062954909903,0.41173747388982174,0,0.02267380952380954,0.025999999999999995,0.003326190476190455,0.003326190476190467
68,accuracy,0.1,3301,0,20,0.25,1.646949895559287,0.36909712027883934,0.9538062954909903,0.41173747388982174,1,0.013216666666666666,0.013999999999999999,0.0007833333333333321,0.0007833333333333251
68,accuracy,0.1,3301,0,20,0.25,1.646949895559287,0.36909712027883934,0.9538062954909903,0.41173747388982174,2,0.003292857142857146,0.0030000000000000027,-0.0002928571428571433,-0.0002928571428571433
68,accuracy,0.1,3301,0,20,0.25,1.646949895559287,0.36909712027883934,0.9538062954909903,0.41173747388982174,3,0.009064285714285714,0.011999999999999997,0.002935714285714283,0.0029357142857142776
68,accuracy,0.1,3301,0,20,0.25,1.646949895559287,0.36909712027883934,0.9538062954909903,0.41173747388982174,4,0.0011738095238095232,0.0010000000000000009,-0.00017380952380952226,-0.00017380952380952573
68,accuracy,0.1,3301,0,20,0.25,1.646949895559287,0.36909712027883934,0.9538062954909903,0.41173747388982174,5,0.0064785714285714325,0.008999999999999994,0.0025214285714285616,0.0025214285714285616
68,accuracy,0.1,3301,0,20,0.25,1.646949895559287,0.36909712027883934,0.9538062954909903,0.41173747388982174,6,0.0016738095238095245,0.0030000000000000027,0.0013261904761904782,0.0013261904761904756
68,accuracy,0.1,3301,0,20,0.25,1.646949895559287,0.36909712027883934,0.9538062954909903,0.41173747388982174,7,0.0024261904761904715,0.0049999999999999906,0.002573809523809519,0.0025738095238095164
69,negative_brier,0.1,3301,0,20,0.5,1.646949895559287,0.36909712027883934,0.9538062954909903,0.8234749477796435,0,0.02286594364133827,0.022765238035961755,-0.00010070560537651582,-0.00010070560537651257
69,negative_brier,0.1,3301,0,20,0.5,1.646949895559287,0.36909712027883934,0.9538062954909903,0.8234749477796435,1,0.013741229316635094,0.013707764318521332,-3.346499811376219e-05,-3.346499811375989e-05
69,negative_brier,0.1,3301,0,20,0.5,1.646949895559287,0.36909712027883934,0.9538062954909903,0.8234749477796435,2,0.00457990259678504,0.004542939567121651,-3.696302966338903e-05,-3.696302966338778e-05
69,negative_brier,0.1,3301,0,20,0.5,1.646949895559287,0.36909712027883934,0.9538062954909903,0.8234749477796435,3,0.01646979412378442,0.016372433742050274,-9.736038173414549e-05,-9.736038173413988e-05
69,negative_brier,0.1,3301,0,20,0.5,1.646949895559287,0.36909712027883934,0.9538062954909903,0.8234749477796435,4,0.0011724886136056459,0.0011554675952148985,-1.7021018390747352e-05,-1.7021018390747003e-05
69,negative_brier,0.1,3301,0,20,0.5,1.646949895559287,0.36909712027883934,0.9538062954909903,0.8234749477796435,5,0.02189758873578562,0.021833556271560306,-6.403246422531303e-05,-6.403246422529987e-05
69,negative_brier,0.1,3301,0,20,0.5,1.646949895559287,0.36909712027883934,0.9538062954909903,0.8234749477796435,6,0.0048758841956860885,0.004831604556824298,-4.4279638861790226e-05,-4.4279638861789894e-05
69,negative_brier,0.1,3301,0,20,0.5,1.646949895559287,0.36909712027883934,0.9538062954909903,0.8234749477796435,7,0.00497700202673486,0.00496098050625321,-1.6021520481650578e-05,-1.602152048165241e-05
70,negative_cross_entropy,0.1,3301,0,20,0.5,1.646949895559287,0.36909712027883934,0.9538062954909903,0.8234749477796435,0,0.09829785755130364,0.09810518504341537,-0.00019267250788827794,-0.0001926725078882247
70,negative_cross_entropy,0.1,3301,0,20,0.5,1.646949895559287,0.36909712027883934,0.9538062954909903,0.8234749477796435,1,0.06318921274735434,0.06305865971642399,-0.0001305530309303471,-0.00013055303093030378
70,negative_cross_entropy,0.1,3301,0,20,0.5,1.646949895559287,0.36909712027883934,0.9538062954909903,0.8234749477796435,2,0.021373613706222344,0.021257189660515374,-0.00011642404570696985,-0.00011642404570698176
70,negative_cross_entropy,0.1,3301,0,20,0.5,1.646949895559287,0.36909712027883934,0.9538062954909903,0.8234749477796435,3,0.08323856354341587,0.08293515261953632,-0.00030341092387954627,-0.00030341092387949965
70,negative_cross_entropy,0.1,3301,0,20,0.5,1.646949895559287,0.36909712027883934,0.9538062954909903,0.8234749477796435,4,0.004920816036417705,0.004879066053313563,-4.1749983104142144e-05,-4.17499831041398e-05
70,negative_cross_entropy,0.1,3301,0,20,0.5,1.646949895559287,0.36909712027883934,0.9538062954909903,0.8234749477796435,5,0.11807295263421869,0.11792555923037407,-0.00014739340384462007,-0.00014739340384453865
70,negative_cross_entropy,0.1,3301,0,20,0.5,1.646949895559287,0.36909712027883934,0.9538062954909903,0.8234749477796435,6,0.03052525135802833,0.030363962239876807,-0.00016128911815152178,-0.00016128911815154408
70,negative_cross_entropy,0.1,3301,0,20,0.5,1.646949895559287,0.36909712027883934,0.9538062954909903,0.8234749477796435,7,0.022263916847641195,0.02227121926021458,7.302412573385875e-06,7.302412573385547e-06
71,accuracy,0.1,3301,0,20,0.5,1.646949895559287,0.36909712027883934,0.9538062954909903,0.8234749477796435,0,0.06741190476190478,0.064,-0.0034119047619047826,-0.003411904761904768
71,accuracy,0.1,3301,0,20,0.5,1.646949895559287,0.36909712027883934,0.9538062954909903,0.8234749477796435,1,0.028526190476190465,0.029000000000000005,0.00047380952380953953,0.0004738095238095274
71,accuracy,0.1,3301,0,20,0.5,1.646949895559287,0.36909712027883934,0.9538062954909903,0.8234749477796435,2,0.009111904761904764,0.007000000000000006,-0.0021119047619047576,-0.0021119047619047593
71,accuracy,0.1,3301,0,20,0.5,1.646949895559287,0.36909712027883934,0.9538062954909903,0.8234749477796435,3,0.028535714285714265,0.024000000000000007,-0.0045357142857142575,-0.004535714285714286
71,accuracy,0.1,3301,0,20,0.5,1.646949895559287,0.36909712027883934,0.9538062954909903,0.8234749477796435,4,0.0035071428571428636,0.0030000000000000027,-0.000507142857142861,-0.0005071428571428514
71,accuracy,0.1,3301,0,20,0.5,1.646949895559287,0.36909712027883934,0.9538062954909903,0.8234749477796435,5,0.03923571428571429,0.037000000000000005,-0.0022357142857142853,-0.002235714285714289
71,accuracy,0.1,3301,0,20,0.5,1.646949895559287,0.36909712027883934,0.9538062954909903,0.8234749477796435,6,-0.004149999999999997,-0.0010000000000000009,0.0031499999999999957,0.0031499999999999966
71,accuracy,0.1,3301,0,20,0.5,1.646949895559287,0.36909712027883934,0.9538062954909903,0.8234749477796435,7,0.007821428571428575,0.01100000000000001,0.003178571428571435,0.003178571428571437
72,negative_brier,0.1,3301,0,20,1.0,1.646949895559287,0.36909712027883934,0.9538062954909903,1.646949895559287,0,0.04831426757432205,0.04726656697174475,-0.0010477006025772992,-0.0010477006025773105
72,negative_brier,0.1,3301,0,20,1.0,1.646949895559287,0.36909712027883934,0.9538062954909903,1.646949895559287,1,0.026978168803418502,0.026413026229668624,-0.0005651425737498786,-0.0005651425737498778
72,negative_brier,0.1,3301,0,20,1.0,1.646949895559287,0.36909712027883934,0.9538062954909903,1.646949895559287,2,0.008985287930549065,0.008526666687477036,-0.00045862124307202885,-0.00045862124307202853
72,negative_brier,0.1,3301,0,20,1.0,1.646949895559287,0.36909712027883934,0.9538062954909903,1.646949895559287,3,0.032635044096794096,0.031520923980610904,-0.0011141201161831912,-0.0011141201161832131
72,negative_brier,0.1,3301,0,20,1.0,1.646949895559287,0.36909712027883934,0.9538062954909903,1.646949895559287,4,0.0022717246220818202,0.0021417046989219424,-0.00013001992315987785,-0.00013001992315987842
72,negative_brier,0.1,3301,0,20,1.0,1.646949895559287,0.36909712027883934,0.9538062954909903,1.646949895559287,5,0.044620071958906646,0.04403750586969851,-0.0005825660892081336,-0.000582566089208142
72,negative_brier,0.1,3301,0,20,1.0,1.646949895559287,0.36909712027883934,0.9538062954909903,1.646949895559287,6,0.009568316824428293,0.009021432678978814,-0.0005468841454494798,-0.0005468841454494806
72,negative_brier,0.1,3301,0,20,1.0,1.646949895559287,0.36909712027883934,0.9538062954909903,1.646949895559287,7,0.010646179250750254,0.010527718421135646,-0.0001184608296146087,-0.00011846082961460726
73,negative_cross_entropy,0.1,3301,0,20,1.0,1.646949895559287,0.36909712027883934,0.9538062954909903,1.646949895559287,0,0.17564579799954216,0.17518744414261334,-0.00045835385692882813,-0.00045835385692880856
73,negative_cross_entropy,0.1,3301,0,20,1.0,1.646949895559287,0.36909712027883934,0.9538062954909903,1.646949895559287,1,0.11221711630326653,0.1119247965072564,-0.000292319796010132,-0.00029231979601017816
73,negative_cross_entropy,0.1,3301,0,20,1.0,1.646949895559287,0.36909712027883934,0.9538062954909903,1.646949895559287,2,0.03721014779177095,0.03667524569215541,-0.0005349020996155418,-0.0005349020996155431
73,negative_cross_entropy,0.1,3301,0,20,1.0,1.646949895559287,0.36909712027883934,0.9538062954909903,1.646949895559287,3,0.14385887773292164,0.14251035154169922,-0.0013485261912224156,-0.0013485261912223243
73,negative_cross_entropy,0.1,3301,0,20,1.0,1.646949895559287,0.36909712027883934,0.9538062954909903,1.646949895559287,4,0.008507027480657316,0.008324521088337034,-0.00018250639232028285,-0.00018250639232028108
73,negative_cross_entropy,0.1,3301,0,20,1.0,1.646949895559287,0.36909712027883934,0.9538062954909903,1.646949895559287,5,0.21300258077165826,0.21264434844061608,-0.0003582323310421798,-0.0003582323310421894
73,negative_cross_entropy,0.1,3301,0,20,1.0,1.646949895559287,0.36909712027883934,0.9538062954909903,1.646949895559287,6,0.05364528874345902,0.052920200824637,-0.0007250879188220247,-0.0007250879188220313
73,negative_cross_entropy,0.1,3301,0,20,1.0,1.646949895559287,0.36909712027883934,0.9538062954909903,1.646949895559287,7,0.041410965284827336,0.041806392189495,0.0003954269046676645,0.0003954269046676732
74,accuracy,0.1,3301,0,20,1.0,1.646949895559287,0.36909712027883934,0.9538062954909903,1.646949895559287,0,0.10029285714285717,0.09399999999999997,-0.006292857142857197,-0.006292857142857171
74,accuracy,0.1,3301,0,20,1.0,1.646949895559287,0.36909712027883934,0.9538062954909903,1.646949895559287,1,0.05551190476190481,0.060999999999999985,0.005488095238095174,0.005488095238095221
74,accuracy,0.1,3301,0,20,1.0,1.646949895559287,0.36909712027883934,0.9538062954909903,1.646949895559287,2,0.013169047619047615,0.01599999999999996,0.0028309523809523437,0.002830952380952356
74,accuracy,0.1,3301,0,20,1.0,1.646949895559287,0.36909712027883934,0.9538062954909903,1.646949895559287,3,0.05201666666666665,0.04399999999999997,-0.008016666666666679,-0.008016666666666682
74,accuracy,0.1,3301,0,20,1.0,1.646949895559287,0.36909712027883934,0.9538062954909903,1.646949895559287,4,0.003111904761904761,-0.0030000000000000027,-0.006111904761904764,-0.006111904761904762
74,accuracy,0.1,3301,0,20,1.0,1.646949895559287,0.36909712027883934,0.9538062954909903,1.646949895559287,5,0.07556904761904762,0.06299999999999996,-0.01256904761904766,-0.012569047619047653
74,accuracy,0.1,3301,0,20,1.0,1.646949895559287,0.36909712027883934,0.9538062954909903,1.646949895559287,6,0.004911904761904754,0.00899999999999996,0.004088095238095206,0.0040880952380952015
74,accuracy,0.1,3301,0,20,1.0,1.646949895559287,0.36909712027883934,0.9538062954909903,1.646949895559287,7,0.023416666666666662,0.020999999999999963,-0.002416666666666699,-0.002416666666666693
75,negative_brier,0.1,3301,15,20,0.0625,1.2601816854071917,0.2639517390975913,0.59369582483033,0.07876135533794948,0,0.0013154539995114181,0.0013154449281503333,-9.071361084826354e-09,-9.071361084126263e-09
75,negative_brier,0.1,3301,15,20,0.0625,1.2601816854071917,0.2639517390975913,0.59369582483033,0.07876135533794948,1,0.0008161653022119515,0.000816183988684438,1.868647248645227e-08,1.8686472486172445e-08
75,negative_brier,0.1,3301,15,20,0.0625,1.2601816854071917,0.2639517390975913,0.59369582483033,0.07876135533794948,2,0.00021040033189853626,0.0002104078207090243,7.48881048804619e-09,7.488810488002052e-09
75,negative_brier,0.1,3301,15,20,0.0625,1.2601816854071917,0.2639517390975913,0.59369582483033,0.07876135533794948,3,0.0008507688660474651,0.0008507588862299853,-9.97981747978896e-09,-9.979817480214383e-09
75,negative_brier,0.1,3301,15,20,0.0625,1.2601816854071917,0.2639517390975913,0.59369582483033,0.07876135533794948,4,5.781897139480304e-05,5.783413850507513e-05,1.5167110272084553e-08,1.516711027208359e-08
75,negative_brier,0.1,3301,15,20,0.0625,1.2601816854071917,0.2639517390975913,0.59369582483033,0.07876135533794948,5,0.0014392786796035442,0.001439189028205612,-8.96513979323308e-08,-8.96513979322296e-08
75,negative_brier,0.1,3301,15,20,0.0625,1.2601816854071917,0.2639517390975913,0.59369582483033,0.07876135533794948,6,0.00034723186272550284,0.0003472212424476817,-1.0620277821125727e-08,-1.0620277821060681e-08
75,negative_brier,0.1,3301,15,20,0.0625,1.2601816854071917,0.2639517390975913,0.59369582483033,0.07876135533794948,7,0.0005727050132687986,0.0005727279849303546,2.297166155603228e-08,2.2971661555895987e-08
76,negative_cross_entropy,0.1,3301,15,20,0.0625,1.2601816854071917,0.2639517390975913,0.59369582483033,0.07876135533794948,0,0.0034286338799005035,0.0034287034132617356,6.953336123202702e-08,6.953336123258867e-08
76,negative_cross_entropy,0.1,3301,15,20,0.0625,1.2601816854071917,0.2639517390975913,0.59369582483033,0.07876135533794948,1,0.0028745653053093303,0.002874616704410138,5.139910080756774e-08,5.1399100809133134e-08
76,negative_cross_entropy,0.1,3301,15,20,0.0625,1.2601816854071917,0.2639517390975913,0.59369582483033,0.07876135533794948,2,0.000703753323572515,0.0007037682668907808,1.4943318265734848e-08,1.4943318265596477e-08
76,negative_cross_entropy,0.1,3301,15,20,0.0625,1.2601816854071917,0.2639517390975913,0.59369582483033,0.07876135533794948,3,0.0025835732476672023,0.002583614244463739,4.099679653656735e-08,4.099679653878943e-08
76,negative_cross_entropy,0.1,3301,15,20,0.0625,1.2601816854071917,0.2639517390975913,0.59369582483033,0.07876135533794948,4,0.00013272252020691476,0.00013273721079476442,1.4690587849658637e-08,1.4690587849636435e-08
76,negative_cross_entropy,0.1,3301,15,20,0.0625,1.2601816854071917,0.2639517390975913,0.59369582483033,0.07876135533794948,5,0.004009915744148667,0.004009902629441675,-1.3114706992264913e-08,-1.311470699261185e-08
76,negative_cross_entropy,0.1,3301,15,20,0.0625,1.2601816854071917,0.2639517390975913,0.59369582483033,0.07876135533794948,6,0.0014273027916556678,0.0014273222571309363,1.94654752685465e-08,1.9465475268426745e-08
76,negative_cross_entropy,0.1,3301,15,20,0.0625,1.2601816854071917,0.2639517390975913,0.59369582483033,0.07876135533794948,7,0.0014326090879992002,0.0014326472076664487,3.811966724849743e-08,3.811966724894971e-08
77,accuracy,0.1,3301,15,20,0.0625,1.2601816854071917,0.2639517390975913,0.59369582483033,0.07876135533794948,0,0.000385714285714287,0.0010000000000000009,0.0006142857142857139,0.0006142857142857174
77,accuracy,0.1,3301,15,20,0.0625,1.2601816854071917,0.2639517390975913,0.59369582483033,0.07876135533794948,1,-0.00048095238095238095,-0.0010000000000000009,-0.0005190476190476199,-0.0005190476190476195
77,accuracy,0.1,3301,15,20,0.0625,1.2601816854071917,0.2639517390975913,0.59369582483033,0.07876135533794948,2,-0.00011428571428571412,-0.0010000000000000009,-0.0008857142857142868,-0.000885714285714284
77,accuracy,0.1,3301,15,20,0.0625,1.2601816854071917,0.2639517390975913,0.59369582483033,0.07876135533794948,3,-0.0008428571428571435,-0.0020000000000000018,-0.0011571428571428583,-0.0011571428571428583
77,accuracy,0.1,3301,15,20,0.0625,1.2601816854071917,0.2639517390975913,0.59369582483033,0.07876135533794948,4,-4.761904761903897e-06,0.0,4.761904761903897e-06,4.761904761904981e-06
77,accuracy,0.1,3301,15,20,0.0625,1.2601816854071917,0.2639517390975913,0.59369582483033,0.07876135533794948,5,0.003333333333333334,0.0020000000000000018,-0.0013333333333333322,-0.0013333333333333348
77,accuracy,0.1,3301,15,20,0.0625,1.2601816854071917,0.2639517390975913,0.59369582483033,0.07876135533794948,6,-0.000966666666666666,-0.0010000000000000009,-3.3333333333334866e-05,-3.33333333333314e-05
77,accuracy,0.1,3301,15,20,0.0625,1.2601816854071917,0.2639517390975913,0.59369582483033,0.07876135533794948,7,0.0006904761904761912,0.0,-0.0006904761904761912,-0.0006904761904761893
78,negative_brier,0.1,3301,15,20,0.125,1.2601816854071917,0.2639517390975913,0.59369582483033,0.15752271067589896,0,0.002615053823723774,0.0026149759981587972,-7.782556497686055e-08,-7.78255649768771e-08
78,negative_brier,0.1,3301,15,20,0.125,1.2601816854071917,0.2639517390975913,0.59369582483033,0.15752271067589896,1,0.0016220286777017987,0.0016221762215493096,1.4754384751089998e-07,1.475438475107533e-07
78,negative_brier,0.1,3301,15,20,0.125,1.2601816854071917,0.2639517390975913,0.59369582483033,0.15752271067589896,2,0.0004152008181367754,0.0004152599662700096,5.914813323420207e-08,5.914813323438746e-08
78,negative_brier,0.1,3301,15,20,0.125,1.2601816854071917,0.2639517390975913,0.59369582483033,0.15752271067589896,3,0.0016879998006845984,0.0016879090879350356,-9.071274956282821e-08,-9.071274956328263e-08
78,negative_brier,0.1,3301,15,20,0.125,1.2601816854071917,0.2639517390975913,0.59369582483033,0.15752271067589896,4,0.00011653643442389151,0.00011665821805223464,1.217836283431311e-07,1.2178362834318406e-07
78,negative_brier,0.1,3301,15,20,0.125,1.2601816854071917,0.2639517390975913,0.59369582483033,0.15752271067589896,5,0.0028792647538892205,0.0028785201904104607,-7.445634787597508e-07,-7.445634787598252e-07
78,negative_brier,0.1,3301,15,20,0.125,1.2601816854071917,0.2639517390975913,0.59369582483033,0.15752271067589896,6,0.000693758181130418,0.0006936708822087856,-8.729892163241576e-08,-8.729892163262229e-08
78,negative_brier,0.1,3301,15,20,0.125,1.2601816854071917,0.2639517390975913,0.59369582483033,0.15752271067589896,7,0.0011523382178126207,0.0011525306823020331,1.9246448941241494e-07,1.9246448941272273e-07
79,negative_cross_entropy,0.1,3301,15,20,0.125,1.2601816854071917,0.2639517390975913,0.59369582483033,0.15752271067589896,0,0.006810409144257473,0.00681095652235153,5.473780940569786e-07,5.473780940546906e-07
79,negative_cross_entropy,0.1,3301,15,20,0.125,1.2601816854071917,0.2639517390975913,0.59369582483033,0.15752271067589896,1,0.005706194858524116,0.005706601910020814,4.070514966984101e-07,4.0705149669568426e-07
79,negative_cross_entropy,0.1,3301,15,20,0.125,1.2601816854071917,0.2639517390975913,0.59369582483033,0.15752271067589896,2,0.0013929014235615387,0.0013930205434835585,1.1911992201982767e-07,1.1911992201915236e-07
79,negative_cross_entropy,0.1,3301,15,20,0.125,1.2601816854071917,0.2639517390975913,0.59369582483033,0.15752271067589896,3,0.005103176569867371,0.005103496142256692,3.1957238932033005e-07,3.195723893171086e-07
79,negative_cross_entropy,0.1,3301,15,20,0.125,1.2601816854071917,0.2639517390975913,0.59369582483033,0.15752271067589896,4,0.0002662239460685135,0.0002663408800036571,1.1693393514355986e-07,1.1693393514351182e-07
79,negative_cross_entropy,0.1,3301,15,20,0.125,1.2601816854071917,0.2639517390975913,0.59369582483033,0.15752271067589896,5,0.007970865412824777,0.007970738903093966,-1.2650973081097805e-07,-1.2650973079886802e-07
79,negative_cross_entropy,0.1,3301,15,20,0.125,1.2601816854071917,0.2639517390975913,0.59369582483033,0.15752271067589896,6,0.0028360128342221117,0.0028361675678000298,1.5473357791806822e-07,1.547335779191378e-07
79,negative_cross_entropy,0.1,3301,15,20,0.125,1.2601816854071917,0.2639517390975913,0.59369582483033,0.15752271067589896,7,0.002858320300538505,0.002858627784820267,3.074842817619994e-07,3.0748428176249516e-07
80,accuracy,0.1,3301,15,20,0.125,1.2601816854071917,0.2639517390975913,0.59369582483033,0.15752271067589896,0,-0.0015500000000000002,-0.0020000000000000018,-0.0004500000000000016,-0.0004500000000000042
80,accuracy,0.1,3301,15,20,0.125,1.2601816854071917,0.2639517390975913,0.59369582483033,0.15752271067589896,1,0.004821428571428574,0.006000000000000005,0.0011785714285714316,0.0011785714285714281
80,accuracy,0.1,3301,15,20,0.125,1.2601816854071917,0.2639517390975913,0.59369582483033,0.15752271067589896,2,-0.0002595238095238102,0.0,0.0002595238095238102,0.00025952380952380845
80,accuracy,0.1,3301,15,20,0.125,1.2601816854071917,0.2639517390975913,0.59369582483033,0.15752271067589896,3,0.0035214285714285747,0.0040000000000000036,0.0004785714285714289,0.0004785714285714237
80,accuracy,0.1,3301,15,20,0.125,1.2601816854071917,0.2639517390975913,0.59369582483033,0.15752271067589896,4,-0.0013690476190476204,-0.0020000000000000018,-0.0006309523809523813,-0.0006309523809523866
80,accuracy,0.1,3301,15,20,0.125,1.2601816854071917,0.2639517390975913,0.59369582483033,0.15752271067589896,5,0.010321428571428575,0.01100000000000001,0.0006785714285714346,0.0006785714285714242
80,accuracy,0.1,3301,15,20,0.125,1.2601816854071917,0.2639517390975913,0.59369582483033,0.15752271067589896,6,0.00031190476190476237,-0.0010000000000000009,-0.0013119047619047633,-0.001311904761904765
80,accuracy,0.1,3301,15,20,0.125,1.2601816854071917,0.2639517390975913,0.59369582483033,0.15752271067589896,7,0.002202380952380955,0.0020000000000000018,-0.00020238095238095302,-0.00020238095238095562
81,negative_brier,0.1,3301,15,20,0.25,1.2601816854071917,0.2639517390975913,0.59369582483033,0.3150454213517979,0,0.005165867829261426,0.005165161063110102,-7.067661513242979e-07,-7.067661513248433e-07
81,negative_brier,0.1,3301,15,20,0.25,1.2601816854071917,0.2639517390975913,0.59369582483033,0.3150454213517979,1,0.003198248961883671,0.003199394690549029,1.1457286653577918e-06,1.145728665358623e-06
81,negative_brier,0.1,3301,15,20,0.25,1.2601816854071917,0.2639517390975913,0.59369582483033,0.3150454213517979,2,0.0008072817430210121,0.0008077412799545325,4.5953693352039464e-07,4.595369335208017e-07
81,negative_brier,0.1,3301,15,20,0.25,1.2601816854071917,0.2639517390975913,0.59369582483033,0.3150454213517979,3,0.003319660307130352,0.003318759839608554,-9.004675217980443e-07,-9.004675217967817e-07
81,negative_brier,0.1,3301,15,20,0.25,1.2601816854071917,0.2639517390975913,0.59369582483033,0.3150454213517979,4,0.00023722194064636302,0.00023819978961620025,9.778489698372347e-07,9.778489698373097e-07
81,negative_brier,0.1,3301,15,20,0.25,1.2601816854071917,0.2639517390975913,0.59369582483033,0.3150454213517979,5,0.0057537143933585585,0.005747333238840302,-6.381154518256445e-06,-6.381154518257595e-06
81,negative_brier,0.1,3301,15,20,0.25,1.2601816854071917,0.2639517390975913,0.59369582483033,0.3150454213517979,6,0.0013838163415965062,0.0013830822194280668,-7.341221684394918e-07,-7.341221684396361e-07
81,negative_brier,0.1,3301,15,20,0.25,1.2601816854071917,0.2639517390975913,0.59369582483033,0.3150454213517979,7,0.0023286943634900728,0.002330374446463057,1.6800829729843834e-06,1.6800829729851646e-06
82,negative_cross_entropy,0.1,3301,15,20,0.25,1.2601816854071917,0.2639517390975913,0.59369582483033,0.3150454213517979,0,0.013431774417141367,0.013435997815915424,4.223398774056558e-06,4.223398774048197e-06
82,negative_cross_entropy,0.1,3301,15,20,0.25,1.2601816854071917,0.2639517390975913,0.59369582483033,0.3150454213517979,1,0.011232111739996902,0.011235294297546883,3.1825575499810216e-06,3.182557549981302e-06
82,negative_cross_entropy,0.1,3301,15,20,0.25,1.2601816854071917,0.2639517390975913,0.59369582483033,0.3150454213517979,2,0.0027269150591166377,0.0027278584085733693,9.433494567315584e-07,9.433494567326745e-07
82,negative_cross_entropy,0.1,3301,15,20,0.25,1.2601816854071917,0.2639517390975913,0.59369582483033,0.3150454213517979,3,0.009951398387967754,0.009953818022523375,2.419634555621622e-06,2.4196345556223975e-06
82,negative_cross_entropy,0.1,3301,15,20,0.25,1.2601816854071917,0.2639517390975913,0.59369582483033,0.3150454213517979,4,0.0005363641224790032,0.0005372890932076047,9.249707286014715e-07,9.249707286017644e-07
82,negative_cross_entropy,0.1,3301,15,20,0.25,1.2601816854071917,0.2639517390975913,0.59369582483033,0.3150454213517979,5,0.015739374271427294,0.015738016048696624,-1.3582227306706274e-06,-1.3582227306772683e-06
82,negative_cross_entropy,0.1,3301,15,20,0.25,1.2601816854071917,0.2639517390975913,0.59369582483033,0.3150454213517979,6,0.005595661066800698,0.005596878661143445,1.2175943427472982e-06,1.2175943427431924e-06
82,negative_cross_entropy,0.1,3301,15,20,0.25,1.2601816854071917,0.2639517390975913,0.59369582483033,0.3150454213517979,7,0.005682810764141958,0.005685306507881127,2.4957437391691373e-06,2.4957437391662616e-06
83,accuracy,0.1,3301,15,20,0.25,1.2601816854071917,0.2639517390975913,0.59369582483033,0.3150454213517979,0,-0.004538095238095246,-0.0040000000000000036,0.000538095238095242,0.0005380952380952407
83,accuracy,0.1,3301,15,20,0.25,1.2601816854071917,0.2639517390975913,0.59369582483033,0.3150454213517979,1,0.010061904761904774,0.006000000000000005,-0.004061904761904768,-0.004061904761904761
83,accuracy,0.1,3301,15,20,0.25,1.2601816854071917,0.2639517390975913,0.59369582483033,0.3150454213517979,2,-0.00039523809523809607,-0.0020000000000000018,-0.0016047619047619057,-0.0016047619047618981
83,accuracy,0.1,3301,15,20,0.25,1.2601816854071917,0.2639517390975913,0.59369582483033,0.3150454213517979,3,0.0016333333333333323,-0.0010000000000000009,-0.002633333333333333,-0.0026333333333333304
83,accuracy,0.1,3301,15,20,0.25,1.2601816854071917,0.2639517390975913,0.59369582483033,0.3150454213517979,4,-0.001823809523809526,-0.0030000000000000027,-0.0011761904761904767,-0.0011761904761904828
83,accuracy,0.1,3301,15,20,0.25,1.2601816854071917,0.2639517390975913,0.59369582483033,0.3150454213517979,5,0.020804761904761927,0.017000000000000015,-0.0038047619047619115,-0.003804761904761907
83,accuracy,0.1,3301,15,20,0.25,1.2601816854071917,0.2639517390975913,0.59369582483033,0.3150454213517979,6,0.003195238095238099,0.0020000000000000018,-0.0011952380952380973,-0.0011952380952380923
83,accuracy,0.1,3301,15,20,0.25,1.2601816854071917,0.2639517390975913,0.59369582483033,0.3150454213517979,7,0.005061904761904764,0.0040000000000000036,-0.0010619047619047604,-0.0010619047619047598
84,negative_brier,0.1,3301,15,20,0.5,1.2601816854071917,0.2639517390975913,0.59369582483033,0.6300908427035958,0,0.010070742947464519,0.010063765620007992,-6.9773274565271964e-06,-6.977327456523495e-06
84,negative_brier,0.1,3301,15,20,0.5,1.2601816854071917,0.2639517390975913,0.59369582483033,0.6300908427035958,1,0.006176909809828045,0.006185408749171839,8.498939343793734e-06,8.498939343795113e-06
84,negative_brier,0.1,3301,15,20,0.5,1.2601816854071917,0.2639517390975913,0.59369582483033,0.6300908427035958,2,0.0015174679622476492,0.0015208859460345003,3.417983786851162e-06,3.4179837868513244e-06
84,negative_brier,0.1,3301,15,20,0.5,1.2601816854071917,0.2639517390975913,0.59369582483033,0.6300908427035958,3,0.006398921972021402,0.006388990487587232,-9.931484434170211e-06,-9.931484434170482e-06
84,negative_brier,0.1,3301,15,20,0.5,1.2601816854071917,0.2639517390975913,0.59369582483033,0.6300908427035958,4,0.0004956414885103391,0.0005034128792162362,7.771390705897164e-06,7.771390705896939e-06
84,negative_brier,0.1,3301,15,20,0.5,1.2601816854071917,0.2639517390975913,0.59369582483033,0.6300908427035958,5,0.011423005282737866,0.011365721602476786,-5.728368026108009e-05,-5.7283680261078865e-05
84,negative_brier,0.1,3301,15,20,0.5,1.2601816854071917,0.2639517390975913,0.59369582483033,0.6300908427035958,6,0.0027451719430474676,0.00273879075507355,-6.381187973917429e-06,-6.381187973916996e-06
84,negative_brier,0.1,3301,15,20,0.5,1.2601816854071917,0.2639517390975913,0.59369582483033,0.6300908427035958,7,0.004721431695998899,0.004737103768565676,1.56720725667768e-05,1.567207256677828e-05
85,negative_cross_entropy,0.1,3301,15,20,0.5,1.2601816854071917,0.2639517390975913,0.59369582483033,0.6300908427035958,0,0.026095565808718454,0.026126469231163463,3.090342244500832e-05,3.090342244501587e-05
85,negative_cross_entropy,0.1,3301,15,20,0.5,1.2601816854071917,0.2639517390975913,0.59369582483033,0.6300908427035958,1,0.021676259896669443,0.021700296808612407,2.40369119429637e-05,2.4036911942967747e-05
85,negative_cross_entropy,0.1,3301,15,20,0.5,1.2601816854071917,0.2639517390975913,0.59369582483033,0.6300908427035958,2,0.005215725108714003,0.005223039155286768,7.314046572765194e-06,7.31404657276238e-06
85,negative_cross_entropy,0.1,3301,15,20,0.5,1.2601816854071917,0.2639517390975913,0.59369582483033,0.6300908427035958,3,0.018896834099961998,0.018913926579733897,1.7092479771899094e-05,1.709247977189395e-05
85,negative_cross_entropy,0.1,3301,15,20,0.5,1.2601816854071917,0.2639517390975913,0.59369582483033,0.6300908427035958,4,0.0010948653025043202,0.0011020667705506915,7.201468046371274e-06,7.201468046371829e-06
85,negative_cross_entropy,0.1,3301,15,20,0.5,1.2601816854071917,0.2639517390975913,0.59369582483033,0.6300908427035958,5,0.03061958932552898,0.030603216543047762,-1.6372782481219317e-05,-1.6372782481210724e-05
85,negative_cross_entropy,0.1,3301,15,20,0.5,1.2601816854071917,0.2639517390975913,0.59369582483033,0.6300908427035958,6,0.010871009791606987,0.01088029397376411,9.284182157122747e-06,9.284182157120213e-06
85,negative_cross_entropy,0.1,3301,15,20,0.5,1.2601816854071917,0.2639517390975913,0.59369582483033,0.6300908427035958,7,0.011180299193997108,0.01120067993463425,2.038074063714229e-05,2.0380740637139463e-05
86,accuracy,0.1,3301,15,20,0.5,1.2601816854071917,0.2639517390975913,0.59369582483033,0.6300908427035958,0,-0.007783333333333323,-0.00899999999999998,-0.0012166666666666576,-0.0012166666666666506
86,accuracy,0.1,3301,15,20,0.5,1.2601816854071917,0.2639517390975913,0.59369582483033,0.6300908427035958,1,0.02975000000000004,0.038000000000000034,0.008249999999999993,0.008250000000000013
86,accuracy,0.1,3301,15,20,0.5,1.2601816854071917,0.2639517390975913,0.59369582483033,0.6300908427035958,2,0.0012690476190476186,0.0020000000000000018,0.0007309523809523831,0.0007309523809523912
86,accuracy,0.1,3301,15,20,0.5,1.2601816854071917,0.2639517390975913,0.59369582483033,0.6300908427035958,3,0.006402380952380954,0.009000000000000008,0.0025976190476190543,0.002597619047619055
86,accuracy,0.1,3301,15,20,0.5,1.2601816854071917,0.2639517390975913,0.59369582483033,0.6300908427035958,4,-0.0038452380952380986,-0.0030000000000000027,0.000845238095238096,0.0008452380952380968
86,accuracy,0.1,3301,15,20,0.5,1.2601816854071917,0.2639517390975913,0.59369582483033,0.6300908427035958,5,0.032492857142857164,0.03300000000000003,0.0005071428571428657,0.0005071428571428657
86,accuracy,0.1,3301,15,20,0.5,1.2601816854071917,0.2639517390975913,0.59369582483033,0.6300908427035958,6,0.006769047619047623,0.007000000000000006,0.0002309523809523829,0.0002309523809523907
86,accuracy,0.1,3301,15,20,0.5,1.2601816854071917,0.2639517390975913,0.59369582483033,0.6300908427035958,7,0.012945238095238109,0.015000000000000013,0.0020547619047619047,0.002054761904761915
87,negative_brier,0.1,3301,15,20,1.0,1.2601816854071917,0.2639517390975913,0.59369582483033,1.2601816854071917,0,0.01908571945970677,0.019012620395637392,-7.309906406937836e-05,-7.309906406936784e-05
87,negative_brier,0.1,3301,15,20,1.0,1.2601816854071917,0.2639517390975913,0.59369582483033,1.2601816854071917,1,0.011193409471950834,0.011248570483682774,5.5161011731939824e-05,5.5161011731938564e-05
87,negative_brier,0.1,3301,15,20,1.0,1.2601816854071917,0.2639517390975913,0.59369582483033,1.2601816854071917,2,0.002627256911701883,0.0026500168800345225,2.2759968332639567e-05,2.2759968332640506e-05
87,negative_brier,0.1,3301,15,20,1.0,1.2601816854071917,0.2639517390975913,0.59369582483033,1.2601816854071917,3,0.01176669985545388,0.011648312845682407,-0.00011838700977147287,-0.00011838700977147408
87,negative_brier,0.1,3301,15,20,1.0,1.2601816854071917,0.2639517390975913,0.59369582483033,1.2601816854071917,4,0.0011120264726982353,0.0011698234365667415,5.779696386850621e-05,5.7796963868505024e-05
87,negative_brier,0.1,3301,15,20,1.0,1.2601816854071917,0.2639517390975913,0.59369582483033,1.2601816854071917,5,0.02195861593423323,0.02142638108258893,-0.0005322348516442997,-0.0005322348516442866
87,negative_brier,0.1,3301,15,20,1.0,1.2601816854071917,0.2639517390975913,0.59369582483033,1.2601816854071917,6,0.005326395494535352,0.005270964672216827,-5.5430822318525315e-05,-5.543082231852565e-05
87,negative_brier,0.1,3301,15,20,1.0,1.2601816854071917,0.2639517390975913,0.59369582483033,1.2601816854071917,7,0.009409640398724863,0.009568438927709866,0.0001587985289850033,0.0001587985289850002
88,negative_cross_entropy,0.1,3301,15,20,1.0,1.2601816854071917,0.2639517390975913,0.59369582483033,1.2601816854071917,0,0.04902585133367418,0.04922031412689798,0.00019446279322379856,0.00019446279322380308
88,negative_cross_entropy,0.1,3301,15,20,1.0,1.2601816854071917,0.2639517390975913,0.59369582483033,1.2601816854071917,1,0.03969056652946855,0.039855511009409095,0.00016494447994054584,0.00016494447994055947
88,negative_cross_entropy,0.1,3301,15,20,1.0,1.2601816854071917,0.2639517390975913,0.59369582483033,1.2601816854071917,2,0.009475466023864098,0.009529182758371446,5.371673450734783e-05,5.371673450734484e-05
88,negative_cross_entropy,0.1,3301,15,20,1.0,1.2601816854071917,0.2639517390975913,0.59369582483033,1.2601816854071917,3,0.03397520511881966,0.03406901317942257,9.380806060291236e-05,9.380806060292533e-05
88,negative_cross_entropy,0.1,3301,15,20,1.0,1.2601816854071917,0.2639517390975913,0.59369582483033,1.2601816854071917,4,0.0023283002846408783,0.0023807823374201176,5.2482052779239275e-05,5.248205277924102e-05
88,negative_cross_entropy,0.1,3301,15,20,1.0,1.2601816854071917,0.2639517390975913,0.59369582483033,1.2601816854071917,5,0.057451300764145403,0.05723705863032913,-0.00021424213381627394,-0.00021424213381625635
88,negative_cross_entropy,0.1,3301,15,20,1.0,1.2601816854071917,0.2639517390975913,0.59369582483033,1.2601816854071917,6,0.0203571851176267,0.02042306208978495,6.587697215824917e-05,6.587697215824357e-05
88,negative_cross_entropy,0.1,3301,15,20,1.0,1.2601816854071917,0.2639517390975913,0.59369582483033,1.2601816854071917,7,0.021224632329579326,0.021391793981850427,0.00016716165227110072,0.00016716165227110207
89,accuracy,0.1,3301,15,20,1.0,1.2601816854071917,0.2639517390975913,0.59369582483033,1.2601816854071917,0,-0.000585714285714297,-0.014999999999999986,-0.014414285714285689,-0.014414285714285689
89,accuracy,0.1,3301,15,20,1.0,1.2601816854071917,0.2639517390975913,0.59369582483033,1.2601816854071917,1,0.024361904761904755,0.017000000000000015,-0.00736190476190474,-0.007361904761904743
89,accuracy,0.1,3301,15,20,1.0,1.2601816854071917,0.2639517390975913,0.59369582483033,1.2601816854071917,2,0.0007047619047619001,-0.0030000000000000027,-0.0037047619047619025,-0.0037047619047618947
89,accuracy,0.1,3301,15,20,1.0,1.2601816854071917,0.2639517390975913,0.59369582483033,1.2601816854071917,3,0.00938095238095237,0.007000000000000006,-0.002380952380952364,-0.0023809523809523656
89,accuracy,0.1,3301,15,20,1.0,1.2601816854071917,0.2639517390975913,0.59369582483033,1.2601816854071917,4,-0.0021666666666666674,-0.0010000000000000009,0.0011666666666666665,0.00116666666666667
89,accuracy,0.1,3301,15,20,1.0,1.2601816854071917,0.2639517390975913,0.59369582483033,1.2601816854071917,5,0.04084761904761904,0.035999999999999976,-0.004847619047619066,-0.004847619047619054
89,accuracy,0.1,3301,15,20,1.0,1.2601816854071917,0.2639517390975913,0.59369582483033,1.2601816854071917,6,0.0107047619047619,0.0020000000000000018,-0.008704761904761897,-0.008704761904761885
89,accuracy,0.1,3301,15,20,1.0,1.2601816854071917,0.2639517390975913,0.59369582483033,1.2601816854071917,7,0.016752380952380942,0.014000000000000012,-0.0027523809523809298,-0.002752380952380935
90,negative_brier,0.1,3463,0,20,0.0625,1.618052820283065,0.34747526835704146,0.8593726102416369,0.10112830126769157,0,0.0019794102410171763,0.0019793776187974066,-3.262221976970195e-08,-3.262221976903699e-08
90,negative_brier,0.1,3463,0,20,0.0625,1.618052820283065,0.34747526835704146,0.8593726102416369,0.10112830126769157,1,0.00021380437314263325,0.00021380436104251332,-1.2100119924042183e-11,-1.2100119980060151e-11
90,negative_brier,0.1,3463,0,20,0.0625,1.618052820283065,0.34747526835704146,0.8593726102416369,0.10112830126769157,2,0.0004568909241175694,0.00045688176329850005,-9.160819069357722e-09,-9.160819069325715e-09
90,negative_brier,0.1,3463,0,20,0.0625,1.618052820283065,0.34747526835704146,0.8593726102416369,0.10112830126769157,3,0.000521320807185133,0.0005212846877987176,-3.611938641538345e-08,-3.6119386414991085e-08
90,negative_brier,0.1,3463,0,20,0.0625,1.618052820283065,0.34747526835704146,0.8593726102416369,0.10112830126769157,4,0.0013386865129050654,0.001338622660126576,-6.385277848933342e-08,-6.385277848857963e-08
90,negative_brier,0.1,3463,0,20,0.0625,1.618052820283065,0.34747526835704146,0.8593726102416369,0.10112830126769157,5,0.0009985432015844641,0.000998503728791067,-3.947279339716961e-08,-3.947279339724809e-08
90,negative_brier,0.1,3463,0,20,0.0625,1.618052820283065,0.34747526835704146,0.8593726102416369,0.10112830126769157,6,0.0014621608127019876,0.0014621177308202227,-4.3081881764958294e-08,-4.308188176429953e-08
90,negative_brier,0.1,3463,0,20,0.0625,1.618052820283065,0.34747526835704146,0.8593726102416369,0.10112830126769157,7,0.0022034235217539225,0.0022033163259551625,-1.0719579876007634e-07,-1.0719579876171189e-07
91,negative_cross_entropy,0.1,3463,0,20,0.0625,1.618052820283065,0.34747526835704146,0.8593726102416369,0.10112830126769157,0,0.010147015342673735,0.010146857082146798,-1.5826052693693193e-07,-1.582605269353129e-07
91,negative_cross_entropy,0.1,3463,0,20,0.0625,1.618052820283065,0.34747526835704146,0.8593726102416369,0.10112830126769157,1,0.001113400752965686,0.0011134305064339767,2.9753468290712182e-08,2.97534682902083e-08
91,negative_cross_entropy,0.1,3463,0,20,0.0625,1.618052820283065,0.34747526835704146,0.8593726102416369,0.10112830126769157,2,0.0025949800124856494,0.002594823637092958,-1.5637539269161213e-07,-1.5637539269083985e-07
91,negative_cross_entropy,0.1,3463,0,20,0.0625,1.618052820283065,0.34747526835704146,0.8593726102416369,0.10112830126769157,3,0.00334457323896077,0.003344596891231344,2.3652270573961548e-08,2.3652270572792715e-08
91,negative_cross_entropy,0.1,3463,0,20,0.0625,1.618052820283065,0.34747526835704146,0.8593726102416369,0.10112830126769157,4,0.008475262002600351,0.008474948600120102,-3.134024802488311e-07,-3.1340248024483295e-07
91,negative_cross_entropy,0.1,3463,0,20,0.0625,1.618052820283065,0.34747526835704146,0.8593726102416369,0.10112830126769157,5,0.005437726615816531,0.0054374183253136366,-3.082905028943886e-07,-3.0829050289758545e-07
91,negative_cross_entropy,0.1,3463,0,20,0.0625,1.618052820283065,0.34747526835704146,0.8593726102416369,0.10112830126769157,6,0.00669437144300295,0.006694155039409733,-2.164035932169378e-07,-2.164035932175491e-07
91,negative_cross_entropy,0.1,3463,0,20,0.0625,1.618052820283065,0.34747526835704146,0.8593726102416369,0.10112830126769157,7,0.013727588118344578,0.013727147168919762,-4.409494248156648e-07,-4.4094942480963445e-07
92,accuracy,0.1,3463,0,20,0.0625,1.618052820283065,0.34747526835704146,0.8593726102416369,0.10112830126769157,0,0.0021238095238095282,0.0030000000000000027,0.0008761904761904744,0.0008761904761904757
92,accuracy,0.1,3463,0,20,0.0625,1.618052820283065,0.34747526835704146,0.8593726102416369,0.10112830126769157,1,-5.238095238095197e-05,0.0,5.238095238095197e-05,5.238095238095327e-05
92,accuracy,0.1,3463,0,20,0.0625,1.618052820283065,0.34747526835704146,0.8593726102416369,0.10112830126769157,2,0.0004761904761904762,0.0010000000000000009,0.0005238095238095247,0.0005238095238095223
92,accuracy,0.1,3463,0,20,0.0625,1.618052820283065,0.34747526835704146,0.8593726102416369,0.10112830126769157,3,0.00033333333333333327,0.0010000000000000009,0.0006666666666666676,0.0006666666666666648
92,accuracy,0.1,3463,0,20,0.0625,1.618052820283065,0.34747526835704146,0.8593726102416369,0.10112830126769157,4,0.00019047619047619056,0.0010000000000000009,0.0008095238095238103,0.000809523809523809
92,accuracy,0.1,3463,0,20,0.0625,1.618052820283065,0.34747526835704146,0.8593726102416369,0.10112830126769157,5,0.00036190476190476294,0.0010000000000000009,0.000638095238095238,0.0006380952380952367
92,accuracy,0.1,3463,0,20,0.0625,1.618052820283065,0.34747526835704146,0.8593726102416369,0.10112830126769157,6,9.047619047619138e-05,0.0010000000000000009,0.0009095238095238095,0.0009095238095238102
92,accuracy,0.1,3463,0,20,0.0625,1.618052820283065,0.34747526835704146,0.8593726102416369,0.10112830126769157,7,0.0004761904761904773,0.0010000000000000009,0.0005238095238095236,0.000523809523809524
93,negative_brier,0.1,3463,0,20,0.125,1.618052820283065,0.34747526835704146,0.8593726102416369,0.20225660253538313,0,0.004053534939796228,0.00405323020880749,-3.047309887378724e-07,-3.0473098873572465e-07
93,negative_brier,0.1,3463,0,20,0.125,1.618052820283065,0.34747526835704146,0.8593726102416369,0.20225660253538313,1,0.0004335559328120538,0.00043355767397995626,1.7411679024579782e-09,1.7411679023185794e-09
93,negative_brier,0.1,3463,0,20,0.125,1.618052820283065,0.34747526835704146,0.8593726102416369,0.20225660253538313,2,0.0009343000972035158,0.0009342097562451968,-9.03409583190946e-08,-9.034095831879829e-08
93,negative_brier,0.1,3463,0,20,0.125,1.618052820283065,0.34747526835704146,0.8593726102416369,0.20225660253538313,3,0.0010363706429815415,0.0010360872767435358,-2.833662380056449e-07,-2.833662380049985e-07
93,negative_brier,0.1,3463,0,20,0.125,1.618052820283065,0.34747526835704146,0.8593726102416369,0.20225660253538313,4,0.0027201090693990543,0.0027195640711183966,-5.449982806576825e-07,-5.449982806582113e-07
93,negative_brier,0.1,3463,0,20,0.125,1.618052820283065,0.34747526835704146,0.8593726102416369,0.20225660253538313,5,0.0020170634941789785,0.0020167106504045407,-3.52843774437811e-07,-3.5284377443936394e-07
93,negative_brier,0.1,3463,0,20,0.125,1.618052820283065,0.34747526835704146,0.8593726102416369,0.20225660253538313,6,0.0029574530632471108,0.002957082390226795,-3.7067302031566426e-07,-3.706730203161309e-07
93,negative_brier,0.1,3463,0,20,0.125,1.618052820283065,0.34747526835704146,0.8593726102416369,0.20225660253538313,7,0.004486697173286369,0.004485783485348893,-9.136879374760376e-07,-9.13687937474055e-07
94,negative_cross_entropy,0.1,3463,0,20,0.125,1.618052820283065,0.34747526835704146,0.8593726102416369,0.20225660253538313,0,0.02023027440125187,0.020229035470854084,-1.238930397787219e-06,-1.2389303977823291e-06
94,negative_cross_entropy,0.1,3463,0,20,0.125,1.618052820283065,0.34747526835704146,0.8593726102416369,0.20225660253538313,1,0.0022258717041551347,0.0022261190278514142,2.473236962795104e-07,2.4732369627855635e-07
94,negative_cross_entropy,0.1,3463,0,20,0.125,1.618052820283065,0.34747526835704146,0.8593726102416369,0.20225660253538313,2,0.0051796457229400066,0.00517839382228269,-1.2519006573168123e-06,-1.251900657316449e-06
94,negative_cross_entropy,0.1,3463,0,20,0.125,1.618052820283065,0.34747526835704146,0.8593726102416369,0.20225660253538313,3,0.006630983893719885,0.006631241363983298,2.574702634133147e-07,2.574702634142565e-07
94,negative_cross_entropy,0.1,3463,0,20,0.125,1.618052820283065,0.34747526835704146,0.8593726102416369,0.20225660253538313,4,0.01691976826068187,0.016917290604542723,-2.4776561391472163e-06,-2.4776561391405755e-06
94,negative_cross_entropy,0.1,3463,0,20,0.125,1.618052820283065,0.34747526835704146,0.8593726102416369,0.20225660253538313,5,0.010823686428677481,0.01082124192773981,-2.4445009376705684e-06,-2.444500937672683e-06
94,negative_cross_entropy,0.1,3463,0,20,0.125,1.618052820283065,0.34747526835704146,0.8593726102416369,0.20225660253538313,6,0.013309745175818205,0.013308044087572135,-1.7010882460699595e-06,-1.7010882460749821e-06
94,negative_cross_entropy,0.1,3463,0,20,0.125,1.618052820283065,0.34747526835704146,0.8593726102416369,0.20225660253538313,7,0.02732408299094337,0.027320607653090745,-3.475337852623661e-06,-3.475337852619299e-06
95,accuracy,0.1,3463,0,20,0.125,1.618052820283065,0.34747526835704146,0.8593726102416369,0.20225660253538313,0,0.006814285714285714,0.009000000000000001,0.0021857142857142874,0.0021857142857142796
95,accuracy,0.1,3463,0,20,0.125,1.618052820283065,0.34747526835704146,0.8593726102416369,0.20225660253538313,1,-0.0003285714285714295,0.0010000000000000009,0.0013285714285714303,0.0013285714285714242
95,accuracy,0.1,3463,0,20,0.125,1.618052820283065,0.34747526835704146,0.8593726102416369,0.20225660253538313,2,0.0024047619047619048,0.0049999999999999975,0.0025952380952380927,0.0025952380952380862
95,accuracy,0.1,3463,0,20,0.125,1.618052820283065,0.34747526835704146,0.8593726102416369,0.20225660253538313,3,0.0006142857142857126,0.001999999999999995,0.0013857142857142822,0.0013857142857142783
95,accuracy,0.1,3463,0,20,0.125,1.618052820283065,0.34747526835704146,0.8593726102416369,0.20225660253538313,4,-0.00012857142857142896,0.0010000000000000009,0.0011285714285714297,0.001128571428571422
95,accuracy,0.1,3463,0,20,0.125,1.618052820283065,0.34747526835704146,0.8593726102416369,0.20225660253538313,5,0.0025857142857142854,0.003999999999999997,0.0014142857142857112,0.0014142857142857086
95,accuracy,0.1,3463,0,20,0.125,1.618052820283065,0.34747526835704146,0.8593726102416369,0.20225660253538313,6,0.003057142857142857,0.0049999999999999975,0.0019428571428571407,0.0019428571428571377
95,accuracy,0.1,3463,0,20,0.125,1.618052820283065,0.34747526835704146,0.8593726102416369,0.20225660253538313,7,0.0009809523809523792,0.0029999999999999957,0.0020190476190476165,0.002019047619047612
96,negative_brier,0.1,3463,0,20,0.25,1.618052820283065,0.34747526835704146,0.8593726102416369,0.40451320507076627,0,0.008480552025519427,0.008477343503418,-3.2085221014273996e-06,-3.2085221014313137e-06
96,negative_brier,0.1,3463,0,20,0.25,1.618052820283065,0.34747526835704146,0.8593726102416369,0.40451320507076627,1,0.0008919250158988938,0.0008919633676676142,3.835176872043697e-08,3.835176872045769e-08
96,negative_brier,0.1,3463,0,20,0.25,1.618052820283065,0.34747526835704146,0.8593726102416369,0.40451320507076627,2,0.001948994119551815,0.0019479681711074281,-1.0259484443868143e-06,-1.0259484443871821e-06
96,negative_brier,0.1,3463,0,20,0.25,1.618052820283065,0.34747526835704146,0.8593726102416369,0.40451320507076627,3,0.0020437771781584594,0.0020416147372448457,-2.1624409136137765e-06,-2.162440913612892e-06
96,negative_brier,0.1,3463,0,20,0.25,1.618052820283065,0.34747526835704146,0.8593726102416369,0.40451320507076627,4,0.005608455182926704,0.005603529922616202,-4.925260310502562e-06,-4.92526031050087e-06
96,negative_brier,0.1,3463,0,20,0.25,1.618052820283065,0.34747526835704146,0.8593726102416369,0.40451320507076627,5,0.004106096008777027,0.004102653329509376,-3.4426792676510096e-06,-3.4426792676529e-06
96,negative_brier,0.1,3463,0,20,0.25,1.618052820283065,0.34747526835704146,0.8593726102416369,0.40451320507076627,6,0.006037252440137301,0.006033854737219901,-3.3977029173992354e-06,-3.397702917397393e-06
96,negative_brier,0.1,3463,0,20,0.25,1.618052820283065,0.34747526835704146,0.8593726102416369,0.40451320507076627,7,0.009284447165460574,0.009276206812019072,-8.240353441501397e-06,-8.240353441504866e-06
97,negative_cross_entropy,0.1,3463,0,20,0.25,1.618052820283065,0.34747526835704146,0.8593726102416369,0.40451320507076627,0,0.04012609144817178,0.040116726915517154,-9.364532654626556e-06,-9.364532654645325e-06
97,negative_cross_entropy,0.1,3463,0,20,0.25,1.618052820283065,0.34747526835704146,0.8593726102416369,0.40451320507076627,1,0.004447670263806379,0.004449781229464822,2.110965658443445e-06,2.1109656584438253e-06
97,negative_cross_entropy,0.1,3463,0,20,0.25,1.618052820283065,0.34747526835704146,0.8593726102416369,0.40451320507076627,2,0.01029323769304444,0.010283312636986564,-9.925056057876261e-06,-9.925056057877437e-06
97,negative_cross_entropy,0.1,3463,0,20,0.25,1.618052820283065,0.34747526835704146,0.8593726102416369,0.40451320507076627,3,0.01301943721450886,0.01302259161579733,3.1544012884694717e-06,3.154401288471157e-06
97,negative_cross_entropy,0.1,3463,0,20,0.25,1.618052820283065,0.34747526835704146,0.8593726102416369,0.40451320507076627,4,0.03365070497634735,0.033631572626451334,-1.9132349896013034e-05,-1.9132349896017466e-05
97,negative_cross_entropy,0.1,3463,0,20,0.25,1.618052820283065,0.34747526835704146,0.8593726102416369,0.40451320507076627,5,0.02139202185194177,0.021373018493631823,-1.900335830994776e-05,-1.900335830994995e-05
97,negative_cross_entropy,0.1,3463,0,20,0.25,1.618052820283065,0.34747526835704146,0.8593726102416369,0.40451320507076627,6,0.026248894738917096,0.026235941408285335,-1.2953330631761129e-05,-1.2953330631764498e-05
97,negative_cross_entropy,0.1,3463,0,20,0.25,1.618052820283065,0.34747526835704146,0.8593726102416369,0.40451320507076627,7,0.05400495724645536,0.053978277038939204,-2.6680207516158183e-05,-2.668020751615462e-05
98,accuracy,0.1,3463,0,20,0.25,1.618052820283065,0.34747526835704146,0.8593726102416369,0.40451320507076627,0,0.02136428571428573,0.02600000000000001,0.004635714285714278,0.004635714285714285
98,accuracy,0.1,3463,0,20,0.25,1.618052820283065,0.34747526835704146,0.8593726102416369,0.40451320507076627,1,-0.00048333333333333344,0.0010000000000000009,0.0014833333333333343,0.001483333333333327
98,accuracy,0.1,3463,0,20,0.25,1.618052820283065,0.34747526835704146,0.8593726102416369,0.40451320507076627,2,0.0028499999999999984,0.0040000000000000036,0.0011500000000000052,0.0011499999999999956
98,accuracy,0.1,3463,0,20,0.25,1.618052820283065,0.34747526835704146,0.8593726102416369,0.40451320507076627,3,0.0016023809523809554,0.0030000000000000027,0.0013976190476190473,0.001397619047619039
98,accuracy,0.1,3463,0,20,0.25,1.618052820283065,0.34747526835704146,0.8593726102416369,0.40451320507076627,4,0.003321428571428574,0.007000000000000006,0.003678571428571432,0.00367857142857142
98,accuracy,0.1,3463,0,20,0.25,1.618052820283065,0.34747526835704146,0.8593726102416369,0.40451320507076627,5,0.005402380952380957,0.009000000000000008,0.003597619047619051,0.003597619047619044
98,accuracy,0.1,3463,0,20,0.25,1.618052820283065,0.34747526835704146,0.8593726102416369,0.40451320507076627,6,0.008245238095238092,0.013000000000000012,0.00475476190476192,0.004754761904761904
98,accuracy,0.1,3463,0,20,0.25,1.618052820283065,0.34747526835704146,0.8593726102416369,0.40451320507076627,7,0.009697619047619047,0.015000000000000006,0.0053023809523809595,0.005302380952380947
99,negative_brier,0.1,3463,0,20,0.5,1.618052820283065,0.34747526835704146,0.8593726102416369,0.8090264101415325,0,0.018337726065324522,0.01829899907612731,-3.872698919721307e-05,-3.8726989197223104e-05
99,negative_brier,0.1,3463,0,20,0.5,1.618052820283065,0.34747526835704146,0.8593726102416369,0.8090264101415325,1,0.001892203034241963,0.0018926245289350718,4.214946931087576e-07,4.214946931083548e-07
99,negative_brier,0.1,3463,0,20,0.5,1.618052820283065,0.34747526835704146,0.8593726102416369,0.8090264101415325,2,0.004185323670294579,0.004171911771308268,-1.341189898631124e-05,-1.3411898986313911e-05
99,negative_brier,0.1,3463,0,20,0.5,1.618052820283065,0.34747526835704146,0.8593726102416369,0.8090264101415325,3,0.003942684992200695,0.003927651923690545,-1.5033068510150044e-05,-1.5033068510152061e-05
99,negative_brier,0.1,3463,0,20,0.5,1.618052820283065,0.34747526835704146,0.8593726102416369,0.8090264101415325,4,0.011843664707919867,0.011796067508772212,-4.759719914765488e-05,-4.7597199147651574e-05
99,negative_brier,0.1,3463,0,20,0.5,1.618052820283065,0.34747526835704146,0.8593726102416369,0.8090264101415325,5,0.00841133574886814,0.008374312559798813,-3.702318906932678e-05,-3.702318906932743e-05
99,negative_brier,0.1,3463,0,20,0.5,1.618052820283065,0.34747526835704146,0.8593726102416369,0.8090264101415325,6,0.012443650086782318,0.012410246297958505,-3.340378882381312e-05,-3.340378882381588e-05
99,negative_brier,0.1,3463,0,20,0.5,1.618052820283065,0.34747526835704146,0.8593726102416369,0.8090264101415325,7,0.01968847097270998,0.019608614921398093,-7.985605131188844e-05,-7.985605131188691e-05
100,negative_cross_entropy,0.1,3463,0,20,0.5,1.618052820283065,0.34747526835704146,0.8593726102416369,0.8090264101415325,0,0.07827613547658077,0.07821409926336997,-6.203621321079766e-05,-6.203621321085872e-05
100,negative_cross_entropy,0.1,3463,0,20,0.5,1.618052820283065,0.34747526835704146,0.8593726102416369,0.8090264101415325,1,0.008876881225763147,0.0088952362542154,1.835502845225212e-05,1.8355028452253313e-05
100,negative_cross_entropy,0.1,3463,0,20,0.5,1.618052820283065,0.34747526835704146,0.8593726102416369,0.8090264101415325,2,0.020122626298440468,0.02004858838916701,-7.403790927345763e-05,-7.403790927345636e-05
100,negative_cross_entropy,0.1,3463,0,20,0.5,1.618052820283065,0.34747526835704146,0.8593726102416369,0.8090264101415325,3,0.025015501255190548,0.025057622149124992,4.212089393444349e-05,4.2120893934452886e-05
100,negative_cross_entropy,0.1,3463,0,20,0.5,1.618052820283065,0.34747526835704146,0.8593726102416369,0.8090264101415325,4,0.0660250758075505,0.06589029793801493,-0.00013477786953557114,-0.00013477786953558656
100,negative_cross_entropy,0.1,3463,0,20,0.5,1.618052820283065,0.34747526835704146,0.8593726102416369,0.8090264101415325,5,0.04138780478987687,0.04125176972352884,-0.00013603506634803086,-0.00013603506634801333
100,negative_cross_entropy,0.1,3463,0,20,0.5,1.618052820283065,0.34747526835704146,0.8593726102416369,0.8090264101415325,6,0.05059201412138511,0.05050475839111779,-8.72557302673202e-05,-8.725573026731472e-05
100,negative_cross_entropy,0.1,3463,0,20,0.5,1.618052820283065,0.34747526835704146,0.8593726102416369,0.8090264101415325,7,0.10450747079059175,0.10432139456452627,-0.00018607622606547913,-0.00018607622606552784
101,accuracy,0.1,3463,0,20,0.5,1.618052820283065,0.34747526835704146,0.8593726102416369,0.8090264101415325,0,0.061195238095238094,0.06300000000000001,0.0018047619047619201,0.001804761904761914
101,accuracy,0.1,3463,0,20,0.5,1.618052820283065,0.34747526835704146,0.8593726102416369,0.8090264101415325,1,-0.0002666666666666642,0.0020000000000000018,0.002266666666666666,0.002266666666666661
101,accuracy,0.1,3463,0,20,0.5,1.618052820283065,0.34747526835704146,0.8593726102416369,0.8090264101415325,2,0.006980952380952384,0.010000000000000009,0.003019047619047625,0.003019047619047616
101,accuracy,0.1,3463,0,20,0.5,1.618052820283065,0.34747526835704146,0.8593726102416369,0.8090264101415325,3,0.0010952380952380955,-0.0020000000000000018,-0.003095238095238097,-0.003095238095238104
101,accuracy,0.1,3463,0,20,0.5,1.618052820283065,0.34747526835704146,0.8593726102416369,0.8090264101415325,4,0.012700000000000003,0.018000000000000002,0.005299999999999999,0.005299999999999997
101,accuracy,0.1,3463,0,20,0.5,1.618052820283065,0.34747526835704146,0.8593726102416369,0.8090264101415325,5,0.017995238095238085,0.017,-0.0009952380952380838,-0.000995238095238096
101,accuracy,0.1,3463,0,20,0.5,1.618052820283065,0.34747526835704146,0.8593726102416369,0.8090264101415325,6,0.04169523809523812,0.043000000000000003,0.001304761904761885,0.0013047619047619006
101,accuracy,0.1,3463,0,20,0.5,1.618052820283065,0.34747526835704146,0.8593726102416369,0.8090264101415325,7,0.028604761904761907,0.030000000000000013,0.0013952380952381056,0.0013952380952381004
102,negative_brier,0.1,3463,0,20,1.0,1.618052820283065,0.34747526835704146,0.8593726102416369,1.618052820283065,0,0.040011812938046135,0.039622132518412845,-0.0003896804196332898,-0.0003896804196333296
102,negative_brier,0.1,3463,0,20,1.0,1.618052820283065,0.34747526835704146,0.8593726102416369,1.618052820283065,1,0.004291948525527956,0.004282558707640938,-9.389817887017933e-06,-9.389817887018556e-06
102,negative_brier,0.1,3463,0,20,1.0,1.618052820283065,0.34747526835704146,0.8593726102416369,1.618052820283065,2,0.008921841659283314,0.008792389088871588,-0.00012945257041172518,-0.0001294525704117282
102,negative_brier,0.1,3463,0,20,1.0,1.618052820283065,0.34747526835704146,0.8593726102416369,1.618052820283065,3,0.007167379548526709,0.007103044174082085,-6.433537444462418e-05,-6.433537444462349e-05
102,negative_brier,0.1,3463,0,20,1.0,1.618052820283065,0.34747526835704146,0.8593726102416369,1.618052820283065,4,0.025471286934722302,0.02509803793708365,-0.0003732489976386519,-0.0003732489976386466
102,negative_brier,0.1,3463,0,20,1.0,1.618052820283065,0.34747526835704146,0.8593726102416369,1.618052820283065,5,0.016610057008353555,0.016288729420784576,-0.0003213275875689793,-0.00032132758756897996
102,negative_brier,0.1,3463,0,20,1.0,1.618052820283065,0.34747526835704146,0.8593726102416369,1.618052820283065,6,0.024836783299151757,0.024596662405188263,-0.00024012089396349343,-0.00024012089396348353
102,negative_brier,0.1,3463,0,20,1.0,1.618052820283065,0.34747526835704146,0.8593726102416369,1.618052820283065,7,0.04196130143387017,0.041295475540735205,-0.0006658258931349637,-0.0006658258931349847
103,negative_cross_entropy,0.1,3463,0,20,1.0,1.618052820283065,0.34747526835704146,0.8593726102416369,1.618052820283065,0,0.1439546996546279,0.1437941722780709,-0.00016052737655700144,-0.00016052737655694168
103,negative_cross_entropy,0.1,3463,0,20,1.0,1.618052820283065,0.34747526835704146,0.8593726102416369,1.618052820283065,1,0.017659501329455103,0.017802718742570223,0.00014321741311511954,0.00014321741311512732
103,negative_cross_entropy,0.1,3463,0,20,1.0,1.618052820283065,0.34747526835704146,0.8593726102416369,1.618052820283065,2,0.03697781220930887,0.03660313677966054,-0.00037467542964832873,-0.0003746754296483161
103,negative_cross_entropy,0.1,3463,0,20,1.0,1.618052820283065,0.34747526835704146,0.8593726102416369,1.618052820283065,3,0.045927581173002566,0.046461786455716414,0.0005342052827138483,0.0005342052827138649
103,negative_cross_entropy,0.1,3463,0,20,1.0,1.618052820283065,0.34747526835704146,0.8593726102416369,1.618052820283065,4,0.12325342074559885,0.12267415455728703,-0.0005792661883118194,-0.0005792661883117677
103,negative_cross_entropy,0.1,3463,0,20,1.0,1.618052820283065,0.34747526835704146,0.8593726102416369,1.618052820283065,5,0.07474406904805199,0.07413770841912415,-0.0006063606289278406,-0.0006063606289278508
103,negative_cross_entropy,0.1,3463,0,20,1.0,1.618052820283065,0.34747526835704146,0.8593726102416369,1.618052820283065,6,0.09076344715795981,0.0904997311668454,-0.00026371599111441046,-0.0002637159911144419
103,negative_cross_entropy,0.1,3463,0,20,1.0,1.618052820283065,0.34747526835704146,0.8593726102416369,1.618052820283065,7,0.18853293190304657,0.18774062166786243,-0.0007923102351841405,-0.00079231023518415
104,accuracy,0.1,3463,0,20,1.0,1.618052820283065,0.34747526835704146,0.8593726102416369,1.618052820283065,0,0.07993809523809522,0.07100000000000004,-0.00893809523809519,-0.008938095238095207
104,accuracy,0.1,3463,0,20,1.0,1.618052820283065,0.34747526835704146,0.8593726102416369,1.618052820283065,1,0.005676190476190472,0.007000000000000006,0.0013238095238095344,0.0013238095238095413
104,accuracy,0.1,3463,0,20,1.0,1.618052820283065,0.34747526835704146,0.8593726102416369,1.618052820283065,2,0.007695238095238087,0.009000000000000008,0.0013047619047619214,0.0013047619047619231
104,accuracy,0.1,3463,0,20,1.0,1.618052820283065,0.34747526835704146,0.8593726102416369,1.618052820283065,3,0.0013619047619047682,-0.003999999999999941,-0.005361904761904709,-0.005361904761904724
104,accuracy,0.1,3463,0,20,1.0,1.618052820283065,0.34747526835704146,0.8593726102416369,1.618052820283065,4,0.04637142857142855,0.038000000000000034,-0.008371428571428516,-0.008371428571428547
104,accuracy,0.1,3463,0,20,1.0,1.618052820283065,0.34747526835704146,0.8593726102416369,1.618052820283065,5,0.031185714285714268,0.022000000000000013,-0.009185714285714255,-0.00918571428571428
104,accuracy,0.1,3463,0,20,1.0,1.618052820283065,0.34747526835704146,0.8593726102416369,1.618052820283065,6,0.06567142857142866,0.05200000000000002,-0.01367142857142864,-0.013671428571428553
104,accuracy,0.1,3463,0,20,1.0,1.618052820283065,0.34747526835704146,0.8593726102416369,1.618052820283065,7,0.08010000000000009,0.06300000000000003,-0.01710000000000006,-0.017099999999999973
105,negative_brier,0.1,3463,15,20,0.0625,1.2805976957843035,0.2609012870446728,0.5527102899086109,0.08003735598651897,0,0.0008616403973233181,0.0008615674531201045,-7.29442032136032e-08,-7.294420321353406e-08
105,negative_brier,0.1,3463,15,20,0.0625,1.2805976957843035,0.2609012870446728,0.5527102899086109,0.08003735598651897,1,0.00026956879475922147,0.0002695591048427204,-9.689916501077946e-09,-9.689916501066065e-09
105,negative_brier,0.1,3463,15,20,0.0625,1.2805976957843035,0.2609012870446728,0.5527102899086109,0.08003735598651897,2,0.0002891519327545873,0.00028916732301459414,1.539026000683865e-08,1.5390260006752948e-08
105,negative_brier,0.1,3463,15,20,0.0625,1.2805976957843035,0.2609012870446728,0.5527102899086109,0.08003735598651897,3,0.00016508793769843888,0.0001649762466127691,-1.1169108566976916e-07,-1.1169108566976868e-07
105,negative_brier,0.1,3463,15,20,0.0625,1.2805976957843035,0.2609012870446728,0.5527102899086109,0.08003735598651897,4,0.0010375123857683363,0.0010375291052772129,1.6719508876559055e-08,1.6719508876457848e-08
105,negative_brier,0.1,3463,15,20,0.0625,1.2805976957843035,0.2609012870446728,0.5527102899086109,0.08003735598651897,5,0.00047446692247421225,0.00047451577932461353,4.885685040128401e-08,4.885685040119317e-08
105,negative_brier,0.1,3463,15,20,0.0625,1.2805976957843035,0.2609012870446728,0.5527102899086109,0.08003735598651897,6,0.0006405440087024144,0.0006405872883594732,4.327965705882165e-08,4.327965705885365e-08
105,negative_brier,0.1,3463,15,20,0.0625,1.2805976957843035,0.2609012870446728,0.5527102899086109,0.08003735598651897,7,0.0014412077950532532,0.0014412205638695275,1.2768816274287553e-08,1.2768816274560142e-08
106,negative_cross_entropy,0.1,3463,15,20,0.0625,1.2805976957843035,0.2609012870446728,0.5527102899086109,0.08003735598651897,0,0.002135444067676667,0.002135352508387034,-9.155928963307594e-08,-9.15592896301641e-08
106,negative_cross_entropy,0.1,3463,15,20,0.0625,1.2805976957843035,0.2609012870446728,0.5527102899086109,0.08003735598651897,1,0.0006567143834981812,0.0006567078768837664,-6.5066144147932214e-09,-6.50661441471888e-09
106,negative_cross_entropy,0.1,3463,15,20,0.0625,1.2805976957843035,0.2609012870446728,0.5527102899086109,0.08003735598651897,2,0.0008039053328519173,0.0008039041690570681,-1.163794849227441e-09,-1.163794849114888e-09
106,negative_cross_entropy,0.1,3463,15,20,0.0625,1.2805976957843035,0.2609012870446728,0.5527102899086109,0.08003735598651897,3,0.0009149745514600454,0.0009148769801325951,-9.757132745031108e-08,-9.757132745012521e-08
106,negative_cross_entropy,0.1,3463,15,20,0.0625,1.2805976957843035,0.2609012870446728,0.5527102899086109,0.08003735598651897,4,0.002731451515286598,0.0027314480909549355,-3.424331662411212e-09,-3.4243316597636756e-09
106,negative_cross_entropy,0.1,3463,15,20,0.0625,1.2805976957843035,0.2609012870446728,0.5527102899086109,0.08003735598651897,5,0.001613353494849857,0.001613409965739332,5.6470889474996566e-08,5.6470889473311394e-08
106,negative_cross_entropy,0.1,3463,15,20,0.0625,1.2805976957843035,0.2609012870446728,0.5527102899086109,0.08003735598651897,6,0.001795209178321271,0.0017952479255737286,3.8747252457558765e-08,3.874725245656128e-08
106,negative_cross_entropy,0.1,3463,15,20,0.0625,1.2805976957843035,0.2609012870446728,0.5527102899086109,0.08003735598651897,7,0.004051005027212185,0.0040509901717914465,-1.4855420738153768e-08,-1.4855420741945358e-08
107,accuracy,0.1,3463,15,20,0.0625,1.2805976957843035,0.2609012870446728,0.5527102899086109,0.08003735598651897,0,-0.001752380952380954,-0.0010000000000000009,0.0007523809523809532,0.0007523809523809523
107,accuracy,0.1,3463,15,20,0.0625,1.2805976957843035,0.2609012870446728,0.5527102899086109,0.08003735598651897,1,0.0009476190476190478,0.0010000000000000009,5.2380952380953055e-05,5.2380952380953055e-05
107,accuracy,0.1,3463,15,20,0.0625,1.2805976957843035,0.2609012870446728,0.5527102899086109,0.08003735598651897,2,0.0002952380952380955,0.0010000000000000009,0.0007047619047619054,0.0007047619047619042
107,accuracy,0.1,3463,15,20,0.0625,1.2805976957843035,0.2609012870446728,0.5527102899086109,0.08003735598651897,3,-0.0003666666666666687,0.0,0.0003666666666666687,0.00036666666666666445
107,accuracy,0.1,3463,15,20,0.0625,1.2805976957843035,0.2609012870446728,0.5527102899086109,0.08003735598651897,4,0.0033142857142857184,0.0020000000000000018,-0.0013142857142857166,-0.0013142857142857158
107,accuracy,0.1,3463,15,20,0.0625,1.2805976957843035,0.2609012870446728,0.5527102899086109,0.08003735598651897,5,0.0015380952380952399,0.0030000000000000027,0.0014619047619047628,0.0014619047619047632
107,accuracy,0.1,3463,15,20,0.0625,1.2805976957843035,0.2609012870446728,0.5527102899086109,0.08003735598651897,6,0.0006571428571428566,0.0010000000000000009,0.0003428571428571443,0.000342857142857143
107,accuracy,0.1,3463,15,20,0.0625,1.2805976957843035,0.2609012870446728,0.5527102899086109,0.08003735598651897,7,0.0013666666666666675,0.0,-0.0013666666666666675,-0.0013666666666666688
108,negative_brier,0.1,3463,15,20,0.125,1.2805976957843035,0.2609012870446728,0.5527102899086109,0.16007471197303794,0,0.0017077554372728731,0.0017071569873810533,-5.984498918198532e-07,-5.984498918195006e-07
108,negative_brier,0.1,3463,15,20,0.125,1.2805976957843035,0.2609012870446728,0.5527102899086109,0.16007471197303794,1,0.0005452251475072891,0.0005451474977267723,-7.764978051684728e-08,-7.764978051674093e-08
108,negative_brier,0.1,3463,15,20,0.125,1.2805976957843035,0.2609012870446728,0.5527102899086109,0.16007471197303794,2,0.0005773459537464305,0.0005774692351072086,1.2328136077808562e-07,1.2328136077795144e-07
108,negative_brier,0.1,3463,15,20,0.125,1.2805976957843035,0.2609012870446728,0.5527102899086109,0.16007471197303794,3,0.00033408577581114576,0.00033318085651340423,-9.049192977415312e-07,-9.049192977417507e-07
108,negative_brier,0.1,3463,15,20,0.125,1.2805976957843035,0.2609012870446728,0.5527102899086109,0.16007471197303794,4,0.002081105094285425,0.0020812345531885934,1.294589031682579e-07,1.294589031682786e-07
108,negative_brier,0.1,3463,15,20,0.125,1.2805976957843035,0.2609012870446728,0.5527102899086109,0.16007471197303794,5,0.000947904509597059,0.0009483055150620312,4.010054649722502e-07,4.010054649721313e-07
108,negative_brier,0.1,3463,15,20,0.125,1.2805976957843035,0.2609012870446728,0.5527102899086109,0.16007471197303794,6,0.0012724357705603123,0.00127278353177257,3.477612122576579e-07,3.4776121225845086e-07
108,negative_brier,0.1,3463,15,20,0.125,1.2805976957843035,0.2609012870446728,0.5527102899086109,0.16007471197303794,7,0.0028775009561523204,0.002877601421392817,1.0046524049657501e-07,1.0046524049702123e-07
109,negative_cross_entropy,0.1,3463,15,20,0.125,1.2805976957843035,0.2609012870446728,0.5527102899086109,0.16007471197303794,0,0.0042394454814838655,0.004238691574672271,-7.539068115946027e-07,-7.539068115952881e-07
109,negative_cross_entropy,0.1,3463,15,20,0.125,1.2805976957843035,0.2609012870446728,0.5527102899086109,0.16007471197303794,1,0.0013164259461322097,0.0013163716875826958,-5.425854951381266e-08,-5.425854951393453e-08
109,negative_cross_entropy,0.1,3463,15,20,0.125,1.2805976957843035,0.2609012870446728,0.5527102899086109,0.16007471197303794,2,0.0015968335306164822,0.0015968233108322183,-1.0219784263862733e-08,-1.0219784264091945e-08
109,negative_cross_entropy,0.1,3463,15,20,0.125,1.2805976957843035,0.2609012870446728,0.5527102899086109,0.16007471197303794,3,0.001851473598121627,0.0018506801591192668,-7.934390023603063e-07,-7.934390023601162e-07
109,negative_cross_entropy,0.1,3463,15,20,0.125,1.2805976957843035,0.2609012870446728,0.5527102899086109,0.16007471197303794,4,0.005428635258887284,0.0054285949266413835,-4.033224590069273e-08,-4.033224589676056e-08
109,negative_cross_entropy,0.1,3463,15,20,0.125,1.2805976957843035,0.2609012870446728,0.5527102899086109,0.16007471197303794,5,0.003209385392746434,0.003209839834922845,4.5444217641136403e-07,4.544421764105627e-07
109,negative_cross_entropy,0.1,3463,15,20,0.125,1.2805976957843035,0.2609012870446728,0.5527102899086109,0.16007471197303794,6,0.003563046922005719,0.003563348606713701,3.0168470798201327e-07,3.016847079814888e-07
109,negative_cross_entropy,0.1,3463,15,20,0.125,1.2805976957843035,0.2609012870446728,0.5527102899086109,0.16007471197303794,7,0.007997081280913386,0.00799694854684474,-1.3273406864605652e-07,-1.32734068643479e-07
110,accuracy,0.1,3463,15,20,0.125,1.2805976957843035,0.2609012870446728,0.5527102899086109,0.16007471197303794,0,-0.004264285714285718,-0.0040000000000000036,0.0002642857142857143,0.0002642857142857169
110,accuracy,0.1,3463,15,20,0.125,1.2805976957843035,0.2609012870446728,0.5527102899086109,0.16007471197303794,1,0.002650000000000003,0.0020000000000000018,-0.0006500000000000013,-0.0006499999999999987
110,accuracy,0.1,3463,15,20,0.125,1.2805976957843035,0.2609012870446728,0.5527102899086109,0.16007471197303794,2,0.0011595238095238117,0.0010000000000000009,-0.0001595238095238108,-0.00015952380952380732
110,accuracy,0.1,3463,15,20,0.125,1.2805976957843035,0.2609012870446728,0.5527102899086109,0.16007471197303794,3,-0.00010714285714285546,-0.0010000000000000009,-0.0008928571428571454,-0.0008928571428571423
110,accuracy,0.1,3463,15,20,0.125,1.2805976957843035,0.2609012870446728,0.5527102899086109,0.16007471197303794,4,0.007411904761904765,0.006000000000000005,-0.00141190476190476,-0.0014119047619047592
110,accuracy,0.1,3463,15,20,0.125,1.2805976957843035,0.2609012870446728,0.5527102899086109,0.16007471197303794,5,0.002716666666666671,0.0030000000000000027,0.0002833333333333316,0.0002833333333333342
110,accuracy,0.1,3463,15,20,0.125,1.2805976957843035,0.2609012870446728,0.5527102899086109,0.16007471197303794,6,-0.0011119047619047623,-0.0020000000000000018,-0.0008880952380952395,-0.0008880952380952373
110,accuracy,0.1,3463,15,20,0.125,1.2805976957843035,0.2609012870446728,0.5527102899086109,0.16007471197303794,7,0.0015452380952380978,0.0020000000000000018,0.000454761904761904,0.0004547619047619066
111,negative_brier,0.1,3463,15,20,0.25,1.2805976957843035,0.2609012870446728,0.5527102899086109,0.3201494239460759,0,0.0033532915098068283,0.0033482542782499736,-5.0372315568546905e-06,-5.037231556855899e-06
111,negative_brier,0.1,3463,15,20,0.25,1.2805976957843035,0.2609012870446728,0.5527102899086109,0.3201494239460759,1,0.0011144204974109762,0.0011137959819401688,-6.245154708073818e-07,-6.245154708078326e-07
111,negative_brier,0.1,3463,15,20,0.25,1.2805976957843035,0.2609012870446728,0.5527102899086109,0.3201494239460759,2,0.0011503247781627659,0.0011513109133485244,9.8613518575855e-07,9.861351857583973e-07
111,negative_brier,0.1,3463,15,20,0.25,1.2805976957843035,0.2609012870446728,0.5527102899086109,0.3201494239460759,3,0.0006850651276710862,0.0006776509603959036,-7.414167275182604e-06,-7.414167275182232e-06
111,negative_brier,0.1,3463,15,20,0.25,1.2805976957843035,0.2609012870446728,0.5527102899086109,0.3201494239460759,4,0.004180817480432626,0.004181765604291232,9.481238586062785e-07,9.48123858606394e-07
111,negative_brier,0.1,3463,15,20,0.25,1.2805976957843035,0.2609012870446728,0.5527102899086109,0.3201494239460759,5,0.0018900305498036082,0.0018933961370359298,3.3655872323215454e-06,3.3655872323217796e-06
111,negative_brier,0.1,3463,15,20,0.25,1.2805976957843035,0.2609012870446728,0.5527102899086109,0.3201494239460759,6,0.002506763122153846,0.0025095514128668506,2.7882907130045466e-06,2.788290713003932e-06
111,negative_brier,0.1,3463,15,20,0.25,1.2805976957843035,0.2609012870446728,0.5527102899086109,0.3201494239460759,7,0.0057224140217244255,0.005723173937385195,7.599156607697791e-07,7.59915660771589e-07
112,negative_cross_entropy,0.1,3463,15,20,0.25,1.2805976957843035,0.2609012870446728,0.5527102899086109,0.3201494239460759,0,0.00835202680823372,0.008345643280109116,-6.3835281246035075e-06,-6.383528124610202e-06
112,negative_cross_entropy,0.1,3463,15,20,0.25,1.2805976957843035,0.2609012870446728,0.5527102899086109,0.3201494239460759,1,0.002643467320190008,0.002642994093624784,-4.7322656522357995e-07,-4.732265652242943e-07
112,negative_cross_entropy,0.1,3463,15,20,0.25,1.2805976957843035,0.2609012870446728,0.5527102899086109,0.3201494239460759,2,0.003148041454047691,0.003147942986268304,-9.846777938686546e-08,-9.846777938714639e-08
112,negative_cross_entropy,0.1,3463,15,20,0.25,1.2805976957843035,0.2609012870446728,0.5527102899086109,0.3201494239460759,3,0.003790232629816661,0.0037836811173607154,-6.551512455945773e-06,-6.551512455944755e-06
112,negative_cross_entropy,0.1,3463,15,20,0.25,1.2805976957843035,0.2609012870446728,0.5527102899086109,0.3201494239460759,4,0.010712809533188466,0.010712266610552357,-5.429226361090833e-07,-5.429226361124201e-07
112,negative_cross_entropy,0.1,3463,15,20,0.25,1.2805976957843035,0.2609012870446728,0.5527102899086109,0.3201494239460759,5,0.0063454648858959455,0.0063491359354799215,3.6710495839760438e-06,3.6710495839772012e-06
112,negative_cross_entropy,0.1,3463,15,20,0.25,1.2805976957843035,0.2609012870446728,0.5527102899086109,0.3201494239460759,6,0.007012162916748493,0.0070144298810127514,2.2669642642586182e-06,2.2669642642607413e-06
112,negative_cross_entropy,0.1,3463,15,20,0.25,1.2805976957843035,0.2609012870446728,0.5527102899086109,0.3201494239460759,7,0.015558398223359051,0.015557105063722987,-1.2931596360642172e-06,-1.2931596360592289e-06
113,accuracy,0.1,3463,15,20,0.25,1.2805976957843035,0.2609012870446728,0.5527102899086109,0.3201494239460759,0,-0.009264285714285708,-0.009999999999999981,-0.0007357142857142736,-0.0007357142857142627
113,accuracy,0.1,3463,15,20,0.25,1.2805976957843035,0.2609012870446728,0.5527102899086109,0.3201494239460759,1,0.004954761904761906,0.0050000000000000044,4.5238095238098186e-05,4.523809523810426e-05
113,accuracy,0.1,3463,15,20,0.25,1.2805976957843035,0.2609012870446728,0.5527102899086109,0.3201494239460759,2,0.0013357142857142877,0.0,-0.0013357142857142877,-0.0013357142857142847
113,accuracy,0.1,3463,15,20,0.25,1.2805976957843035,0.2609012870446728,0.5527102899086109,0.3201494239460759,3,-0.0005166666666666661,0.0,0.0005166666666666661,0.0005166666666666748
113,accuracy,0.1,3463,15,20,0.25,1.2805976957843035,0.2609012870446728,0.5527102899086109,0.3201494239460759,4,0.023359523809523813,0.02300000000000002,-0.00035952380952379223,-0.00035952380952380004
113,accuracy,0.1,3463,15,20,0.25,1.2805976957843035,0.2609012870446728,0.5527102899086109,0.3201494239460759,5,0.00581666666666667,0.007000000000000006,0.0011833333333333366,0.001183333333333341
113,accuracy,0.1,3463,15,20,0.25,1.2805976957843035,0.2609012870446728,0.5527102899086109,0.3201494239460759,6,-0.0008166666666666678,-0.0010000000000000009,-0.0001833333333333331,-0.00018333333333332095
113,accuracy,0.1,3463,15,20,0.25,1.2805976957843035,0.2609012870446728,0.5527102899086109,0.3201494239460759,7,0.0011309523809523805,0.0020000000000000018,0.0008690476190476213,0.000869047619047633
114,negative_brier,0.1,3463,15,20,0.5,1.2805976957843035,0.2609012870446728,0.5527102899086109,0.6402988478921517,0,0.006459542218689122,0.00641488880861496,-4.465341007416166e-05,-4.465341007416622e-05
114,negative_brier,0.1,3463,15,20,0.5,1.2805976957843035,0.2609012870446728,0.5527102899086109,0.6402988478921517,1,0.0023207246107695913,0.0023156097102962625,-5.114900473328788e-06,-5.11490047332763e-06
114,negative_brier,0.1,3463,15,20,0.5,1.2805976957843035,0.2609012870446728,0.5527102899086109,0.6402988478921517,2,0.002279107093755707,0.0022868876201292965,7.780526373589447e-06,7.780526373590575e-06
114,negative_brier,0.1,3463,15,20,0.5,1.2805976957843035,0.2609012870446728,0.5527102899086109,0.6402988478921517,3,0.0014471642639635005,0.0013853595669115482,-6.180469705195234e-05,-6.180469705195262e-05
114,negative_brier,0.1,3463,15,20,0.5,1.2805976957843035,0.2609012870446728,0.5527102899086109,0.6402988478921517,4,0.008384465866248438,0.00838999847788846,5.532611640022417e-06,5.532611640024762e-06
114,negative_brier,0.1,3463,15,20,0.5,1.2805976957843035,0.2609012870446728,0.5527102899086109,0.6402988478921517,5,0.0037433360260011373,0.0037725671196697785,2.9231093668641208e-05,2.923109366864369e-05
114,negative_brier,0.1,3463,15,20,0.5,1.2805976957843035,0.2609012870446728,0.5527102899086109,0.6402988478921517,6,0.0048338158042697055,0.004855591177301499,2.1775373031793742e-05,2.1775373031787552e-05
114,negative_brier,0.1,3463,15,20,0.5,1.2805976957843035,0.2609012870446728,0.5527102899086109,0.6402988478921517,7,0.011204443323109128,0.011209235214931335,4.7918918222068785e-06,4.791891822214505e-06
115,negative_cross_entropy,0.1,3463,15,20,0.5,1.2805976957843035,0.2609012870446728,0.5527102899086109,0.6402988478921517,0,0.01618777212368493,0.016130821188741873,-5.695093494305706e-05,-5.695093494304449e-05
115,negative_cross_entropy,0.1,3463,15,20,0.5,1.2805976957843035,0.2609012870446728,0.5527102899086109,0.6402988478921517,1,0.00531749234935757,0.0053129670892073655,-4.525260150204345e-06,-4.525260150205544e-06
115,negative_cross_entropy,0.1,3463,15,20,0.5,1.2805976957843035,0.2609012870446728,0.5527102899086109,0.6402988478921517,2,0.0061002415774221025,0.006099121850007161,-1.1197274149415959e-06,-1.1197274149409358e-06
115,negative_cross_entropy,0.1,3463,15,20,0.5,1.2805976957843035,0.2609012870446728,0.5527102899086109,0.6402988478921517,3,0.007936440303780478,0.007880853242027808,-5.558706175266999e-05,-5.5587061752679726e-05
115,negative_cross_entropy,0.1,3463,15,20,0.5,1.2805976957843035,0.2609012870446728,0.5527102899086109,0.6402988478921517,4,0.020789195005882524,0.02078093664609937,-8.258359783155228e-06,-8.25835978314335e-06
115,negative_cross_entropy,0.1,3463,15,20,0.5,1.2805976957843035,0.2609012870446728,0.5527102899086109,0.6402988478921517,5,0.012366385340678797,0.01239608515914059,2.9699818461794217e-05,2.969981846178587e-05
115,negative_cross_entropy,0.1,3463,15,20,0.5,1.2805976957843035,0.2609012870446728,0.5527102899086109,0.6402988478921517,6,0.013534896812205354,0.013550270461914593,1.5373649709238615e-05,1.537364970923642e-05
115,negative_cross_entropy,0.1,3463,15,20,0.5,1.2805976957843035,0.2609012870446728,0.5527102899086109,0.6402988478921517,7,0.029251769554106032,0.02923745960049784,-1.4309953608192955e-05,-1.4309953608174872e-05
116,accuracy,0.1,3463,15,20,0.5,1.2805976957843035,0.2609012870446728,0.5527102899086109,0.6402988478921517,0,-0.016516666666666676,-0.023999999999999994,-0.0074833333333333175,-0.0074833333333333175
116,accuracy,0.1,3463,15,20,0.5,1.2805976957843035,0.2609012870446728,0.5527102899086109,0.6402988478921517,1,0.008954761904761915,0.009000000000000008,4.523809523809298e-05,4.5238095238105125e-05
116,accuracy,0.1,3463,15,20,0.5,1.2805976957843035,0.2609012870446728,0.5527102899086109,0.6402988478921517,2,0.0037214285714285765,0.0,-0.0037214285714285765,-0.003721428571428563
116,accuracy,0.1,3463,15,20,0.5,1.2805976957843035,0.2609012870446728,0.5527102899086109,0.6402988478921517,3,-0.002283333333333337,-0.0050000000000000044,-0.0027166666666666676,-0.0027166666666666606
116,accuracy,0.1,3463,15,20,0.5,1.2805976957843035,0.2609012870446728,0.5527102899086109,0.6402988478921517,4,0.04145952380952384,0.039000000000000035,-0.0024595238095238073,-0.0024595238095238003
116,accuracy,0.1,3463,15,20,0.5,1.2805976957843035,0.2609012870446728,0.5527102899086109,0.6402988478921517,5,0.007297619047619058,0.0040000000000000036,-0.0032976190476190544,-0.003297619047619039
116,accuracy,0.1,3463,15,20,0.5,1.2805976957843035,0.2609012870446728,0.5527102899086109,0.6402988478921517,6,-0.002088095238095245,-0.006000000000000005,-0.0039119047619047605,-0.003911904761904752
116,accuracy,0.1,3463,15,20,0.5,1.2805976957843035,0.2609012870446728,0.5527102899086109,0.6402988478921517,7,0.0034547619047618993,-0.0030000000000000027,-0.006454761904761902,-0.006454761904761899
117,negative_brier,0.1,3463,15,20,1.0,1.2805976957843035,0.2609012870446728,0.5527102899086109,1.2805976957843035,0,0.011959663553185437,0.011524461886183723,-0.0004352016670017139,-0.0004352016670017129
117,negative_brier,0.1,3463,15,20,1.0,1.2805976957843035,0.2609012870446728,0.5527102899086109,1.2805976957843035,1,0.004956719469752166,0.004911938434555285,-4.4781035196880814e-05,-4.4781035196879235e-05
117,negative_brier,0.1,3463,15,20,1.0,1.2805976957843035,0.2609012870446728,0.5527102899086109,1.2805976957843035,2,0.004437213533069416,0.004493897568186855,5.668403511743976e-05,5.668403511744369e-05
117,negative_brier,0.1,3463,15,20,1.0,1.2805976957843035,0.2609012870446728,0.5527102899086109,1.2805976957843035,3,0.0032513540743096636,0.002729259618537816,-0.0005220944557718476,-0.0005220944557718477
117,negative_brier,0.1,3463,15,20,1.0,1.2805976957843035,0.2609012870446728,0.5527102899086109,1.2805976957843035,4,0.016377765188433573,0.01636919711667445,-8.568071759123413e-06,-8.56807175911867e-06
117,negative_brier,0.1,3463,15,20,1.0,1.2805976957843035,0.2609012870446728,0.5527102899086109,1.2805976957843035,5,0.007226807782130421,0.0074880481259969045,0.0002612403438664833,0.000261240343866487
117,negative_brier,0.1,3463,15,20,1.0,1.2805976957843035,0.2609012870446728,0.5527102899086109,1.2805976957843035,6,0.008759169689853843,0.008904584721443787,0.00014541503158994364,0.00014541503158995087
117,negative_brier,0.1,3463,15,20,1.0,1.2805976957843035,0.2609012870446728,0.5527102899086109,1.2805976957843035,7,0.02052326292587171,0.020521265234490382,-1.997691381327299e-06,-1.997691381325554e-06
118,negative_cross_entropy,0.1,3463,15,20,1.0,1.2805976957843035,0.2609012870446728,0.5527102899086109,1.2805976957843035,0,0.030221007167448976,0.029670535585324287,-0.000550471582124689,-0.0005504715821246933
118,negative_cross_entropy,0.1,3463,15,20,1.0,1.2805976957843035,0.2609012870446728,0.5527102899086109,1.2805976957843035,1,0.010646462645101468,0.01059850189236855,-4.796075273291733e-05,-4.796075273292103e-05
118,negative_cross_entropy,0.1,3463,15,20,1.0,1.2805976957843035,0.2609012870446728,0.5527102899086109,1.2805976957843035,2,0.011315990629324483,0.01130184337146034,-1.414725786414231e-05,-1.4147257864148083e-05
118,negative_cross_entropy,0.1,3463,15,20,1.0,1.2805976957843035,0.2609012870446728,0.5527102899086109,1.2805976957843035,3,0.017298651405542636,0.01680493721693488,-0.0004937141886077571,-0.0004937141886077513
118,negative_cross_entropy,0.1,3463,15,20,1.0,1.2805976957843035,0.2609012870446728,0.5527102899086109,1.2805976957843035,4,0.038583422797540484,0.03844843196176584,-0.00013499083577464543,-0.00013499083577466395
118,negative_cross_entropy,0.1,3463,15,20,1.0,1.2805976957843035,0.2609012870446728,0.5527102899086109,1.2805976957843035,5,0.023203005175397657,0.023439979840211067,0.0002369746648134101,0.0002369746648134178
118,negative_cross_entropy,0.1,3463,15,20,1.0,1.2805976957843035,0.2609012870446728,0.5527102899086109,1.2805976957843035,6,0.02488243554597017,0.024951873809139102,6.943826316893262e-05,6.943826316893292e-05
118,negative_cross_entropy,0.1,3463,15,20,1.0,1.2805976957843035,0.2609012870446728,0.5527102899086109,1.2805976957843035,7,0.05020192096656342,0.0500179774480195,-0.00018394351854391505,-0.00018394351854394156
119,accuracy,0.1,3463,15,20,1.0,1.2805976957843035,0.2609012870446728,0.5527102899086109,1.2805976957843035,0,-0.012202380952380954,-0.010000000000000037,0.0022023809523809175,0.002202380952380921
119,accuracy,0.1,3463,15,20,1.0,1.2805976957843035,0.2609012870446728,0.5527102899086109,1.2805976957843035,1,0.012002380952380945,0.012999999999999956,0.000997619047619011,0.0009976190476190146
119,accuracy,0.1,3463,15,20,1.0,1.2805976957843035,0.2609012870446728,0.5527102899086109,1.2805976957843035,2,0.010173809523809507,0.007999999999999952,-0.0021738095238095553,-0.0021738095238095743
119,accuracy,0.1,3463,15,20,1.0,1.2805976957843035,0.2609012870446728,0.5527102899086109,1.2805976957843035,3,-0.0034119047619047653,-0.0050000000000000044,-0.0015880952380952391,-0.0015880952380952496
119,accuracy,0.1,3463,15,20,1.0,1.2805976957843035,0.2609012870446728,0.5527102899086109,1.2805976957843035,4,0.050692857142857144,0.043999999999999984,-0.00669285714285716,-0.006692857142857167
119,accuracy,0.1,3463,15,20,1.0,1.2805976957843035,0.2609012870446728,0.5527102899086109,1.2805976957843035,5,0.017983333333333327,0.019999999999999962,0.0020166666666666354,0.002016666666666639
119,accuracy,0.1,3463,15,20,1.0,1.2805976957843035,0.2609012870446728,0.5527102899086109,1.2805976957843035,6,-0.0018547619047618903,-0.012999999999999984,-0.011145238095238093,-0.011145238095238093
119,accuracy,0.1,3463,15,20,1.0,1.2805976957843035,0.2609012870446728,0.5527102899086109,1.2805976957843035,7,0.014616666666666675,-0.0020000000000000018,-0.016616666666666675,-0.016616666666666672
120,negative_brier,0.1,3559,0,20,0.0625,1.5934493656792204,0.38520842673090083,0.9341112859749645,0.09959058535495127,0,0.0022701809509964184,0.0022700933643378662,-8.75866585522099e-08,-8.758665855368443e-08
120,negative_brier,0.1,3559,0,20,0.0625,1.5934493656792204,0.38520842673090083,0.9341112859749645,0.09959058535495127,1,0.0006744595874360425,0.0006744099922092461,-4.9595226796358104e-08,-4.959522679600808e-08
120,negative_brier,0.1,3559,0,20,0.0625,1.5934493656792204,0.38520842673090083,0.9341112859749645,0.09959058535495127,2,0.003267440221542639,0.0032673547000474645,-8.552149517466329e-08,-8.552149517501848e-08
120,negative_brier,0.1,3559,0,20,0.0625,1.5934493656792204,0.38520842673090083,0.9341112859749645,0.09959058535495127,3,0.0005917230746479118,0.0005916718607198446,-5.121392806725373e-08,-5.121392806717834e-08
120,negative_brier,0.1,3559,0,20,0.0625,1.5934493656792204,0.38520842673090083,0.9341112859749645,0.09959058535495127,4,0.0009763899968260835,0.0009763243106788999,-6.568614718360614e-08,-6.568614718366599e-08
120,negative_brier,0.1,3559,0,20,0.0625,1.5934493656792204,0.38520842673090083,0.9341112859749645,0.09959058535495127,5,0.000778086975778132,0.0007780973884047859,1.0412626653922771e-08,1.0412626654296556e-08
120,negative_brier,0.1,3559,0,20,0.0625,1.5934493656792204,0.38520842673090083,0.9341112859749645,0.09959058535495127,6,0.0002370672960022344,0.0002370710452089808,3.749206746412681e-09,3.7492067463845465e-09
120,negative_brier,0.1,3559,0,20,0.0625,1.5934493656792204,0.38520842673090083,0.9341112859749645,0.09959058535495127,7,0.0014169994422914534,0.0014169532016082842,-4.624068316921512e-08,-4.6240683169533166e-08
121,negative_cross_entropy,0.1,3559,0,20,0.0625,1.5934493656792204,0.38520842673090083,0.9341112859749645,0.09959058535495127,0,0.014582065118104517,0.01458155569928965,-5.09418814867435e-07,-5.094188148662459e-07
121,negative_cross_entropy,0.1,3559,0,20,0.0625,1.5934493656792204,0.38520842673090083,0.9341112859749645,0.09959058535495127,1,0.0036500614754238765,0.003649570454364204,-4.91021059672702e-07,-4.910210596718144e-07
121,negative_cross_entropy,0.1,3559,0,20,0.0625,1.5934493656792204,0.38520842673090083,0.9341112859749645,0.09959058535495127,2,0.017858242965416563,0.01785747245823588,-7.705071806834995e-07,-7.705071806770238e-07
121,negative_cross_entropy,0.1,3559,0,20,0.0625,1.5934493656792204,0.38520842673090083,0.9341112859749645,0.09959058535495127,3,0.0037332903324458,0.0037329828337622217,-3.074986835781106e-07,-3.074986835768921e-07
121,negative_cross_entropy,0.1,3559,0,20,0.0625,1.5934493656792204,0.38520842673090083,0.9341112859749645,0.09959058535495127,4,0.0051047077706662045,0.005104281346003381,-4.264246628235546e-07,-4.26424662827586e-07
121,negative_cross_entropy,0.1,3559,0,20,0.0625,1.5934493656792204,0.38520842673090083,0.9341112859749645,0.09959058535495127,5,0.0034698980345454046,0.0034697395812461895,-1.5845329921510692e-07,-1.584532992133474e-07
121,negative_cross_entropy,0.1,3559,0,20,0.0625,1.5934493656792204,0.38520842673090083,0.9341112859749645,0.09959058535495127,6,0.0012065978776196556,0.0012064359866374996,-1.618909821559343e-07,-1.6189098215483142e-07
121,negative_cross_entropy,0.1,3559,0,20,0.0625,1.5934493656792204,0.38520842673090083,0.9341112859749645,0.09959058535495127,7,0.008177591438351386,0.008177150511252673,-4.409270987128927e-07,-4.409270987115214e-07
122,accuracy,0.1,3559,0,20,0.0625,1.5934493656792204,0.38520842673090083,0.9341112859749645,0.09959058535495127,0,0.0006547619047619056,0.0020000000000000018,0.0013452380952380962,0.001345238095238095
122,accuracy,0.1,3559,0,20,0.0625,1.5934493656792204,0.38520842673090083,0.9341112859749645,0.09959058535495127,1,0.0004976190476190482,0.0010000000000000009,0.0005023809523809527,0.0005023809523809523
122,accuracy,0.1,3559,0,20,0.0625,1.5934493656792204,0.38520842673090083,0.9341112859749645,0.09959058535495127,2,0.0016833333333333377,0.0030000000000000027,0.001316666666666665,0.0013166666666666672
122,accuracy,0.1,3559,0,20,0.0625,1.5934493656792204,0.38520842673090083,0.9341112859749645,0.09959058535495127,3,0.0005357142857142864,0.0010000000000000009,0.0004642857142857145,0.00046428571428571374
122,accuracy,0.1,3559,0,20,0.0625,1.5934493656792204,0.38520842673090083,0.9341112859749645,0.09959058535495127,4,0.00033095238095238154,0.0010000000000000009,0.0006690476190476194,0.0006690476190476192
122,accuracy,0.1,3559,0,20,0.0625,1.5934493656792204,0.38520842673090083,0.9341112859749645,0.09959058535495127,5,0.0004785714285714292,0.0010000000000000009,0.0005214285714285717,0.0005214285714285722
122,accuracy,0.1,3559,0,20,0.0625,1.5934493656792204,0.38520842673090083,0.9341112859749645,0.09959058535495127,6,0.0004309523809523817,0.0010000000000000009,0.0005690476190476192,0.0005690476190476185
122,accuracy,0.1,3559,0,20,0.0625,1.5934493656792204,0.38520842673090083,0.9341112859749645,0.09959058535495127,7,0.0013880952380952414,0.0020000000000000018,0.0006119047619047603,0.0006119047619047616
123,negative_brier,0.1,3559,0,20,0.125,1.5934493656792204,0.38520842673090083,0.9341112859749645,0.19918117070990254,0,0.004622162687493505,0.004621366313367847,-7.963741256574938e-07,-7.963741256599474e-07
123,negative_brier,0.1,3559,0,20,0.125,1.5934493656792204,0.38520842673090083,0.9341112859749645,0.19918117070990254,1,0.0013799106247115514,0.001379377803019055,-5.328216924962992e-07,-5.328216924955722e-07
123,negative_brier,0.1,3559,0,20,0.125,1.5934493656792204,0.38520842673090083,0.9341112859749645,0.19918117070990254,2,0.00667050454858071,0.006669650671691507,-8.538768892030549e-07,-8.538768892025179e-07
123,negative_brier,0.1,3559,0,20,0.125,1.5934493656792204,0.38520842673090083,0.9341112859749645,0.19918117070990254,3,0.0011935472885886804,0.0011930584858360072,-4.888027526732397e-07,-4.888027526735369e-07
123,negative_brier,0.1,3559,0,20,0.125,1.5934493656792204,0.38520842673090083,0.9341112859749645,0.19918117070990254,4,0.00198127455196207,0.0019806455091918584,-6.29042770211672e-07,-6.290427702133032e-07
123,negative_brier,0.1,3559,0,20,0.125,1.5934493656792204,0.38520842673090083,0.9341112859749645,0.19918117070990254,5,0.0015949724664279584,0.0015950161596228196,4.3693194861239154e-08,4.369319486126808e-08
123,negative_brier,0.1,3559,0,20,0.125,1.5934493656792204,0.38520842673090083,0.9341112859749645,0.19918117070990254,6,0.00048742703223753693,0.00048741229686916077,-1.4735368376167773e-08,-1.473536837614558e-08
123,negative_brier,0.1,3559,0,20,0.125,1.5934493656792204,0.38520842673090083,0.9341112859749645,0.19918117070990254,7,0.0028548169981075454,0.0028543596887192213,-4.5730938832413623e-07,-4.5730938832567703e-07
124,negative_cross_entropy,0.1,3559,0,20,0.125,1.5934493656792204,0.38520842673090083,0.9341112859749645,0.19918117070990254,0,0.02908109439170561,0.029077054032311533,-4.040359394077292e-06,-4.0403593940831416e-06
124,negative_cross_entropy,0.1,3559,0,20,0.125,1.5934493656792204,0.38520842673090083,0.9341112859749645,0.19918117070990254,1,0.007239625821921855,0.007235640597023085,-3.985224898769499e-06,-3.985224898767866e-06
124,negative_cross_entropy,0.1,3559,0,20,0.125,1.5934493656792204,0.38520842673090083,0.9341112859749645,0.19918117070990254,2,0.03555061580339945,0.03554447118880999,-6.1446145894622495e-06,-6.144614589473488e-06
124,negative_cross_entropy,0.1,3559,0,20,0.125,1.5934493656792204,0.38520842673090083,0.9341112859749645,0.19918117070990254,3,0.007389905814146151,0.0073874903433317485,-2.4154708144026246e-06,-2.4154708144007497e-06
124,negative_cross_entropy,0.1,3559,0,20,0.125,1.5934493656792204,0.38520842673090083,0.9341112859749645,0.19918117070990254,4,0.010139196187707524,0.010135784458222385,-3.4117294851390007e-06,-3.4117294851429152e-06
124,negative_cross_entropy,0.1,3559,0,20,0.125,1.5934493656792204,0.38520842673090083,0.9341112859749645,0.19918117070990254,5,0.006920160935041316,0.006918901615037054,-1.2593200042617866e-06,-1.2593200042612003e-06
124,negative_cross_entropy,0.1,3559,0,20,0.125,1.5934493656792204,0.38520842673090083,0.9341112859749645,0.19918117070990254,6,0.0024045404628462285,0.0024032176699366747,-1.3227929095537688e-06,-1.3227929095548429e-06
124,negative_cross_entropy,0.1,3559,0,20,0.125,1.5934493656792204,0.38520842673090083,0.9341112859749645,0.19918117070990254,7,0.01623228900247502,0.016228809795568955,-3.4792069060658737e-06,-3.4792069060583063e-06
125,accuracy,0.1,3559,0,20,0.125,1.5934493656792204,0.38520842673090083,0.9341112859749645,0.19918117070990254,0,0.0008571428571428583,0.0020000000000000018,0.0011428571428571434,0.0011428571428571403
125,accuracy,0.1,3559,0,20,0.125,1.5934493656792204,0.38520842673090083,0.9341112859749645,0.19918117070990254,1,0.0003619047619047626,0.0010000000000000009,0.0006380952380952383,0.0006380952380952376
125,accuracy,0.1,3559,0,20,0.125,1.5934493656792204,0.38520842673090083,0.9341112859749645,0.19918117070990254,2,0.005085714285714283,0.0050000000000000044,-8.571428571427838e-05,-8.571428571428868e-05
125,accuracy,0.1,3559,0,20,0.125,1.5934493656792204,0.38520842673090083,0.9341112859749645,0.19918117070990254,3,0.000690476190476191,0.0020000000000000018,0.0013095238095238108,0.0013095238095238077
125,accuracy,0.1,3559,0,20,0.125,1.5934493656792204,0.38520842673090083,0.9341112859749645,0.19918117070990254,4,-0.000119047619047619,0.0,0.000119047619047619,0.00011904761904761639
125,accuracy,0.1,3559,0,20,0.125,1.5934493656792204,0.38520842673090083,0.9341112859749645,0.19918117070990254,5,0.0021428571428571443,0.0030000000000000027,0.0008571428571428584,0.0008571428571428533
125,accuracy,0.1,3559,0,20,0.125,1.5934493656792204,0.38520842673090083,0.9341112859749645,0.19918117070990254,6,0.00038095238095238167,0.0010000000000000009,0.0006190476190476192,0.0006190476190476177
125,accuracy,0.1,3559,0,20,0.125,1.5934493656792204,0.38520842673090083,0.9341112859749645,0.19918117070990254,7,0.0026000000000000025,0.0040000000000000036,0.001400000000000001,0.001399999999999998
126,negative_brier,0.1,3559,0,20,0.25,1.5934493656792204,0.38520842673090083,0.9341112859749645,0.3983623414198051,0,0.009564035482031568,0.009555907379264539,-8.128102767028869e-06,-8.128102767022642e-06
126,negative_brier,0.1,3559,0,20,0.25,1.5934493656792204,0.38520842673090083,0.9341112859749645,0.3983623414198051,1,0.0028746981782461585,0.0028679320238503836,-6.766154395774875e-06,-6.766154395776039e-06
126,negative_brier,0.1,3559,0,20,0.25,1.5934493656792204,0.38520842673090083,0.9341112859749645,0.3983623414198051,2,0.013875860971265221,0.013865949321933468,-9.911649331752898e-06,-9.911649331749101e-06
126,negative_brier,0.1,3559,0,20,0.25,1.5934493656792204,0.38520842673090083,0.9341112859749645,0.3983623414198051,3,0.0024218188787647034,0.0024164502002440025,-5.368678520700949e-06,-5.368678520699849e-06
126,negative_brier,0.1,3559,0,20,0.25,1.5934493656792204,0.38520842673090083,0.9341112859749645,0.3983623414198051,4,0.004067394172410066,0.0040604824681194085,-6.911704290657114e-06,-6.911704290658648e-06
126,negative_brier,0.1,3559,0,20,0.25,1.5934493656792204,0.38520842673090083,0.9341112859749645,0.3983623414198051,5,0.003344110006035329,0.003343716076434633,-3.939296006959074e-07,-3.939296006950857e-07
126,negative_brier,0.1,3559,0,20,0.25,1.5934493656792204,0.38520842673090083,0.9341112859749645,0.3983623414198051,6,0.0010272002037185607,0.0010262298896570599,-9.703140615008581e-07,-9.70314061500885e-07
126,negative_brier,0.1,3559,0,20,0.25,1.5934493656792204,0.38520842673090083,0.9341112859749645,0.3983623414198051,7,0.005781910571767945,0.005776614804511748,-5.295767256196723e-06,-5.295767256198786e-06
127,negative_cross_entropy,0.1,3559,0,20,0.25,1.5934493656792204,0.38520842673090083,0.9341112859749645,0.3983623414198051,0,0.05769811680142101,0.05766660094351761,-3.151585790339695e-05,-3.1515857903401184e-05
127,negative_cross_entropy,0.1,3559,0,20,0.25,1.5934493656792204,0.38520842673090083,0.9341112859749645,0.3983623414198051,1,0.014182845229079913,0.014150346262790547,-3.249896628936509e-05,-3.249896628936584e-05
127,negative_cross_entropy,0.1,3559,0,20,0.25,1.5934493656792204,0.38520842673090083,0.9341112859749645,0.3983623414198051,2,0.07026829051900249,0.07021993624255352,-4.8354276448975275e-05,-4.8354276448944857e-05
127,negative_cross_entropy,0.1,3559,0,20,0.25,1.5934493656792204,0.38520842673090083,0.9341112859749645,0.3983623414198051,3,0.014432363868511103,0.014413954814766816,-1.840905374428728e-05,-1.840905374429016e-05
127,negative_cross_entropy,0.1,3559,0,20,0.25,1.5934493656792204,0.38520842673090083,0.9341112859749645,0.3983623414198051,4,0.01994724539661276,0.019920234856941832,-2.7010539670926925e-05,-2.701053967090883e-05
127,negative_cross_entropy,0.1,3559,0,20,0.25,1.5934493656792204,0.38520842673090083,0.9341112859749645,0.3983623414198051,5,0.013731878956681433,0.013721999069763458,-9.879886917975658e-06,-9.879886917983963e-06
127,negative_cross_entropy,0.1,3559,0,20,0.25,1.5934493656792204,0.38520842673090083,0.9341112859749645,0.3983623414198051,6,0.004758634151819575,0.0047477001141966735,-1.0934037622901092e-05,-1.0934037622897931e-05
127,negative_cross_entropy,0.1,3559,0,20,0.25,1.5934493656792204,0.38520842673090083,0.9341112859749645,0.3983623414198051,7,0.03189314709237545,0.03186640849371081,-2.673859866464401e-05,-2.6738598664663053e-05
128,accuracy,0.1,3559,0,20,0.25,1.5934493656792204,0.38520842673090083,0.9341112859749645,0.3983623414198051,0,0.0025904761904761904,0.0010000000000000009,-0.0015904761904761895,-0.001590476190476189
128,accuracy,0.1,3559,0,20,0.25,1.5934493656792204,0.38520842673090083,0.9341112859749645,0.3983623414198051,1,0.006223809523809526,0.006000000000000005,-0.0002238095238095211,-0.0002238095238095185
128,accuracy,0.1,3559,0,20,0.25,1.5934493656792204,0.38520842673090083,0.9341112859749645,0.3983623414198051,2,0.01565714285714284,0.013000000000000012,-0.00265714285714283,-0.002657142857142851
128,accuracy,0.1,3559,0,20,0.25,1.5934493656792204,0.38520842673090083,0.9341112859749645,0.3983623414198051,3,0.004271428571428572,0.0030000000000000027,-0.0012714285714285692,-0.0012714285714285692
128,accuracy,0.1,3559,0,20,0.25,1.5934493656792204,0.38520842673090083,0.9341112859749645,0.3983623414198051,4,0.004338095238095242,0.0050000000000000044,0.0006619047619047629,0.0006619047619047663
128,accuracy,0.1,3559,0,20,0.25,1.5934493656792204,0.38520842673090083,0.9341112859749645,0.3983623414198051,5,0.0034285714285714327,0.0020000000000000018,-0.001428571428571431,-0.0014285714285714284
128,accuracy,0.1,3559,0,20,0.25,1.5934493656792204,0.38520842673090083,0.9341112859749645,0.3983623414198051,6,0.0013571428571428562,0.0010000000000000009,-0.00035714285714285535,-0.0003571428571428545
128,accuracy,0.1,3559,0,20,0.25,1.5934493656792204,0.38520842673090083,0.9341112859749645,0.3983623414198051,7,0.012133333333333333,0.010000000000000009,-0.002133333333333324,-0.002133333333333324
129,negative_brier,0.1,3559,0,20,0.5,1.5934493656792204,0.38520842673090083,0.9341112859749645,0.7967246828396102,0,0.02026982328423152,0.020172390315194244,-9.74329690372755e-05,-9.743296903727551e-05
129,negative_brier,0.1,3559,0,20,0.5,1.5934493656792204,0.38520842673090083,0.9341112859749645,0.7967246828396102,1,0.006068127345873835,0.005968264177011462,-9.986316886237325e-05,-9.986316886237438e-05
129,negative_brier,0.1,3559,0,20,0.5,1.5934493656792204,0.38520842673090083,0.9341112859749645,0.7967246828396102,2,0.029688883678449785,0.029555033576560696,-0.00013385010188908877,-0.00013385010188909306
129,negative_brier,0.1,3559,0,20,0.5,1.5934493656792204,0.38520842673090083,0.9341112859749645,0.7967246828396102,3,0.004896006616103594,0.004827299201661028,-6.870741444256565e-05,-6.870741444256714e-05
129,negative_brier,0.1,3559,0,20,0.5,1.5934493656792204,0.38520842673090083,0.9341112859749645,0.7967246828396102,4,0.008431396872322767,0.008343000928747013,-8.839594357575378e-05,-8.839594357575099e-05
129,negative_brier,0.1,3559,0,20,0.5,1.5934493656792204,0.38520842673090083,0.9341112859749645,0.7967246828396102,5,0.007258178077904204,0.0072403968743248726,-1.7781203579331044e-05,-1.7781203579333324e-05
129,negative_brier,0.1,3559,0,20,0.5,1.5934493656792204,0.38520842673090083,0.9341112859749645,0.7967246828396102,6,0.002235354994583193,0.0022109904614753817,-2.4364533107811177e-05,-2.4364533107810286e-05
129,negative_brier,0.1,3559,0,20,0.5,1.5934493656792204,0.38520842673090083,0.9341112859749645,0.7967246828396102,7,0.011706665988655354,0.011634298406560495,-7.236758209485869e-05,-7.23675820948566e-05
130,negative_cross_entropy,0.1,3559,0,20,0.5,1.5934493656792204,0.38520842673090083,0.9341112859749645,0.7967246828396102,0,0.1124647903489707,0.1122353753475529,-0.00022941500141779314,-0.0002294150014178209
130,negative_cross_entropy,0.1,3559,0,20,0.5,1.5934493656792204,0.38520842673090083,0.9341112859749645,0.7967246828396102,1,0.02674132829345228,0.02648474797535405,-0.0002565803180982311,-0.0002565803180982199
130,negative_cross_entropy,0.1,3559,0,20,0.5,1.5934493656792204,0.38520842673090083,0.9341112859749645,0.7967246828396102,2,0.1358468938857728,0.13549321202854658,-0.000353681857226229,-0.00035368185722608683
130,negative_cross_entropy,0.1,3559,0,20,0.5,1.5934493656792204,0.38520842673090083,0.9341112859749645,0.7967246828396102,3,0.027172128139216416,0.02704773799633542,-0.00012439014288099723,-0.00012439014288099558
130,negative_cross_entropy,0.1,3559,0,20,0.5,1.5934493656792204,0.38520842673090083,0.9341112859749645,0.7967246828396102,4,0.03818526645716428,0.037985430507756934,-0.00019983594940734678,-0.00019983594940735228
130,negative_cross_entropy,0.1,3559,0,20,0.5,1.5934493656792204,0.38520842673090083,0.9341112859749645,0.7967246828396102,5,0.026789952339487326,0.02671681709681195,-7.31352426753748e-05,-7.313524267537114e-05
130,negative_cross_entropy,0.1,3559,0,20,0.5,1.5934493656792204,0.38520842673090083,0.9341112859749645,0.7967246828396102,6,0.009184697365182895,0.009095939572472789,-8.875779271010596e-05,-8.875779271010301e-05
130,negative_cross_entropy,0.1,3559,0,20,0.5,1.5934493656792204,0.38520842673090083,0.9341112859749645,0.7967246828396102,7,0.06089710282921915,0.06071331490990883,-0.00018378791931032007,-0.00018378791931031823
131,accuracy,0.1,3559,0,20,0.5,1.5934493656792204,0.38520842673090083,0.9341112859749645,0.7967246828396102,0,0.033345238095238115,0.033,-0.0003452380952381137,-0.00034523809523808423
131,accuracy,0.1,3559,0,20,0.5,1.5934493656792204,0.38520842673090083,0.9341112859749645,0.7967246828396102,1,0.016350000000000003,0.013000000000000012,-0.003349999999999992,-0.0033499999999999936
131,accuracy,0.1,3559,0,20,0.5,1.5934493656792204,0.38520842673090083,0.9341112859749645,0.7967246828396102,2,0.059483333333333346,0.05800000000000002,-0.0014833333333333296,-0.0014833333333333174
131,accuracy,0.1,3559,0,20,0.5,1.5934493656792204,0.38520842673090083,0.9341112859749645,0.7967246828396102,3,0.0040833333333333355,0.0010000000000000009,-0.0030833333333333346,-0.0030833333333333286
131,accuracy,0.1,3559,0,20,0.5,1.5934493656792204,0.38520842673090083,0.9341112859749645,0.7967246828396102,4,0.016535714285714292,0.015000000000000013,-0.0015357142857142791,-0.0015357142857142774
131,accuracy,0.1,3559,0,20,0.5,1.5934493656792204,0.38520842673090083,0.9341112859749645,0.7967246828396102,5,0.02030238095238096,0.023000000000000007,0.002697619047619046,0.0026976190476190503
131,accuracy,0.1,3559,0,20,0.5,1.5934493656792204,0.38520842673090083,0.9341112859749645,0.7967246828396102,6,0.004240476190476188,0.0030000000000000027,-0.001240476190476185,-0.0012404761904761825
131,accuracy,0.1,3559,0,20,0.5,1.5934493656792204,0.38520842673090083,0.9341112859749645,0.7967246828396102,7,0.02165952380952381,0.017000000000000008,-0.004659523809523801,-0.004659523809523803
132,negative_brier,0.1,3559,0,20,1.0,1.5934493656792204,0.38520842673090083,0.9341112859749645,1.5934493656792204,0,0.0426747532702299,0.04158590965116066,-0.0010888436190692394,-0.0010888436190692673
132,negative_brier,0.1,3559,0,20,1.0,1.5934493656792204,0.38520842673090083,0.9341112859749645,1.5934493656792204,1,0.011482315452970196,0.01028871639500667,-0.0011935990579635264,-0.0011935990579635247
132,negative_brier,0.1,3559,0,20,1.0,1.5934493656792204,0.38520842673090083,0.9341112859749645,1.5934493656792204,2,0.06336006389277621,0.06189390757180174,-0.0014661563209744655,-0.0014661563209744117
132,negative_brier,0.1,3559,0,20,1.0,1.5934493656792204,0.38520842673090083,0.9341112859749645,1.5934493656792204,3,0.008872728665668074,0.00818394829924518,-0.0006887803664228937,-0.0006887803664228979
132,negative_brier,0.1,3559,0,20,1.0,1.5934493656792204,0.38520842673090083,0.9341112859749645,1.5934493656792204,4,0.01655563006665781,0.01563167166633872,-0.0009239584003190894,-0.0009239584003190993
132,negative_brier,0.1,3559,0,20,1.0,1.5934493656792204,0.38520842673090083,0.9341112859749645,1.5934493656792204,5,0.01578480578076597,0.015454092889772342,-0.00033071289099362994,-0.00033071289099362197
132,negative_brier,0.1,3559,0,20,1.0,1.5934493656792204,0.38520842673090083,0.9341112859749645,1.5934493656792204,6,0.004651581181758047,0.004273381909117191,-0.00037819927264085614,-0.00037819927264085224
132,negative_brier,0.1,3559,0,20,1.0,1.5934493656792204,0.38520842673090083,0.9341112859749645,1.5934493656792204,7,0.022089446244468076,0.021312801366599743,-0.0007766448778683335,-0.0007766448778683285
133,negative_cross_entropy,0.1,3559,0,20,1.0,1.5934493656792204,0.38520842673090083,0.9341112859749645,1.5934493656792204,0,0.20515991129225067,0.2040652986487933,-0.0010946126434573655,-0.00109461264345747
133,negative_cross_entropy,0.1,3559,0,20,1.0,1.5934493656792204,0.38520842673090083,0.9341112859749645,1.5934493656792204,1,0.04416282910436633,0.04270158199648888,-0.0014612471078774489,-0.0014612471078774294
133,negative_cross_entropy,0.1,3559,0,20,1.0,1.5934493656792204,0.38520842673090083,0.9341112859749645,1.5934493656792204,2,0.24351367886639344,0.24196017052419527,-0.0015535083421981677,-0.0015535083421982674
133,negative_cross_entropy,0.1,3559,0,20,1.0,1.5934493656792204,0.38520842673090083,0.9341112859749645,1.5934493656792204,3,0.04593332542509012,0.04556212460377673,-0.00037120082131338744,-0.00037120082131338104
133,negative_cross_entropy,0.1,3559,0,20,1.0,1.5934493656792204,0.38520842673090083,0.9341112859749645,1.5934493656792204,4,0.0673204016625607,0.06639447753153949,-0.0009259241310212163,-0.0009259241310211884
133,negative_cross_entropy,0.1,3559,0,20,1.0,1.5934493656792204,0.38520842673090083,0.9341112859749645,1.5934493656792204,5,0.04919346680966078,0.048826305764758327,-0.00036716104490245455,-0.00036716104490243135
133,negative_cross_entropy,0.1,3559,0,20,1.0,1.5934493656792204,0.38520842673090083,0.9341112859749645,1.5934493656792204,6,0.016133687854002383,0.015581034127638782,-0.0005526537263636014,-0.0005526537263636006
133,negative_cross_entropy,0.1,3559,0,20,1.0,1.5934493656792204,0.38520842673090083,0.9341112859749645,1.5934493656792204,7,0.10670732604771976,0.1061072759196322,-0.0006000501280875592,-0.0006000501280875734
134,accuracy,0.1,3559,0,20,1.0,1.5934493656792204,0.38520842673090083,0.9341112859749645,1.5934493656792204,0,0.05657380952380955,0.027999999999999997,-0.02857380952380955,-0.028573809523809605
134,accuracy,0.1,3559,0,20,1.0,1.5934493656792204,0.38520842673090083,0.9341112859749645,1.5934493656792204,1,0.01786904761904764,0.003999999999999997,-0.013869047619047642,-0.013869047619047677
134,accuracy,0.1,3559,0,20,1.0,1.5934493656792204,0.38520842673090083,0.9341112859749645,1.5934493656792204,2,0.11637857142857153,0.09100000000000003,-0.0253785714285715,-0.02537857142857146
134,accuracy,0.1,3559,0,20,1.0,1.5934493656792204,0.38520842673090083,0.9341112859749645,1.5934493656792204,3,0.00793571428571429,0.0030000000000000027,-0.004935714285714288,-0.004935714285714328
134,accuracy,0.1,3559,0,20,1.0,1.5934493656792204,0.38520842673090083,0.9341112859749645,1.5934493656792204,4,0.0334738095238095,0.021000000000000005,-0.012473809523809498,-0.012473809523809554
134,accuracy,0.1,3559,0,20,1.0,1.5934493656792204,0.38520842673090083,0.9341112859749645,1.5934493656792204,5,0.033254761904761926,0.027000000000000017,-0.006254761904761909,-0.0062547619047619366
134,accuracy,0.1,3559,0,20,1.0,1.5934493656792204,0.38520842673090083,0.9341112859749645,1.5934493656792204,6,0.006640476190476198,0.0,-0.006640476190476198,-0.006640476190476231
134,accuracy,0.1,3559,0,20,1.0,1.5934493656792204,0.38520842673090083,0.9341112859749645,1.5934493656792204,7,0.029873809523809518,0.020000000000000004,-0.009873809523809514,-0.009873809523809556
135,negative_brier,0.1,3559,15,20,0.0625,1.2068968011062235,0.27884753508722065,0.5703607914333484,0.07543105006913897,0,0.0013437708042433312,0.0013437317543371075,-3.904990622375683e-08,-3.90499062244817e-08
135,negative_brier,0.1,3559,15,20,0.0625,1.2068968011062235,0.27884753508722065,0.5703607914333484,0.07543105006913897,1,0.0002090334063145462,0.00020902675193312792,-6.654381418287614e-09,-6.6543814181141416e-09
135,negative_brier,0.1,3559,15,20,0.0625,1.2068968011062235,0.27884753508722065,0.5703607914333484,0.07543105006913897,2,0.0020071230484173855,0.002007168637528922,4.5589111536629284e-08,4.558911153849202e-08
135,negative_brier,0.1,3559,15,20,0.0625,1.2068968011062235,0.27884753508722065,0.5703607914333484,0.07543105006913897,3,0.00013681063168273332,0.00013681777479301882,7.143110285505374e-09,7.1431102855430644e-09
135,negative_brier,0.1,3559,15,20,0.0625,1.2068968011062235,0.27884753508722065,0.5703607914333484,0.07543105006913897,4,0.0005382409110567669,0.0005382599144585498,1.900340178295247e-08,1.9003401783132127e-08
135,negative_brier,0.1,3559,15,20,0.0625,1.2068968011062235,0.27884753508722065,0.5703607914333484,0.07543105006913897,5,0.0005325110016206893,0.0005324964924579567,-1.4509162732595851e-08,-1.4509162732907687e-08
135,negative_brier,0.1,3559,15,20,0.0625,1.2068968011062235,0.27884753508722065,0.5703607914333484,0.07543105006913897,6,0.00014176146571145333,0.00014175009110040104,-1.137461105228557e-08,-1.137461105225692e-08
135,negative_brier,0.1,3559,15,20,0.0625,1.2068968011062235,0.27884753508722065,0.5703607914333484,0.07543105006913897,7,0.0005846459642498366,0.0005846237791475306,-2.218510230600837e-08,-2.2185102305492103e-08
136,negative_cross_entropy,0.1,3559,15,20,0.0625,1.2068968011062235,0.27884753508722065,0.5703607914333484,0.07543105006913897,0,0.003481656054614315,0.0034816456043252897,-1.0450289025191323e-08,-1.0450289026987999e-08
136,negative_cross_entropy,0.1,3559,15,20,0.0625,1.2068968011062235,0.27884753508722065,0.5703607914333484,0.07543105006913897,1,0.0005745293497228902,0.0005745244235747515,-4.92614813871195e-09,-4.926148138877164e-09
136,negative_cross_entropy,0.1,3559,15,20,0.0625,1.2068968011062235,0.27884753508722065,0.5703607914333484,0.07543105006913897,2,0.005373035400601661,0.005373109097419726,7.369681806479456e-08,7.369681806638061e-08
136,negative_cross_entropy,0.1,3559,15,20,0.0625,1.2068968011062235,0.27884753508722065,0.5703607914333484,0.07543105006913897,3,0.000866924440611272,0.0008669525798965516,2.8139285279606303e-08,2.8139285279407e-08
136,negative_cross_entropy,0.1,3559,15,20,0.0625,1.2068968011062235,0.27884753508722065,0.5703607914333484,0.07543105006913897,4,0.0013679594501662272,0.0013679707431123456,1.1292946118382843e-08,1.1292946118711214e-08
136,negative_cross_entropy,0.1,3559,15,20,0.0625,1.2068968011062235,0.27884753508722065,0.5703607914333484,0.07543105006913897,5,0.0011001554685139184,0.0011001543923704338,-1.0761434846538742e-09,-1.0761434841128042e-09
136,negative_cross_entropy,0.1,3559,15,20,0.0625,1.2068968011062235,0.27884753508722065,0.5703607914333484,0.07543105006913897,6,0.00033926023688297317,0.0003392516920208699,-8.544862103261261e-09,-8.544862103337664e-09
136,negative_cross_entropy,0.1,3559,15,20,0.0625,1.2068968011062235,0.27884753508722065,0.5703607914333484,0.07543105006913897,7,0.002829804837086645,0.0028297824656492443,-2.2371437400497962e-08,-2.2371437401257946e-08
137,accuracy,0.1,3559,15,20,0.0625,1.2068968011062235,0.27884753508722065,0.5703607914333484,0.07543105006913897,0,0.003157142857142861,0.0040000000000000036,0.0008428571428571426,0.0008428571428571461
137,accuracy,0.1,3559,15,20,0.0625,1.2068968011062235,0.27884753508722065,0.5703607914333484,0.07543105006913897,1,-0.0003380952380952386,-0.0010000000000000009,-0.0006619047619047623,-0.0006619047619047624
137,accuracy,0.1,3559,15,20,0.0625,1.2068968011062235,0.27884753508722065,0.5703607914333484,0.07543105006913897,2,0.0010666666666666665,0.0010000000000000009,-6.666666666666561e-05,-6.666666666666301e-05
137,accuracy,0.1,3559,15,20,0.0625,1.2068968011062235,0.27884753508722065,0.5703607914333484,0.07543105006913897,3,-0.0005142857142857145,0.0,0.0005142857142857145,0.0005142857142857178
137,accuracy,0.1,3559,15,20,0.0625,1.2068968011062235,0.27884753508722065,0.5703607914333484,0.07543105006913897,4,0.0008095238095238101,0.0020000000000000018,0.0011904761904761917,0.0011904761904761938
137,accuracy,0.1,3559,15,20,0.0625,1.2068968011062235,0.27884753508722065,0.5703607914333484,0.07543105006913897,5,0.0005142857142857152,0.0010000000000000009,0.0004857142857142857,0.0004857142857142896
137,accuracy,0.1,3559,15,20,0.0625,1.2068968011062235,0.27884753508722065,0.5703607914333484,0.07543105006913897,6,0.000347619047619048,0.0010000000000000009,0.0006523809523809529,0.0006523809523809544
137,accuracy,0.1,3559,15,20,0.0625,1.2068968011062235,0.27884753508722065,0.5703607914333484,0.07543105006913897,7,0.0009571428571428584,0.0020000000000000018,0.0010428571428571433,0.0010428571428571464
138,negative_brier,0.1,3559,15,20,0.125,1.2068968011062235,0.27884753508722065,0.5703607914333484,0.15086210013827794,0,0.0026872931732180943,0.002686965446902223,-3.27726315871215e-07,-3.277263158726234e-07
138,negative_brier,0.1,3559,15,20,0.125,1.2068968011062235,0.27884753508722065,0.5703607914333484,0.15086210013827794,1,0.0004058916491814879,0.00040583927664006314,-5.237254142474376e-08,-5.2372541424681784e-08
138,negative_brier,0.1,3559,15,20,0.125,1.2068968011062235,0.27884753508722065,0.5703607914333484,0.15086210013827794,2,0.0040140497446359835,0.004014418663010277,3.6891837429386953e-07,3.689183742963806e-07
138,negative_brier,0.1,3559,15,20,0.125,1.2068968011062235,0.27884753508722065,0.5703607914333484,0.15086210013827794,3,0.0002637452661625765,0.00026380229972367,5.7033561093496055e-08,5.7033561093586886e-08
138,negative_brier,0.1,3559,15,20,0.125,1.2068968011062235,0.27884753508722065,0.5703607914333484,0.15086210013827794,4,0.001076859930137667,0.0010770148642070265,1.5493406935944247e-07,1.5493406935965102e-07
138,negative_brier,0.1,3559,15,20,0.125,1.2068968011062235,0.27884753508722065,0.5703607914333484,0.15086210013827794,5,0.0010610144529884888,0.0010608952181233033,-1.1923486518549027e-07,-1.1923486518485222e-07
138,negative_brier,0.1,3559,15,20,0.125,1.2068968011062235,0.27884753508722065,0.5703607914333484,0.15086210013827794,6,0.000281300528255325,0.0002812094407842469,-9.108747107809288e-08,-9.108747107807896e-08
138,negative_brier,0.1,3559,15,20,0.125,1.2068968011062235,0.27884753508722065,0.5703607914333484,0.15086210013827794,7,0.0011643985489702639,0.0011642162639025622,-1.8228506770169572e-07,-1.8228506770148098e-07
139,negative_cross_entropy,0.1,3559,15,20,0.125,1.2068968011062235,0.27884753508722065,0.5703607914333484,0.15086210013827794,0,0.00692030392928935,0.006920203825290572,-1.0010399877861259e-07,-1.00103998777547e-07
139,negative_cross_entropy,0.1,3559,15,20,0.125,1.2068968011062235,0.27884753508722065,0.5703607914333484,0.15086210013827794,1,0.001119428593449512,0.0011193891638666686,-3.942958284332797e-08,-3.94295828421405e-08
139,negative_cross_entropy,0.1,3559,15,20,0.125,1.2068968011062235,0.27884753508722065,0.5703607914333484,0.15086210013827794,2,0.010659177239421077,0.010659763943249634,5.867038285565368e-07,5.867038285518288e-07
139,negative_cross_entropy,0.1,3559,15,20,0.125,1.2068968011062235,0.27884753508722065,0.5703607914333484,0.15086210013827794,3,0.0017080165519745745,0.00170823974111034,2.2318913576557624e-07,2.2318913576550403e-07
139,negative_cross_entropy,0.1,3559,15,20,0.125,1.2068968011062235,0.27884753508722065,0.5703607914333484,0.15086210013827794,4,0.002730784246898015,0.002730873470980111,8.922408209575267e-08,8.922408209409218e-08
139,negative_cross_entropy,0.1,3559,15,20,0.125,1.2068968011062235,0.27884753508722065,0.5703607914333484,0.15086210013827794,5,0.002184768926914543,0.0021847586779393247,-1.0248975218420803e-08,-1.0248975220357901e-08
139,negative_cross_entropy,0.1,3559,15,20,0.125,1.2068968011062235,0.27884753508722065,0.5703607914333484,0.15086210013827794,6,0.0006698923629982086,0.0006698248860804723,-6.747691773628488e-08,-6.747691773641085e-08
139,negative_cross_entropy,0.1,3559,15,20,0.125,1.2068968011062235,0.27884753508722065,0.5703607914333484,0.15086210013827794,7,0.0056336263752113525,0.005633439196264134,-1.8717894721860528e-07,-1.8717894721647402e-07
140,accuracy,0.1,3559,15,20,0.125,1.2068968011062235,0.27884753508722065,0.5703607914333484,0.15086210013827794,0,0.00873809523809524,0.0050000000000000044,-0.003738095238095235,-0.0037380952380952474
140,accuracy,0.1,3559,15,20,0.125,1.2068968011062235,0.27884753508722065,0.5703607914333484,0.15086210013827794,1,-0.0036571428571428592,-0.006000000000000005,-0.002342857142857146,-0.0023428571428571496
140,accuracy,0.1,3559,15,20,0.125,1.2068968011062235,0.27884753508722065,0.5703607914333484,0.15086210013827794,2,0.006776190476190479,0.0040000000000000036,-0.0027761904761904755,-0.0027761904761904846
140,accuracy,0.1,3559,15,20,0.125,1.2068968011062235,0.27884753508722065,0.5703607914333484,0.15086210013827794,3,-0.001704761904761906,0.0,0.001704761904761906,0.0017047619047619034
140,accuracy,0.1,3559,15,20,0.125,1.2068968011062235,0.27884753508722065,0.5703607914333484,0.15086210013827794,4,-0.0015238095238095236,-0.0030000000000000027,-0.001476190476190479,-0.0014761904761904803
140,accuracy,0.1,3559,15,20,0.125,1.2068968011062235,0.27884753508722065,0.5703607914333484,0.15086210013827794,5,0.0006809523809523806,-0.0010000000000000009,-0.0016809523809523815,-0.001680952380952384
140,accuracy,0.1,3559,15,20,0.125,1.2068968011062235,0.27884753508722065,0.5703607914333484,0.15086210013827794,6,0.00010952380952380936,-0.0010000000000000009,-0.0011095238095238102,-0.0011095238095238146
140,accuracy,0.1,3559,15,20,0.125,1.2068968011062235,0.27884753508722065,0.5703607914333484,0.15086210013827794,7,0.0025809523809523843,0.0030000000000000027,0.00041904761904761837,0.00041904761904761577
141,negative_brier,0.1,3559,15,20,0.25,1.2068968011062235,0.27884753508722065,0.5703607914333484,0.3017242002765559,0,0.005366496589936528,0.005363632911062455,-2.8636788740729266e-06,-2.8636788740727377e-06
141,negative_brier,0.1,3559,15,20,0.25,1.2068968011062235,0.27884753508722065,0.5703607914333484,0.3017242002765559,1,0.000763983678924059,0.0007635765885974921,-4.070903265668757e-07,-4.0709032656714525e-07
141,negative_brier,0.1,3559,15,20,0.25,1.2068968011062235,0.27884753508722065,0.5703607914333484,0.3017242002765559,2,0.008020854622983981,0.008023864516996104,3.00989401212301e-06,3.009894012123307e-06
141,negative_brier,0.1,3559,15,20,0.25,1.2068968011062235,0.27884753508722065,0.5703607914333484,0.3017242002765559,3,0.0004884463284316161,0.0004888978943922706,4.5156596065448057e-07,4.515659606543892e-07
141,negative_brier,0.1,3559,15,20,0.25,1.2068968011062235,0.27884753508722065,0.5703607914333484,0.3017242002765559,4,0.002155888519011886,0.0021571685033099364,1.2799842980504815e-06,1.279984298051725e-06
141,negative_brier,0.1,3559,15,20,0.25,1.2068968011062235,0.27884753508722065,0.5703607914333484,0.3017242002765559,5,0.0021043836620997644,0.0021033781918223804,-1.0054702773839783e-06,-1.0054702773824665e-06
141,negative_brier,0.1,3559,15,20,0.25,1.2068968011062235,0.27884753508722065,0.5703607914333484,0.3017242002765559,6,0.0005528076545240931,0.0005520772634326487,-7.303910914443872e-07,-7.303910914441273e-07
141,negative_brier,0.1,3559,15,20,0.25,1.2068968011062235,0.27884753508722065,0.5703607914333484,0.3017242002765559,7,0.0023077554973030038,0.0023062208501392067,-1.5346471637970281e-06,-1.534647163797676e-06
142,negative_cross_entropy,0.1,3559,15,20,0.25,1.2068968011062235,0.27884753508722065,0.5703607914333484,0.3017242002765559,0,0.013664180087861834,0.013663117421431448,-1.062666430386161e-06,-1.062666430390589e-06
142,negative_cross_entropy,0.1,3559,15,20,0.25,1.2068968011062235,0.27884753508722065,0.5703607914333484,0.3017242002765559,1,0.0021224889564741122,0.002122172367434394,-3.165890397182486e-07,-3.165890397182652e-07
142,negative_cross_entropy,0.1,3559,15,20,0.25,1.2068968011062235,0.27884753508722065,0.5703607914333484,0.3017242002765559,2,0.02096271542445933,0.02096735243883363,4.63701437430214e-06,4.637014374304849e-06
142,negative_cross_entropy,0.1,3559,15,20,0.25,1.2068968011062235,0.27884753508722065,0.5703607914333484,0.3017242002765559,3,0.003313444469311965,0.003315195189124931,1.7507198129657585e-06,1.7507198129662095e-06
142,negative_cross_entropy,0.1,3559,15,20,0.25,1.2068968011062235,0.27884753508722065,0.5703607914333484,0.3017242002765559,4,0.005442000857268059,0.005442692923093184,6.920658251249184e-07,6.920658251236801e-07
142,negative_cross_entropy,0.1,3559,15,20,0.25,1.2068968011062235,0.27884753508722065,0.5703607914333484,0.3017242002765559,5,0.004305418906977458,0.004305307221410759,-1.1168556669858415e-07,-1.1168556670287108e-07
142,negative_cross_entropy,0.1,3559,15,20,0.25,1.2068968011062235,0.27884753508722065,0.5703607914333484,0.3017242002765559,6,0.0013043366954528604,0.0013038092675479174,-5.274279049429821e-07,-5.274279049436555e-07
142,negative_cross_entropy,0.1,3559,15,20,0.25,1.2068968011062235,0.27884753508722065,0.5703607914333484,0.3017242002765559,7,0.011157460904756045,0.011155831563602558,-1.629341153486924e-06,-1.6293411534846436e-06
143,accuracy,0.1,3559,15,20,0.25,1.2068968011062235,0.27884753508722065,0.5703607914333484,0.3017242002765559,0,0.02365238095238098,0.027000000000000024,0.0033476190476190437,0.0033476190476190437
143,accuracy,0.1,3559,15,20,0.25,1.2068968011062235,0.27884753508722065,0.5703607914333484,0.3017242002765559,1,-0.005657142857142861,-0.0050000000000000044,0.0006571428571428561,0.0006571428571428561
143,accuracy,0.1,3559,15,20,0.25,1.2068968011062235,0.27884753508722065,0.5703607914333484,0.3017242002765559,2,0.014771428571428592,0.019000000000000017,0.004228571428571425,0.004228571428571422
143,accuracy,0.1,3559,15,20,0.25,1.2068968011062235,0.27884753508722065,0.5703607914333484,0.3017242002765559,3,-0.0037904761904761913,-0.0040000000000000036,-0.00020952380952381222,-0.00020952380952382263
143,accuracy,0.1,3559,15,20,0.25,1.2068968011062235,0.27884753508722065,0.5703607914333484,0.3017242002765559,4,-0.002780952380952383,-0.0010000000000000009,0.0017809523809523822,0.001780952380952383
143,accuracy,0.1,3559,15,20,0.25,1.2068968011062235,0.27884753508722065,0.5703607914333484,0.3017242002765559,5,0.0022047619047619055,0.0020000000000000018,-0.00020476190476190377,-0.0002047619047619107
143,accuracy,0.1,3559,15,20,0.25,1.2068968011062235,0.27884753508722065,0.5703607914333484,0.3017242002765559,6,0.001333333333333334,0.0010000000000000009,-0.00033333333333333305,-0.00033333333333334
143,accuracy,0.1,3559,15,20,0.25,1.2068968011062235,0.27884753508722065,0.5703607914333484,0.3017242002765559,7,0.00626666666666667,0.007000000000000006,0.0007333333333333358,0.0007333333333333289
144,negative_brier,0.1,3559,15,20,0.5,1.2068968011062235,0.27884753508722065,0.5703607914333484,0.6034484005531118,0,0.010639137767906664,0.01061253649218269,-2.6601275723974263e-05,-2.660127572397649e-05
144,negative_brier,0.1,3559,15,20,0.5,1.2068968011062235,0.27884753508722065,0.5703607914333484,0.6034484005531118,1,0.001348169740828256,0.0013450540058122518,-3.115735016004156e-06,-3.115735016004639e-06
144,negative_brier,0.1,3559,15,20,0.5,1.2068968011062235,0.27884753508722065,0.5703607914333484,0.6034484005531118,2,0.015958917528076204,0.015983621226901945,2.470369882574125e-05,2.470369882574238e-05
144,negative_brier,0.1,3559,15,20,0.5,1.2068968011062235,0.27884753508722065,0.5703607914333484,0.6034484005531118,3,0.0008270453402688687,0.0008304871527384239,3.4418124695551446e-06,3.4418124695553203e-06
144,negative_brier,0.1,3559,15,20,0.5,1.2068968011062235,0.27884753508722065,0.5703607914333484,0.6034484005531118,4,0.004327423332724869,0.0043381072138441445,1.0683881119275679e-05,1.0683881119276045e-05
144,negative_brier,0.1,3559,15,20,0.5,1.2068968011062235,0.27884753508722065,0.5703607914333484,0.6034484005531118,5,0.004125798689005028,0.00411689629842632,-8.902390578708133e-06,-8.90239057870633e-06
144,negative_brier,0.1,3559,15,20,0.5,1.2068968011062235,0.27884753508722065,0.5703607914333484,0.6034484005531118,6,0.0010594799272258173,0.0010535926380080274,-5.887289217789901e-06,-5.887289217790517e-06
144,negative_brier,0.1,3559,15,20,0.5,1.2068968011062235,0.27884753508722065,0.5703607914333484,0.6034484005531118,7,0.004519003149941909,0.004505507308598222,-1.349584134368708e-05,-1.349584134368494e-05
145,negative_cross_entropy,0.1,3559,15,20,0.5,1.2068968011062235,0.27884753508722065,0.5703607914333484,0.6034484005531118,0,0.02658831713060286,0.026575666246470453,-1.2650884132405643e-05,-1.2650884132403827e-05
145,negative_cross_entropy,0.1,3559,15,20,0.5,1.2068968011062235,0.27884753508722065,0.5703607914333484,0.6034484005531118,1,0.0038001205155078913,0.0037975461455190818,-2.5743699888095342e-06,-2.574369988810386e-06
145,negative_cross_entropy,0.1,3559,15,20,0.5,1.2068968011062235,0.27884753508722065,0.5703607914333484,0.6034484005531118,2,0.040443850842013976,0.04047968845366978,3.5837611655806234e-05,3.5837611655777035e-05
145,negative_cross_entropy,0.1,3559,15,20,0.5,1.2068968011062235,0.27884753508722065,0.5703607914333484,0.6034484005531118,3,0.006224659188794237,0.006237983866984154,1.3324678189916873e-05,1.3324678189920106e-05
145,negative_cross_entropy,0.1,3559,15,20,0.5,1.2068968011062235,0.27884753508722065,0.5703607914333484,0.6034484005531118,4,0.0108141889977817,0.010819258244740948,5.069246959248097e-06,5.069246959243664e-06
145,negative_cross_entropy,0.1,3559,15,20,0.5,1.2068968011062235,0.27884753508722065,0.5703607914333484,0.6034484005531118,5,0.008340337668953977,0.008338859441420543,-1.478227533434004e-06,-1.4782275334402317e-06
145,negative_cross_entropy,0.1,3559,15,20,0.5,1.2068968011062235,0.27884753508722065,0.5703607914333484,0.6034484005531118,6,0.002460354946204606,0.0024562775747933863,-4.077371411219822e-06,-4.07737141121972e-06
145,negative_cross_entropy,0.1,3559,15,20,0.5,1.2068968011062235,0.27884753508722065,0.5703607914333484,0.6034484005531118,7,0.021828486806505183,0.021813316484977974,-1.5170321527209485e-05,-1.5170321527213386e-05
146,accuracy,0.1,3559,15,20,0.5,1.2068968011062235,0.27884753508722065,0.5703607914333484,0.6034484005531118,0,0.034495238095238134,0.03300000000000003,-0.001495238095238105,-0.001495238095238105
146,accuracy,0.1,3559,15,20,0.5,1.2068968011062235,0.27884753508722065,0.5703607914333484,0.6034484005531118,1,-0.0134904761904762,-0.014000000000000012,-0.0005095238095238121,-0.0005095238095238217
146,accuracy,0.1,3559,15,20,0.5,1.2068968011062235,0.27884753508722065,0.5703607914333484,0.6034484005531118,2,0.026047619047619083,0.027000000000000024,0.0009523809523809407,0.0009523809523809476
146,accuracy,0.1,3559,15,20,0.5,1.2068968011062235,0.27884753508722065,0.5703607914333484,0.6034484005531118,3,-0.0015761904761904732,-0.0050000000000000044,-0.0034238095238095312,-0.0034238095238095347
146,accuracy,0.1,3559,15,20,0.5,1.2068968011062235,0.27884753508722065,0.5703607914333484,0.6034484005531118,4,-0.004838095238095243,-0.0040000000000000036,0.0008380952380952393,0.0008380952380952307
146,accuracy,0.1,3559,15,20,0.5,1.2068968011062235,0.27884753508722065,0.5703607914333484,0.6034484005531118,5,0.0030095238095238152,0.0030000000000000027,-9.523809523812564e-06,-9.523809523819503e-06
146,accuracy,0.1,3559,15,20,0.5,1.2068968011062235,0.27884753508722065,0.5703607914333484,0.6034484005531118,6,0.0018142857142857162,0.0020000000000000018,0.00018571428571428558,0.00018571428571427604
146,accuracy,0.1,3559,15,20,0.5,1.2068968011062235,0.27884753508722065,0.5703607914333484,0.6034484005531118,7,0.012538095238095247,0.01200000000000001,-0.0005380952380952368,-0.0005380952380952412
147,negative_brier,0.1,3559,15,20,1.0,1.2068968011062235,0.27884753508722065,0.5703607914333484,1.2068968011062235,0,0.020358397288817918,0.020094467669100335,-0.00026392961971758236,-0.00026392961971756816
147,negative_brier,0.1,3559,15,20,1.0,1.2068968011062235,0.27884753508722065,0.5703607914333484,1.2068968011062235,1,0.0021261935973264185,0.0021023950104462896,-2.3798586880128918e-05,-2.379858688012865e-05
147,negative_brier,0.1,3559,15,20,1.0,1.2068968011062235,0.27884753508722065,0.5703607914333484,1.2068968011062235,2,0.031132131253882634,0.03132863871682934,0.00019650746294670382,0.00019650746294669734
147,negative_brier,0.1,3559,15,20,1.0,1.2068968011062235,0.27884753508722065,0.5703607914333484,1.2068968011062235,3,0.0011412139138944081,0.0011634470765477523,2.223316265334411e-05,2.2233162653344575e-05
147,negative_brier,0.1,3559,15,20,1.0,1.2068968011062235,0.27884753508722065,0.5703607914333484,1.2068968011062235,4,0.00879100614583149,0.008876800820214248,8.579467438275812e-05,8.579467438275243e-05
147,negative_brier,0.1,3559,15,20,1.0,1.2068968011062235,0.27884753508722065,0.5703607914333484,1.2068968011062235,5,0.007830637502768767,0.007745334752519484,-8.530275024928348e-05,-8.530275024928154e-05
147,negative_brier,0.1,3559,15,20,1.0,1.2068968011062235,0.27884753508722065,0.5703607914333484,1.2068968011062235,6,0.0018852774478158097,0.001836891517798811,-4.838593001699871e-05,-4.8385930016998314e-05
147,negative_brier,0.1,3559,15,20,1.0,1.2068968011062235,0.27884753508722065,0.5703607914333484,1.2068968011062235,7,0.008531630357770095,0.00840407243296687,-0.00012755792480322568,-0.00012755792480322013
148,negative_cross_entropy,0.1,3559,15,20,1.0,1.2068968011062235,0.27884753508722065,0.5703607914333484,1.2068968011062235,0,0.049957271522424955,0.04978891866391866,-0.0001683528585062974,-0.0001683528585063168
148,negative_cross_entropy,0.1,3559,15,20,1.0,1.2068968011062235,0.27884753508722065,0.5703607914333484,1.2068968011062235,1,0.0060291770807658915,0.006006395835007616,-2.2781245758275205e-05,-2.2781245758277258e-05
148,negative_cross_entropy,0.1,3559,15,20,1.0,1.2068968011062235,0.27884753508722065,0.5703607914333484,1.2068968011062235,2,0.0745750444873143,0.0748315059968847,0.00025646150957041314,0.0002564615095704199
148,negative_cross_entropy,0.1,3559,15,20,1.0,1.2068968011062235,0.27884753508722065,0.5703607914333484,1.2068968011062235,3,0.010934618158315377,0.011026993892975123,9.237573465974667e-05,9.237573465974819e-05
148,negative_cross_entropy,0.1,3559,15,20,1.0,1.2068968011062235,0.27884753508722065,0.5703607914333484,1.2068968011062235,4,0.02142068074207863,0.02145014315697613,2.9462414897502703e-05,2.946241489750308e-05
148,negative_cross_entropy,0.1,3559,15,20,1.0,1.2068968011062235,0.27884753508722065,0.5703607914333484,1.2068968011062235,5,0.015511014402339799,0.015487996606954435,-2.301779538536365e-05,-2.301779538536767e-05
148,negative_cross_entropy,0.1,3559,15,20,1.0,1.2068968011062235,0.27884753508722065,0.5703607914333484,1.2068968011062235,6,0.004290405205905623,0.00425921163105647,-3.1193574849153194e-05,-3.1193574849154515e-05
148,negative_cross_entropy,0.1,3559,15,20,1.0,1.2068968011062235,0.27884753508722065,0.5703607914333484,1.2068968011062235,7,0.04132557069636334,0.04117040637810365,-0.00015516431825968874,-0.0001551643182596837
149,accuracy,0.1,3559,15,20,1.0,1.2068968011062235,0.27884753508722065,0.5703607914333484,1.2068968011062235,0,0.04410714285714287,0.045999999999999985,0.0018928571428571128,0.001892857142857132
149,accuracy,0.1,3559,15,20,1.0,1.2068968011062235,0.27884753508722065,0.5703607914333484,1.2068968011062235,1,-0.019521428571428575,-0.02099999999999999,-0.001478571428571416,-0.0014785714285714215
149,accuracy,0.1,3559,15,20,1.0,1.2068968011062235,0.27884753508722065,0.5703607914333484,1.2068968011062235,2,0.046035714285714305,0.046999999999999986,0.0009642857142856814,0.0009642857142857053
149,accuracy,0.1,3559,15,20,1.0,1.2068968011062235,0.27884753508722065,0.5703607914333484,1.2068968011062235,3,-0.007473809523809522,-0.013000000000000012,-0.005526190476190489,-0.005526190476190495
149,accuracy,0.1,3559,15,20,1.0,1.2068968011062235,0.27884753508722065,0.5703607914333484,1.2068968011062235,4,-0.0013309523809523992,-0.004000000000000031,-0.002669047619047632,-0.002669047619047632
149,accuracy,0.1,3559,15,20,1.0,1.2068968011062235,0.27884753508722065,0.5703607914333484,1.2068968011062235,5,0.005159523809523813,0.0010000000000000009,-0.004159523809523812,-0.004159523809523813
149,accuracy,0.1,3559,15,20,1.0,1.2068968011062235,0.27884753508722065,0.5703607914333484,1.2068968011062235,6,0.0005976190476190462,0.0010000000000000009,0.00040238095238095473,0.0004023809523809453
149,accuracy,0.1,3559,15,20,1.0,1.2068968011062235,0.27884753508722065,0.5703607914333484,1.2068968011062235,7,0.018426190476190454,0.00599999999999995,-0.012426190476190504,-0.012426190476190502
150,negative_brier,0.5,3109,0,20,0.0625,1.5685300653873264,0.37537968938184446,1.1926157193892524,0.0980331290867079,0,0.0012212683034078847,0.0012211696528851013,-9.865052278345242e-08,-9.865052278309103e-08
150,negative_brier,0.5,3109,0,20,0.0625,1.5685300653873264,0.37537968938184446,1.1926157193892524,0.0980331290867079,1,0.0016478281313262524,0.0016477167178724494,-1.1141345380299983e-07,-1.1141345380280161e-07
150,negative_brier,0.5,3109,0,20,0.0625,1.5685300653873264,0.37537968938184446,1.1926157193892524,0.0980331290867079,2,0.002523789203627298,0.0025236896921838614,-9.951144343657917e-08,-9.951144343954886e-08
150,negative_brier,0.5,3109,0,20,0.0625,1.5685300653873264,0.37537968938184446,1.1926157193892524,0.0980331290867079,3,0.0005565571656804309,0.0005564974905108433,-5.967516958761774e-08,-5.96751695874391e-08
150,negative_brier,0.5,3109,0,20,0.0625,1.5685300653873264,0.37537968938184446,1.1926157193892524,0.0980331290867079,4,0.0009877670459402836,0.0009877126091952793,-5.443674500429409e-08,-5.4436745004176376e-08
150,negative_brier,0.5,3109,0,20,0.0625,1.5685300653873264,0.37537968938184446,1.1926157193892524,0.0980331290867079,5,0.0029826634259968797,0.002982545041661455,-1.183843354245033e-07,-1.1838433542685346e-07
150,negative_brier,0.5,3109,0,20,0.0625,1.5685300653873264,0.37537968938184446,1.1926157193892524,0.0980331290867079,6,0.002034851517870241,0.002034727366297173,-1.24151573067683e-07,-1.241515730706527e-07
150,negative_brier,0.5,3109,0,20,0.0625,1.5685300653873264,0.37537968938184446,1.1926157193892524,0.0980331290867079,7,0.0015245718235962354,0.0015244349466452811,-1.3687695095431808e-07,-1.3687695095436557e-07
151,negative_cross_entropy,0.5,3109,0,20,0.0625,1.5685300653873264,0.37537968938184446,1.1926157193892524,0.0980331290867079,0,0.007433067170707334,0.0074317771732888005,-1.2899974185338545e-06,-1.2899974185346225e-06
151,negative_cross_entropy,0.5,3109,0,20,0.0625,1.5685300653873264,0.37537968938184446,1.1926157193892524,0.0980331290867079,1,0.009773243781718793,0.009771768712013129,-1.4750697056638978e-06,-1.4750697056671526e-06
151,negative_cross_entropy,0.5,3109,0,20,0.0625,1.5685300653873264,0.37537968938184446,1.1926157193892524,0.0980331290867079,2,0.012822172532552089,0.012820502245081578,-1.670287470511428e-06,-1.670287470514765e-06
151,negative_cross_entropy,0.5,3109,0,20,0.0625,1.5685300653873264,0.37537968938184446,1.1926157193892524,0.0980331290867079,3,0.003014946481276148,0.0030142811114428625,-6.653698332854778e-07,-6.653698332837969e-07
151,negative_cross_entropy,0.5,3109,0,20,0.0625,1.5685300653873264,0.37537968938184446,1.1926157193892524,0.0980331290867079,4,0.005716378631644224,0.0057152085980469725,-1.1700335972517073e-06,-1.170033597253623e-06
151,negative_cross_entropy,0.5,3109,0,20,0.0625,1.5685300653873264,0.37537968938184446,1.1926157193892524,0.0980331290867079,5,0.017689447963181934,0.017687712638498665,-1.7353246832690905e-06,-1.73532468326235e-06
151,negative_cross_entropy,0.5,3109,0,20,0.0625,1.5685300653873264,0.37537968938184446,1.1926157193892524,0.0980331290867079,6,0.01077002424834217,0.010768424045152214,-1.6002031899553515e-06,-1.6002031899569376e-06
151,negative_cross_entropy,0.5,3109,0,20,0.0625,1.5685300653873264,0.37537968938184446,1.1926157193892524,0.0980331290867079,7,0.0084552404248222,0.008453839813031827,-1.4006117903721943e-06,-1.400611790374524e-06
152,accuracy,0.5,3109,0,20,0.0625,1.5685300653873264,0.37537968938184446,1.1926157193892524,0.0980331290867079,0,0.0007333333333333342,0.0010000000000000009,0.0002666666666666667,0.0002666666666666659
152,accuracy,0.5,3109,0,20,0.0625,1.5685300653873264,0.37537968938184446,1.1926157193892524,0.0980331290867079,1,0.0015380952380952399,0.0030000000000000027,0.0014619047619047628,0.0014619047619047626
152,accuracy,0.5,3109,0,20,0.0625,1.5685300653873264,0.37537968938184446,1.1926157193892524,0.0980331290867079,2,0.0015666666666666676,0.0030000000000000027,0.001433333333333335,0.001433333333333334
152,accuracy,0.5,3109,0,20,0.0625,1.5685300653873264,0.37537968938184446,1.1926157193892524,0.0980331290867079,3,0.0005857142857142864,0.0020000000000000018,0.0014142857142857154,0.001414285714285714
152,accuracy,0.5,3109,0,20,0.0625,1.5685300653873264,0.37537968938184446,1.1926157193892524,0.0980331290867079,4,0.0009190476190476199,0.0020000000000000018,0.0010809523809523819,0.0010809523809523812
152,accuracy,0.5,3109,0,20,0.0625,1.5685300653873264,0.37537968938184446,1.1926157193892524,0.0980331290867079,5,0.0005000000000000011,0.0020000000000000018,0.0015000000000000007,0.001500000000000001
152,accuracy,0.5,3109,0,20,0.0625,1.5685300653873264,0.37537968938184446,1.1926157193892524,0.0980331290867079,6,0.001471428571428574,0.0020000000000000018,0.0005285714285714277,0.0005285714285714285
152,accuracy,0.5,3109,0,20,0.0625,1.5685300653873264,0.37537968938184446,1.1926157193892524,0.0980331290867079,7,0.0006857142857142871,0.0020000000000000018,0.0013142857142857147,0.001314285714285714
153,negative_brier,0.5,3109,0,20,0.125,1.5685300653873264,0.37537968938184446,1.1926157193892524,0.1960662581734158,0,0.00250248004916757,0.0025013710646209497,-1.1089845466201106e-06,-1.108984546619162e-06
153,negative_brier,0.5,3109,0,20,0.125,1.5685300653873264,0.37537968938184446,1.1926157193892524,0.1960662581734158,1,0.003371295146621802,0.003370071319729606,-1.2238268921956237e-06,-1.2238268921944633e-06
153,negative_brier,0.5,3109,0,20,0.125,1.5685300653873264,0.37537968938184446,1.1926157193892524,0.1960662581734158,2,0.005181334538448515,0.005180129226439623,-1.2053120088924632e-06,-1.2053120088920255e-06
153,negative_brier,0.5,3109,0,20,0.125,1.5685300653873264,0.37537968938184446,1.1926157193892524,0.1960662581734158,3,0.0011297111985201366,0.0011290814119681025,-6.297865520340454e-07,-6.297865520343573e-07
153,negative_brier,0.5,3109,0,20,0.125,1.5685300653873264,0.37537968938184446,1.1926157193892524,0.1960662581734158,4,0.0020201902500898905,0.0020194781402610995,-7.121098287909619e-07,-7.121098287901771e-07
153,negative_brier,0.5,3109,0,20,0.125,1.5685300653873264,0.37537968938184446,1.1926157193892524,0.1960662581734158,5,0.006057839527050966,0.0060566214061165136,-1.2181209344524352e-06,-1.2181209344519225e-06
153,negative_brier,0.5,3109,0,20,0.125,1.5685300653873264,0.37537968938184446,1.1926157193892524,0.1960662581734158,6,0.004166605687147394,0.004165186133088139,-1.4195540592549724e-06,-1.4195540592577236e-06
153,negative_brier,0.5,3109,0,20,0.125,1.5685300653873264,0.37537968938184446,1.1926157193892524,0.1960662581734158,7,0.0031100183348149735,0.0031086192756896724,-1.3990591253010276e-06,-1.3990591253011597e-06
154,negative_cross_entropy,0.5,3109,0,20,0.125,1.5685300653873264,0.37537968938184446,1.1926157193892524,0.1960662581734158,0,0.014753642464045494,0.014743282570400584,-1.0359893644909524e-05,-1.0359893644908334e-05
154,negative_cross_entropy,0.5,3109,0,20,0.125,1.5685300653873264,0.37537968938184446,1.1926157193892524,0.1960662581734158,1,0.01941146433368053,0.019399693135829787,-1.1771197850743431e-05,-1.177119785073272e-05
154,negative_cross_entropy,0.5,3109,0,20,0.125,1.5685300653873264,0.37537968938184446,1.1926157193892524,0.1960662581734158,2,0.025519415481269896,0.025506004502484858,-1.3410978785037553e-05,-1.3410978785031275e-05
154,negative_cross_entropy,0.5,3109,0,20,0.125,1.5685300653873264,0.37537968938184446,1.1926157193892524,0.1960662581734158,3,0.005974238664804639,0.00596893222145356,-5.306443351079e-06,-5.3064433510792915e-06
154,negative_cross_entropy,0.5,3109,0,20,0.125,1.5685300653873264,0.37537968938184446,1.1926157193892524,0.1960662581734158,4,0.011358479349993626,0.011349037718120458,-9.441631873167294e-06,-9.441631873166995e-06
154,negative_cross_entropy,0.5,3109,0,20,0.125,1.5685300653873264,0.37537968938184446,1.1926157193892524,0.1960662581734158,5,0.03514758081207902,0.03513383680554649,-1.3744006532527553e-05,-1.3744006532529735e-05
154,negative_cross_entropy,0.5,3109,0,20,0.125,1.5685300653873264,0.37537968938184446,1.1926157193892524,0.1960662581734158,6,0.021385116529676635,0.021372300265573907,-1.2816264102728098e-05,-1.2816264102724496e-05
154,negative_cross_entropy,0.5,3109,0,20,0.125,1.5685300653873264,0.37537968938184446,1.1926157193892524,0.1960662581734158,7,0.016781192302659707,0.016770025650783893,-1.1166651875813699e-05,-1.116665187580468e-05
155,accuracy,0.5,3109,0,20,0.125,1.5685300653873264,0.37537968938184446,1.1926157193892524,0.1960662581734158,0,0.0016428571428571447,0.0030000000000000027,0.001357142857142858,0.0013571428571428536
155,accuracy,0.5,3109,0,20,0.125,1.5685300653873264,0.37537968938184446,1.1926157193892524,0.1960662581734158,1,0.002376190476190479,0.0040000000000000036,0.0016238095238095248,0.0016238095238095222
155,accuracy,0.5,3109,0,20,0.125,1.5685300653873264,0.37537968938184446,1.1926157193892524,0.1960662581734158,2,0.004757142857142854,0.003999999999999997,-0.0007571428571428573,-0.0007571428571428642
155,accuracy,0.5,3109,0,20,0.125,1.5685300653873264,0.37537968938184446,1.1926157193892524,0.1960662581734158,3,0.0008571428571428575,0.0020000000000000018,0.0011428571428571442,0.0011428571428571416
155,accuracy,0.5,3109,0,20,0.125,1.5685300653873264,0.37537968938184446,1.1926157193892524,0.1960662581734158,4,0.002419047619047621,0.0040000000000000036,0.0015809523809523825,0.001580952380952379
155,accuracy,0.5,3109,0,20,0.125,1.5685300653873264,0.37537968938184446,1.1926157193892524,0.1960662581734158,5,0.0014047619047619043,0.0020000000000000018,0.0005952380952380975,0.0005952380952380949
155,accuracy,0.5,3109,0,20,0.125,1.5685300653873264,0.37537968938184446,1.1926157193892524,0.1960662581734158,6,0.0045333333333333285,0.005999999999999998,0.00146666666666667,0.001466666666666663
155,accuracy,0.5,3109,0,20,0.125,1.5685300653873264,0.37537968938184446,1.1926157193892524,0.1960662581734158,7,0.002009523809523811,0.0030000000000000027,0.0009904761904761918,0.0009904761904761892
156,negative_brier,0.5,3109,0,20,0.25,1.5685300653873264,0.37537968938184446,1.1926157193892524,0.3921325163468316,0,0.005230560896405675,0.005215800315836405,-1.476058056926969e-05,-1.4760580569268492e-05
156,negative_brier,0.5,3109,0,20,0.25,1.5685300653873264,0.37537968938184446,1.1926157193892524,0.3921325163468316,1,0.007030075510052835,0.007014272192345905,-1.5803317706930206e-05,-1.5803317706929505e-05
156,negative_brier,0.5,3109,0,20,0.25,1.5685300653873264,0.37537968938184446,1.1926157193892524,0.3921325163468316,2,0.010880553611879652,0.01086346205871802,-1.7091553161631412e-05,-1.709155316163162e-05
156,negative_brier,0.5,3109,0,20,0.25,1.5685300653873264,0.37537968938184446,1.1926157193892524,0.3921325163468316,3,0.002317979252593171,0.0023102183146732624,-7.760937919908725e-06,-7.760937919908974e-06
156,negative_brier,0.5,3109,0,20,0.25,1.5685300653873264,0.37537968938184446,1.1926157193892524,0.3921325163468316,4,0.004209357421686278,0.004198512337837912,-1.0845083848366396e-05,-1.0845083848364824e-05
156,negative_brier,0.5,3109,0,20,0.25,1.5685300653873264,0.37537968938184446,1.1926157193892524,0.3921325163468316,5,0.012472998973405964,0.012458344410081035,-1.4654563324929468e-05,-1.465456332492922e-05
156,negative_brier,0.5,3109,0,20,0.25,1.5685300653873264,0.37537968938184446,1.1926157193892524,0.3921325163468316,6,0.008698576252870828,0.008679509276418973,-1.906697645185501e-05,-1.906697645185812e-05
156,negative_brier,0.5,3109,0,20,0.25,1.5685300653873264,0.37537968938184446,1.1926157193892524,0.3921325163468316,7,0.006445629360085553,0.006428913293225258,-1.671606686029503e-05,-1.6716066860294767e-05
157,negative_cross_entropy,0.5,3109,0,20,0.25,1.5685300653873264,0.37537968938184446,1.1926157193892524,0.3921325163468316,0,0.02894037565305256,0.028857850542320262,-8.252511073229829e-05,-8.252511073230265e-05
157,negative_cross_entropy,0.5,3109,0,20,0.25,1.5685300653873264,0.37537968938184446,1.1926157193892524,0.3921325163468316,1,0.0381482612265411,0.038055779853177096,-9.24813733640048e-05,-9.248137336402948e-05
157,negative_cross_entropy,0.5,3109,0,20,0.25,1.5685300653873264,0.37537968938184446,1.1926157193892524,0.3921325163468316,2,0.05034751294687205,0.05024094028608839,-0.00010657266078366312,-0.00010657266078367803
157,negative_cross_entropy,0.5,3109,0,20,0.25,1.5685300653873264,0.37537968938184446,1.1926157193892524,0.3921325163468316,3,0.011676801268021342,0.011635201951455398,-4.15993165659434e-05,-4.159931656594762e-05
157,negative_cross_entropy,0.5,3109,0,20,0.25,1.5685300653873264,0.37537968938184446,1.1926157193892524,0.3921325163468316,4,0.0223170555259395,0.022241183146908927,-7.587237903057195e-05,-7.587237903057634e-05
157,negative_cross_entropy,0.5,3109,0,20,0.25,1.5685300653873264,0.37537968938184446,1.1926157193892524,0.3921325163468316,5,0.06913879388853715,0.069032565328212,-0.00010622856032514727,-0.00010622856032513944
157,negative_cross_entropy,0.5,3109,0,20,0.25,1.5685300653873264,0.37537968938184446,1.1926157193892524,0.3921325163468316,6,0.04198744883164987,0.04188620458946368,-0.0001012442421861881,-0.00010124424218619046
157,negative_cross_entropy,0.5,3109,0,20,0.25,1.5685300653873264,0.37537968938184446,1.1926157193892524,0.3921325163468316,7,0.032921002648822785,0.03283348675131226,-8.751589751052752e-05,-8.751589751053938e-05
158,accuracy,0.5,3109,0,20,0.25,1.5685300653873264,0.37537968938184446,1.1926157193892524,0.3921325163468316,0,0.009633333333333332,0.007999999999999993,-0.001633333333333339,-0.0016333333333333477
158,accuracy,0.5,3109,0,20,0.25,1.5685300653873264,0.37537968938184446,1.1926157193892524,0.3921325163468316,1,0.01104285714285713,0.011999999999999997,0.0009571428571428665,0.000957142857142837
158,accuracy,0.5,3109,0,20,0.25,1.5685300653873264,0.37537968938184446,1.1926157193892524,0.3921325163468316,2,0.018314285714285714,0.017,-0.0013142857142857123,-0.0013142857142857262
158,accuracy,0.5,3109,0,20,0.25,1.5685300653873264,0.37537968938184446,1.1926157193892524,0.3921325163468316,3,0.003438095238095235,0.0020000000000000018,-0.0014380952380952331,-0.0014380952380952591
158,accuracy,0.5,3109,0,20,0.25,1.5685300653873264,0.37537968938184446,1.1926157193892524,0.3921325163468316,4,0.008599999999999998,0.009999999999999995,0.0013999999999999967,0.0013999999999999777
158,accuracy,0.5,3109,0,20,0.25,1.5685300653873264,0.37537968938184446,1.1926157193892524,0.3921325163468316,5,0.009842857142857141,0.009999999999999995,0.00015714285714285396,0.00015714285714283488
158,accuracy,0.5,3109,0,20,0.25,1.5685300653873264,0.37537968938184446,1.1926157193892524,0.3921325163468316,6,0.01705714285714286,0.018000000000000002,0.0009428571428571411,0.0009428571428571272
158,accuracy,0.5,3109,0,20,0.25,1.5685300653873264,0.37537968938184446,1.1926157193892524,0.3921325163468316,7,0.012071428571428575,0.013999999999999999,0.0019285714285714236,0.0019285714285714115
159,negative_brier,0.5,3109,0,20,0.5,1.5685300653873264,0.37537968938184446,1.1926157193892524,0.7842650326936632,0,0.011124116110571352,0.010905694394685306,-0.00021842171588604652,-0.00021842171588605186
159,negative_brier,0.5,3109,0,20,0.5,1.5685300653873264,0.37537968938184446,1.1926157193892524,0.7842650326936632,1,0.01496249663070519,0.014736826495451771,-0.00022567013525341857,-0.000225670135253418
159,negative_brier,0.5,3109,0,20,0.5,1.5685300653873264,0.37537968938184446,1.1926157193892524,0.7842650326936632,2,0.02348917596507744,0.023225762278617335,-0.0002634136864601046,-0.0002634136864601209
159,negative_brier,0.5,3109,0,20,0.5,1.5685300653873264,0.37537968938184446,1.1926157193892524,0.7842650326936632,3,0.004759412499309764,0.004653545682319793,-0.00010586681698997093,-0.00010586681698996661
159,negative_brier,0.5,3109,0,20,0.5,1.5685300653873264,0.37537968938184446,1.1926157193892524,0.7842650326936632,4,0.008905779828660487,0.008728795175870385,-0.0001769846527901013,-0.0001769846527901033
159,negative_brier,0.5,3109,0,20,0.5,1.5685300653873264,0.37537968938184446,1.1926157193892524,0.7842650326936632,5,0.026140944495957805,0.0259442394140445,-0.0001967050819133044,-0.00019670508191331276
159,negative_brier,0.5,3109,0,20,0.5,1.5685300653873264,0.37537968938184446,1.1926157193892524,0.7842650326936632,6,0.01849271568795972,0.018212285069130252,-0.0002804306188294685,-0.0002804306188294839
159,negative_brier,0.5,3109,0,20,0.5,1.5685300653873264,0.37537968938184446,1.1926157193892524,0.7842650326936632,7,0.013533906072645326,0.013308688644503075,-0.0002252174281422506,-0.00022521742814225025
160,negative_cross_entropy,0.5,3109,0,20,0.5,1.5685300653873264,0.37537968938184446,1.1926157193892524,0.7842650326936632,0,0.05470335340709379,0.05409082013423583,-0.0006125332728579638,-0.0006125332728579516
160,negative_cross_entropy,0.5,3109,0,20,0.5,1.5685300653873264,0.37537968938184446,1.1926157193892524,0.7842650326936632,1,0.0725792603038477,0.07191402223412768,-0.00066523806972002,-0.0006652380697200333
160,negative_cross_entropy,0.5,3109,0,20,0.5,1.5685300653873264,0.37537968938184446,1.1926157193892524,0.7842650326936632,2,0.09641898863948391,0.09563899630815254,-0.0007799923313313722,-0.0007799923313314301
160,negative_cross_entropy,0.5,3109,0,20,0.5,1.5685300653873264,0.37537968938184446,1.1926157193892524,0.7842650326936632,3,0.021901955280385892,0.02160569530149714,-0.0002962599788887514,-0.0002962599788887474
160,negative_cross_entropy,0.5,3109,0,20,0.5,1.5685300653873264,0.37537968938184446,1.1926157193892524,0.7842650326936632,4,0.042220749485756756,0.041650041642644964,-0.0005707078431117923,-0.0005707078431117931
160,negative_cross_entropy,0.5,3109,0,20,0.5,1.5685300653873264,0.37537968938184446,1.1926157193892524,0.7842650326936632,5,0.13188692435557786,0.13115321559423854,-0.0007337087613393245,-0.0007337087613393018
160,negative_cross_entropy,0.5,3109,0,20,0.5,1.5685300653873264,0.37537968938184446,1.1926157193892524,0.7842650326936632,6,0.07960088547923042,0.07887227271540387,-0.0007286127638265472,-0.0007286127638265328
160,negative_cross_entropy,0.5,3109,0,20,0.5,1.5685300653873264,0.37537968938184446,1.1926157193892524,0.7842650326936632,7,0.06234321501111978,0.06171888730611186,-0.000624327705007921,-0.0006243277050079667
161,accuracy,0.5,3109,0,20,0.5,1.5685300653873264,0.37537968938184446,1.1926157193892524,0.7842650326936632,0,0.024542857142857148,0.013999999999999999,-0.010542857142857149,-0.010542857142857194
161,accuracy,0.5,3109,0,20,0.5,1.5685300653873264,0.37537968938184446,1.1926157193892524,0.7842650326936632,1,0.02729523809523812,0.019000000000000003,-0.008295238095238116,-0.008295238095238154
161,accuracy,0.5,3109,0,20,0.5,1.5685300653873264,0.37537968938184446,1.1926157193892524,0.7842650326936632,2,0.05997619047619046,0.04499999999999999,-0.01497619047619047,-0.014976190476190553
161,accuracy,0.5,3109,0,20,0.5,1.5685300653873264,0.37537968938184446,1.1926157193892524,0.7842650326936632,3,0.0096952380952381,0.0049999999999999906,-0.00469523809523811,-0.004695238095238169
161,accuracy,0.5,3109,0,20,0.5,1.5685300653873264,0.37537968938184446,1.1926157193892524,0.7842650326936632,4,0.016899999999999995,0.0059999999999999915,-0.010900000000000003,-0.010900000000000049
161,accuracy,0.5,3109,0,20,0.5,1.5685300653873264,0.37537968938184446,1.1926157193892524,0.7842650326936632,5,0.037971428571428545,0.03500000000000001,-0.0029714285714285346,-0.002971428571428611
161,accuracy,0.5,3109,0,20,0.5,1.5685300653873264,0.37537968938184446,1.1926157193892524,0.7842650326936632,6,0.03997142857142856,0.022000000000000006,-0.017971428571428555,-0.017971428571428638
161,accuracy,0.5,3109,0,20,0.5,1.5685300653873264,0.37537968938184446,1.1926157193892524,0.7842650326936632,7,0.03364761904761904,0.021000000000000005,-0.012647619047619033,-0.012647619047619116
162,negative_brier,0.5,3109,0,20,1.0,1.5685300653873264,0.37537968938184446,1.1926157193892524,1.5685300653873264,0,0.021668973593323346,0.019485895188918745,-0.0021830784044046016,-0.0021830784044046037
162,negative_brier,0.5,3109,0,20,1.0,1.5685300653873264,0.37537968938184446,1.1926157193892524,1.5685300653873264,1,0.030273500771565015,0.02808183103401468,-0.0021916697375503336,-0.002191669737550339
162,negative_brier,0.5,3109,0,20,1.0,1.5685300653873264,0.37537968938184446,1.1926157193892524,1.5685300653873264,2,0.048528350181604146,0.04580948221716252,-0.0027188679644416236,-0.0027188679644416197
162,negative_brier,0.5,3109,0,20,1.0,1.5685300653873264,0.37537968938184446,1.1926157193892524,1.5685300653873264,3,0.008719014310423222,0.0077267765629266405,-0.000992237747496582,-0.0009922377474965854
162,negative_brier,0.5,3109,0,20,1.0,1.5685300653873264,0.37537968938184446,1.1926157193892524,1.5685300653873264,4,0.016945459937622958,0.015024158118408126,-0.0019213018192148316,-0.0019213018192148327
162,negative_brier,0.5,3109,0,20,1.0,1.5685300653873264,0.37537968938184446,1.1926157193892524,1.5685300653873264,5,0.05340465808523725,0.051624212500855304,-0.0017804455843819442,-0.0017804455843819056
162,negative_brier,0.5,3109,0,20,1.0,1.5685300653873264,0.37537968938184446,1.1926157193892524,1.5685300653873264,6,0.03656508904543696,0.03386872026737209,-0.002696368778064874,-0.0026963687780648727
162,negative_brier,0.5,3109,0,20,1.0,1.5685300653873264,0.37537968938184446,1.1926157193892524,1.5685300653873264,7,0.026451354581809562,0.02436243052008663,-0.0020889240617229313,-0.002088924061722937
163,negative_cross_entropy,0.5,3109,0,20,1.0,1.5685300653873264,0.37537968938184446,1.1926157193892524,1.5685300653873264,0,0.09131178990356793,0.08857724337476036,-0.0027345465288075715,-0.0027345465288075754
163,negative_cross_entropy,0.5,3109,0,20,1.0,1.5685300653873264,0.37537968938184446,1.1926157193892524,1.5685300653873264,1,0.1246085602307297,0.12186057722249055,-0.002747983008239155,-0.0027479830082391137
163,negative_cross_entropy,0.5,3109,0,20,1.0,1.5685300653873264,0.37537968938184446,1.1926157193892524,1.5685300653873264,2,0.16639295597026857,0.1632496707843447,-0.0031432851859238553,-0.0031432851859237478
163,negative_cross_entropy,0.5,3109,0,20,1.0,1.5685300653873264,0.37537968938184446,1.1926157193892524,1.5685300653873264,3,0.03616889648648585,0.03501664788378567,-0.001152248602700183,-0.0011522486027001656
163,negative_cross_entropy,0.5,3109,0,20,1.0,1.5685300653873264,0.37537968938184446,1.1926157193892524,1.5685300653873264,4,0.0698947376934406,0.0673005171407749,-0.002594220552665699,-0.0025942205526657174
163,negative_cross_entropy,0.5,3109,0,20,1.0,1.5685300653873264,0.37537968938184446,1.1926157193892524,1.5685300653873264,5,0.22752257294840153,0.2250597994042931,-0.0024627735441084264,-0.002462773544108506
163,negative_cross_entropy,0.5,3109,0,20,1.0,1.5685300653873264,0.37537968938184446,1.1926157193892524,1.5685300653873264,6,0.13489154019487667,0.13215417153899622,-0.002737368655880451,-0.0027373686558803977
163,negative_cross_entropy,0.5,3109,0,20,1.0,1.5685300653873264,0.37537968938184446,1.1926157193892524,1.5685300653873264,7,0.10567393102239353,0.10323379046086256,-0.002440140561530968,-0.0024401405615309584
164,accuracy,0.5,3109,0,20,1.0,1.5685300653873264,0.37537968938184446,1.1926157193892524,1.5685300653873264,0,0.028330952380952384,0.009000000000000001,-0.019330952380952383,-0.019330952380952404
164,accuracy,0.5,3109,0,20,1.0,1.5685300653873264,0.37537968938184446,1.1926157193892524,1.5685300653873264,1,0.042373809523809536,0.02100000000000001,-0.021373809523809524,-0.021373809523809562
164,accuracy,0.5,3109,0,20,1.0,1.5685300653873264,0.37537968938184446,1.1926157193892524,1.5685300653873264,2,0.09683095238095242,0.07800000000000004,-0.01883095238095238,-0.018830952380952403
164,accuracy,0.5,3109,0,20,1.0,1.5685300653873264,0.37537968938184446,1.1926157193892524,1.5685300653873264,3,0.013330952380952388,0.006000000000000005,-0.0073309523809523824,-0.0073309523809524
164,accuracy,0.5,3109,0,20,1.0,1.5685300653873264,0.37537968938184446,1.1926157193892524,1.5685300653873264,4,0.021340476190476226,0.012000000000000004,-0.009340476190476222,-0.009340476190476222
164,accuracy,0.5,3109,0,20,1.0,1.5685300653873264,0.37537968938184446,1.1926157193892524,1.5685300653873264,5,0.0993166666666667,0.091,-0.008316666666666708,-0.008316666666666698
164,accuracy,0.5,3109,0,20,1.0,1.5685300653873264,0.37537968938184446,1.1926157193892524,1.5685300653873264,6,0.061216666666666725,0.036000000000000004,-0.02521666666666672,-0.025216666666666717
164,accuracy,0.5,3109,0,20,1.0,1.5685300653873264,0.37537968938184446,1.1926157193892524,1.5685300653873264,7,0.04525952380952385,0.016000000000000007,-0.02925952380952384,-0.029259523809523843
165,negative_brier,0.5,3109,15,20,0.0625,1.102447228834547,0.2725003489730861,0.7201528306013258,0.06890295180215919,0,0.0005570468195475763,0.0005570921061342493,4.528658667296223e-08,4.528658667275159e-08
165,negative_brier,0.5,3109,15,20,0.0625,1.102447228834547,0.2725003489730861,0.7201528306013258,0.06890295180215919,1,0.001072881370540354,0.0010728939289375572,1.255839720323143e-08,1.2558397203636208e-08
165,negative_brier,0.5,3109,15,20,0.0625,1.102447228834547,0.2725003489730861,0.7201528306013258,0.06890295180215919,2,0.0014880794706176527,0.0014881567327620915,7.726214443877152e-08,7.726214443913914e-08
165,negative_brier,0.5,3109,15,20,0.0625,1.102447228834547,0.2725003489730861,0.7201528306013258,0.06890295180215919,3,0.00024213716071968915,0.00024214464079908016,7.480079391010506e-09,7.480079391071944e-09
165,negative_brier,0.5,3109,15,20,0.0625,1.102447228834547,0.2725003489730861,0.7201528306013258,0.06890295180215919,4,0.0003991670848149296,0.0003992104449884737,4.336017354406507e-08,4.336017354399951e-08
165,negative_brier,0.5,3109,15,20,0.0625,1.102447228834547,0.2725003489730861,0.7201528306013258,0.06890295180215919,5,0.0018817418204661992,0.001881863497296521,1.2167683032166844e-07,1.2167683032222812e-07
165,negative_brier,0.5,3109,15,20,0.0625,1.102447228834547,0.2725003489730861,0.7201528306013258,0.06890295180215919,6,0.0010763748072168571,0.0010764325696721588,5.776245530172454e-08,5.7762455302465904e-08
165,negative_brier,0.5,3109,15,20,0.0625,1.102447228834547,0.2725003489730861,0.7201528306013258,0.06890295180215919,7,0.0008070674266798606,0.0008071176866777385,5.02599978779647e-08,5.0259997877840783e-08
166,negative_cross_entropy,0.5,3109,15,20,0.0625,1.102447228834547,0.2725003489730861,0.7201528306013258,0.06890295180215919,0,0.001723092501696761,0.0017231307399210305,3.823822426946878e-08,3.823822426949975e-08
166,negative_cross_entropy,0.5,3109,15,20,0.0625,1.102447228834547,0.2725003489730861,0.7201528306013258,0.06890295180215919,1,0.003091035427260911,0.0030910353229895993,-1.0427131163712189e-10,-1.0427131169082062e-10
166,negative_cross_entropy,0.5,3109,15,20,0.0625,1.102447228834547,0.2725003489730861,0.7201528306013258,0.06890295180215919,2,0.003558485616991174,0.0035585647769165174,7.915992534341873e-08,7.915992534590105e-08
166,negative_cross_entropy,0.5,3109,15,20,0.0625,1.102447228834547,0.2725003489730861,0.7201528306013258,0.06890295180215919,3,0.0008044720939982139,0.0008044870803951554,1.4986396941452616e-08,1.498639694140822e-08
166,negative_cross_entropy,0.5,3109,15,20,0.0625,1.102447228834547,0.2725003489730861,0.7201528306013258,0.06890295180215919,4,0.0013254275225647115,0.0013254719445314755,4.442196676409001e-08,4.442196676374925e-08
166,negative_cross_entropy,0.5,3109,15,20,0.0625,1.102447228834547,0.2725003489730861,0.7201528306013258,0.06890295180215919,5,0.005775903917419241,0.005775991852255302,8.793483606116953e-08,8.793483606035177e-08
166,negative_cross_entropy,0.5,3109,15,20,0.0625,1.102447228834547,0.2725003489730861,0.7201528306013258,0.06890295180215919,6,0.002982680982455089,0.0029827283080487987,4.7325593709526825e-08,4.732559371003897e-08
166,negative_cross_entropy,0.5,3109,15,20,0.0625,1.102447228834547,0.2725003489730861,0.7201528306013258,0.06890295180215919,7,0.0023177656089977427,0.002317809917614655,4.430861691223295e-08,4.430861691360833e-08
167,accuracy,0.5,3109,15,20,0.0625,1.102447228834547,0.2725003489730861,0.7201528306013258,0.06890295180215919,0,-0.0014261904761904765,-0.0020000000000000018,-0.0005738095238095253,-0.0005738095238095207
167,accuracy,0.5,3109,15,20,0.0625,1.102447228834547,0.2725003489730861,0.7201528306013258,0.06890295180215919,1,0.0013071428571428578,0.0010000000000000009,-0.00030714285714285696,-0.00030714285714285566
167,accuracy,0.5,3109,15,20,0.0625,1.102447228834547,0.2725003489730861,0.7201528306013258,0.06890295180215919,2,0.0013500000000000005,0.0,-0.0013500000000000005,-0.0013499999999999996
167,accuracy,0.5,3109,15,20,0.0625,1.102447228834547,0.2725003489730861,0.7201528306013258,0.06890295180215919,3,0.0002642857142857143,0.0,-0.0002642857142857143,-0.0002642857142857117
167,accuracy,0.5,3109,15,20,0.0625,1.102447228834547,0.2725003489730861,0.7201528306013258,0.06890295180215919,4,0.0003166666666666669,0.0,-0.0003166666666666669,-0.00031666666666666215
167,accuracy,0.5,3109,15,20,0.0625,1.102447228834547,0.2725003489730861,0.7201528306013258,0.06890295180215919,5,0.00500714285714286,0.0050000000000000044,-7.142857142855737e-06,-7.1428571428531346e-06
167,accuracy,0.5,3109,15,20,0.0625,1.102447228834547,0.2725003489730861,0.7201528306013258,0.06890295180215919,6,0.0009928571428571439,0.0,-0.0009928571428571439,-0.0009928571428571417
167,accuracy,0.5,3109,15,20,0.0625,1.102447228834547,0.2725003489730861,0.7201528306013258,0.06890295180215919,7,0.00018809523809523764,-0.0010000000000000009,-0.0011880952380952385,-0.0011880952380952338
168,negative_brier,0.5,3109,15,20,0.125,1.102447228834547,0.2725003489730861,0.7201528306013258,0.13780590360431838,0,0.0011082342070281184,0.0011086013295282249,3.671225001064451e-07,3.6712250010548915e-07
168,negative_brier,0.5,3109,15,20,0.125,1.102447228834547,0.2725003489730861,0.7201528306013258,0.13780590360431838,1,0.002151768635060936,0.002151868001932733,9.936687179676329e-08,9.936687179547466e-08
168,negative_brier,0.5,3109,15,20,0.125,1.102447228834547,0.2725003489730861,0.7201528306013258,0.13780590360431838,2,0.00296972759920473,0.0029703502186262387,6.226194215089124e-07,6.226194215085203e-07
168,negative_brier,0.5,3109,15,20,0.125,1.102447228834547,0.2725003489730861,0.7201528306013258,0.13780590360431838,3,0.00048143301837834786,0.00048149721352142016,6.419514307230614e-08,6.419514307208825e-08
168,negative_brier,0.5,3109,15,20,0.125,1.102447228834547,0.2725003489730861,0.7201528306013258,0.13780590360431838,4,0.0007887007381499121,0.0007890574164587383,3.566783088261756e-07,3.5667830882699775e-07
168,negative_brier,0.5,3109,15,20,0.125,1.102447228834547,0.2725003489730861,0.7201528306013258,0.13780590360431838,5,0.0037676228837093956,0.003768597359785353,9.744760759572424e-07,9.744760759567134e-07
168,negative_brier,0.5,3109,15,20,0.125,1.102447228834547,0.2725003489730861,0.7201528306013258,0.13780590360431838,6,0.0021463124602197755,0.0021467826168086734,4.7015658889790896e-07,4.7015658889783473e-07
168,negative_brier,0.5,3109,15,20,0.125,1.102447228834547,0.2725003489730861,0.7201528306013258,0.13780590360431838,7,0.0016123177843990043,0.001612730709435073,4.1292503606855935e-07,4.129250360676179e-07
169,negative_cross_entropy,0.5,3109,15,20,0.125,1.102447228834547,0.2725003489730861,0.7201528306013258,0.13780590360431838,0,0.003408237163198206,0.003408546360504028,3.091973058218407e-07,3.091973058202838e-07
169,negative_cross_entropy,0.5,3109,15,20,0.125,1.102447228834547,0.2725003489730861,0.7201528306013258,0.13780590360431838,1,0.0061367301531368105,0.006136734579155867,4.426019056466557e-09,4.426019060778581e-09
169,negative_cross_entropy,0.5,3109,15,20,0.125,1.102447228834547,0.2725003489730861,0.7201528306013258,0.13780590360431838,2,0.007059028386451859,0.007059663933914884,6.35547463024265e-07,6.355474630290317e-07
169,negative_cross_entropy,0.5,3109,15,20,0.125,1.102447228834547,0.2725003489730861,0.7201528306013258,0.13780590360431838,3,0.0015933601634987645,0.0015934855096204625,1.2534612169805108e-07,1.2534612169746665e-07
169,negative_cross_entropy,0.5,3109,15,20,0.125,1.102447228834547,0.2725003489730861,0.7201528306013258,0.13780590360431838,4,0.002617782012632265,0.0026181442222109608,3.6220957869582265e-07,3.6220957869545097e-07
169,negative_cross_entropy,0.5,3109,15,20,0.125,1.102447228834547,0.2725003489730861,0.7201528306013258,0.13780590360431838,5,0.011445403131219986,0.011446103928542173,7.007973221867525e-07,7.007973221913786e-07
169,negative_cross_entropy,0.5,3109,15,20,0.125,1.102447228834547,0.2725003489730861,0.7201528306013258,0.13780590360431838,6,0.005923141737759892,0.005923521895017103,3.801572572110709e-07,3.801572572197694e-07
169,negative_cross_entropy,0.5,3109,15,20,0.125,1.102447228834547,0.2725003489730861,0.7201528306013258,0.13780590360431838,7,0.004603621846236508,0.004603984550189177,3.627039526690051e-07,3.6270395267318523e-07
170,accuracy,0.5,3109,15,20,0.125,1.102447228834547,0.2725003489730861,0.7201528306013258,0.13780590360431838,0,-0.0063404761904761985,-0.010000000000000009,-0.0036595238095238104,-0.0036595238095238156
170,accuracy,0.5,3109,15,20,0.125,1.102447228834547,0.2725003489730861,0.7201528306013258,0.13780590360431838,1,0.0002309523809523816,-0.0010000000000000009,-0.0012309523809523825,-0.0012309523809523864
170,accuracy,0.5,3109,15,20,0.125,1.102447228834547,0.2725003489730861,0.7201528306013258,0.13780590360431838,2,0.007311904761904768,0.0040000000000000036,-0.003311904761904764,-0.003311904761904764
170,accuracy,0.5,3109,15,20,0.125,1.102447228834547,0.2725003489730861,0.7201528306013258,0.13780590360431838,3,-0.0004976190476190471,-0.0030000000000000027,-0.0025023809523809556,-0.002502380952380952
170,accuracy,0.5,3109,15,20,0.125,1.102447228834547,0.2725003489730861,0.7201528306013258,0.13780590360431838,4,0.0031071428571428604,0.0010000000000000009,-0.0021071428571428595,-0.0021071428571428612
170,accuracy,0.5,3109,15,20,0.125,1.102447228834547,0.2725003489730861,0.7201528306013258,0.13780590360431838,5,0.016230952380952395,0.014000000000000012,-0.002230952380952382,-0.0022309523809523873
170,accuracy,0.5,3109,15,20,0.125,1.102447228834547,0.2725003489730861,0.7201528306013258,0.13780590360431838,6,0.00043571428571428754,0.0020000000000000018,0.0015642857142857142,0.0015642857142857134
170,accuracy,0.5,3109,15,20,0.125,1.102447228834547,0.2725003489730861,0.7201528306013258,0.13780590360431838,7,-0.00247857142857143,-0.0050000000000000044,-0.0025214285714285746,-0.0025214285714285755
171,negative_brier,0.5,3109,15,20,0.25,1.102447228834547,0.2725003489730861,0.7201528306013258,0.27561180720863676,0,0.0021920562377653187,0.0021950595812962326,3.003343530913905e-06,3.003343530914001e-06
171,negative_brier,0.5,3109,15,20,0.25,1.102447228834547,0.2725003489730861,0.7201528306013258,0.27561180720863676,1,0.004321889555381523,0.004322665840079565,7.762846980421262e-07,7.762846980424725e-07
171,negative_brier,0.5,3109,15,20,0.25,1.102447228834547,0.2725003489730861,0.7201528306013258,0.27561180720863676,2,0.005905148670251409,0.005910172967195315,5.02429694390627e-06,5.0242969439077245e-06
171,negative_brier,0.5,3109,15,20,0.25,1.102447228834547,0.2725003489730861,0.7201528306013258,0.27561180720863676,3,0.0009505255724929282,0.0009511090893196128,5.835168266846028e-07,5.835168266847879e-07
171,negative_brier,0.5,3109,15,20,0.25,1.102447228834547,0.2725003489730861,0.7201528306013258,0.27561180720863676,4,0.0015371879250046033,0.001540185360264179,2.9974352595758032e-06,2.997435259575426e-06
171,negative_brier,0.5,3109,15,20,0.25,1.102447228834547,0.2725003489730861,0.7201528306013258,0.27561180720863676,5,0.007536572802323965,0.007544361077148454,7.78827482448858e-06,7.788274824489596e-06
171,negative_brier,0.5,3109,15,20,0.25,1.102447228834547,0.2725003489730861,0.7201528306013258,0.27561180720863676,6,0.0042663070489484724,0.004270174771464741,3.867722516268449e-06,3.867722516269689e-06
171,negative_brier,0.5,3109,15,20,0.25,1.102447228834547,0.2725003489730861,0.7201528306013258,0.27561180720863676,7,0.0032143127483957746,0.0032177829911834155,3.4702427876408953e-06,3.470242787640516e-06
172,negative_cross_entropy,0.5,3109,15,20,0.25,1.102447228834547,0.2725003489730861,0.7201528306013258,0.27561180720863676,0,0.006664973660062115,0.006667490094023454,2.516433961339236e-06,2.516433961344399e-06
172,negative_cross_entropy,0.5,3109,15,20,0.25,1.102447228834547,0.2725003489730861,0.7201528306013258,0.27561180720863676,1,0.012085678276425526,0.012085787953248328,1.0967682280253743e-07,1.0967682279488773e-07
172,negative_cross_entropy,0.5,3109,15,20,0.25,1.102447228834547,0.2725003489730861,0.7201528306013258,0.27561180720863676,2,0.013878795891815685,0.013883884682169167,5.088790353482628e-06,5.08879035348311e-06
172,negative_cross_entropy,0.5,3109,15,20,0.25,1.102447228834547,0.2725003489730861,0.7201528306013258,0.27561180720863676,3,0.003123755193264125,0.003124840082970981,1.0848897068560862e-06,1.084889706856474e-06
172,negative_cross_entropy,0.5,3109,15,20,0.25,1.102447228834547,0.2725003489730861,0.7201528306013258,0.27561180720863676,4,0.005102261704100661,0.005105251856365678,2.990152265017025e-06,2.9901522650189178e-06
172,negative_cross_entropy,0.5,3109,15,20,0.25,1.102447228834547,0.2725003489730861,0.7201528306013258,0.27561180720863676,5,0.02244801026038605,0.02245354931447352,5.539054087469464e-06,5.539054087456382e-06
172,negative_cross_entropy,0.5,3109,15,20,0.25,1.102447228834547,0.2725003489730861,0.7201528306013258,0.27561180720863676,6,0.011676424613322838,0.01167947384758572,3.049234262881423e-06,3.0492342628807296e-06
172,negative_cross_entropy,0.5,3109,15,20,0.25,1.102447228834547,0.2725003489730861,0.7201528306013258,0.27561180720863676,7,0.009076500471360542,0.00907952182880678,3.02135744623816e-06,3.021357446235187e-06
173,accuracy,0.5,3109,15,20,0.25,1.102447228834547,0.2725003489730861,0.7201528306013258,0.27561180720863676,0,-0.005838095238095246,-0.009000000000000008,-0.0031619047619047616,-0.0031619047619047703
173,accuracy,0.5,3109,15,20,0.25,1.102447228834547,0.2725003489730861,0.7201528306013258,0.27561180720863676,1,0.001252380952380954,-0.0020000000000000018,-0.003252380952380956,-0.003252380952380966
173,accuracy,0.5,3109,15,20,0.25,1.102447228834547,0.2725003489730861,0.7201528306013258,0.27561180720863676,2,0.012114285714285718,0.009000000000000008,-0.00311428571428571,-0.0031142857142857274
173,accuracy,0.5,3109,15,20,0.25,1.102447228834547,0.2725003489730861,0.7201528306013258,0.27561180720863676,3,0.0005952380952380949,0.0,-0.0005952380952380949,-0.0005952380952381053
173,accuracy,0.5,3109,15,20,0.25,1.102447228834547,0.2725003489730861,0.7201528306013258,0.27561180720863676,4,0.002366666666666667,-0.0020000000000000018,-0.004366666666666669,-0.004366666666666675
173,accuracy,0.5,3109,15,20,0.25,1.102447228834547,0.2725003489730861,0.7201528306013258,0.27561180720863676,5,0.03708095238095239,0.03600000000000003,-0.001080952380952356,-0.0010809523809523908
173,accuracy,0.5,3109,15,20,0.25,1.102447228834547,0.2725003489730861,0.7201528306013258,0.27561180720863676,6,-0.0013333333333333352,-0.0040000000000000036,-0.0026666666666666683,-0.0026666666666666852
173,accuracy,0.5,3109,15,20,0.25,1.102447228834547,0.2725003489730861,0.7201528306013258,0.27561180720863676,7,-0.0002380952380952393,0.0,0.0002380952380952393,0.00023809523809522823
174,negative_brier,0.5,3109,15,20,0.5,1.102447228834547,0.2725003489730861,0.7201528306013258,0.5512236144172735,0,0.004280255411937067,0.004305029147057882,2.477373512081455e-05,2.477373512081347e-05
174,negative_brier,0.5,3109,15,20,0.5,1.102447228834547,0.2725003489730861,0.7201528306013258,0.5512236144172735,1,0.008668796770258237,0.008674684496990104,5.887726731866952e-06,5.887726731863374e-06
174,negative_brier,0.5,3109,15,20,0.5,1.102447228834547,0.2725003489730861,0.7201528306013258,0.5512236144172735,2,0.011601042890500301,0.011640968739009605,3.992584850930417e-05,3.9925848509302555e-05
174,negative_brier,0.5,3109,15,20,0.5,1.102447228834547,0.2725003489730861,0.7201528306013258,0.5512236144172735,3,0.0018447223646102051,0.0018505137373800995,5.791372769894379e-06,5.791372769894151e-06
174,negative_brier,0.5,3109,15,20,0.5,1.102447228834547,0.2725003489730861,0.7201528306013258,0.5512236144172735,4,0.0029013488880297506,0.002927147172461564,2.5798284431813225e-05,2.5798284431814123e-05
174,negative_brier,0.5,3109,15,20,0.5,1.102447228834547,0.2725003489730861,0.7201528306013258,0.5512236144172735,5,0.014947755210489638,0.015009146792523909,6.139158203427066e-05,6.139158203426675e-05
174,negative_brier,0.5,3109,15,20,0.5,1.102447228834547,0.2725003489730861,0.7201528306013258,0.5512236144172735,6,0.008424581270895683,0.008456485453192497,3.190418229681406e-05,3.19041822968117e-05
174,negative_brier,0.5,3109,15,20,0.5,1.102447228834547,0.2725003489730861,0.7201528306013258,0.5512236144172735,7,0.006363512329796009,0.006393712353268244,3.0200023472234765e-05,3.0200023472235212e-05
175,negative_cross_entropy,0.5,3109,15,20,0.5,1.102447228834547,0.2725003489730861,0.7201528306013258,0.5512236144172735,0,0.012729945290688037,0.012750503755577625,2.0558464889587277e-05,2.0558464889593647e-05
175,negative_cross_entropy,0.5,3109,15,20,0.5,1.102447228834547,0.2725003489730861,0.7201528306013258,0.5512236144172735,1,0.023372866767335798,0.023374699058844595,1.8322915087964908e-06,1.832291508782746e-06
175,negative_cross_entropy,0.5,3109,15,20,0.5,1.102447228834547,0.2725003489730861,0.7201528306013258,0.5512236144172735,2,0.02674457406462208,0.026784408391024028,3.9834326401949616e-05,3.9834326401935074e-05
175,negative_cross_entropy,0.5,3109,15,20,0.5,1.102447228834547,0.2725003489730861,0.7201528306013258,0.5512236144172735,3,0.005992444451286879,0.006002290783419295,9.846332132416175e-06,9.846332132414292e-06
175,negative_cross_entropy,0.5,3109,15,20,0.5,1.102447228834547,0.2725003489730861,0.7201528306013258,0.5512236144172735,4,0.009665700934944899,0.009690572761415606,2.487182647070707e-05,2.4871826470717655e-05
175,negative_cross_entropy,0.5,3109,15,20,0.5,1.102447228834547,0.2725003489730861,0.7201528306013258,0.5512236144172735,5,0.04299419132268417,0.043036753411247575,4.25620885634026e-05,4.256208856342214e-05
175,negative_cross_entropy,0.5,3109,15,20,0.5,1.102447228834547,0.2725003489730861,0.7201528306013258,0.5512236144172735,6,0.022667192761712446,0.022691230975537713,2.4038213825267052e-05,2.403821382524566e-05
175,negative_cross_entropy,0.5,3109,15,20,0.5,1.102447228834547,0.2725003489730861,0.7201528306013258,0.5512236144172735,7,0.01760865449049474,0.01763441432761559,2.5759837120848533e-05,2.575983712083067e-05
176,accuracy,0.5,3109,15,20,0.5,1.102447228834547,0.2725003489730861,0.7201528306013258,0.5512236144172735,0,-0.008538095238095225,-0.011999999999999955,-0.0034619047619047303,-0.0034619047619047216
176,accuracy,0.5,3109,15,20,0.5,1.102447228834547,0.2725003489730861,0.7201528306013258,0.5512236144172735,1,0.004771428571428582,0.0020000000000000573,-0.0027714285714285245,-0.0027714285714285237
176,accuracy,0.5,3109,15,20,0.5,1.102447228834547,0.2725003489730861,0.7201528306013258,0.5512236144172735,2,0.020647619047619054,0.027000000000000024,0.0063523809523809704,0.006352380952380965
176,accuracy,0.5,3109,15,20,0.5,1.102447228834547,0.2725003489730861,0.7201528306013258,0.5512236144172735,3,0.0014476190476190491,0.0040000000000000036,0.0025523809523809544,0.00255238095238095
176,accuracy,0.5,3109,15,20,0.5,1.102447228834547,0.2725003489730861,0.7201528306013258,0.5512236144172735,4,0.005471428571428565,0.008000000000000007,0.0025285714285714425,0.0025285714285714304
176,accuracy,0.5,3109,15,20,0.5,1.102447228834547,0.2725003489730861,0.7201528306013258,0.5512236144172735,5,0.061957142857142926,0.06500000000000006,0.003042857142857132,0.0030428571428571544
176,accuracy,0.5,3109,15,20,0.5,1.102447228834547,0.2725003489730861,0.7201528306013258,0.5512236144172735,6,-0.003447619047619058,-0.0030000000000000027,0.0004476190476190552,0.00044761904761904565
176,accuracy,0.5,3109,15,20,0.5,1.102447228834547,0.2725003489730861,0.7201528306013258,0.5512236144172735,7,-0.00030952380952379514,-0.002999999999999947,-0.002690476190476152,-0.002690476190476158
177,negative_brier,0.5,3109,15,20,1.0,1.102447228834547,0.2725003489730861,0.7201528306013258,1.102447228834547,0,0.008124302949554388,0.008325935804941897,0.0002016328553875093,0.00020163285538751558
177,negative_brier,0.5,3109,15,20,1.0,1.102447228834547,0.2725003489730861,0.7201528306013258,1.102447228834547,1,0.01703086445442717,0.017075713352955102,4.4848898527932723e-05,4.48488985279327e-05
177,negative_brier,0.5,3109,15,20,1.0,1.102447228834547,0.2725003489730861,0.7201528306013258,1.102447228834547,2,0.021767230336203897,0.022056283072600602,0.0002890527363967055,0.0002890527363967143
177,negative_brier,0.5,3109,15,20,1.0,1.102447228834547,0.2725003489730861,0.7201528306013258,1.102447228834547,3,0.0034253624785187875,0.003489560163694616,6.419768517582861e-05,6.419768517582899e-05
177,negative_brier,0.5,3109,15,20,1.0,1.102447228834547,0.2725003489730861,0.7201528306013258,1.102447228834547,4,0.005031215115493803,0.005249299267335861,0.0002180841518420575,0.00021808415184205684
177,negative_brier,0.5,3109,15,20,1.0,1.102447228834547,0.2725003489730861,0.7201528306013258,1.102447228834547,5,0.02828272194996857,0.028738768055338648,0.00045604610537007886,0.0004560461053700674
177,negative_brier,0.5,3109,15,20,1.0,1.102447228834547,0.2725003489730861,0.7201528306013258,1.102447228834547,6,0.016399885269699103,0.016648595030195057,0.00024870976049595414,0.0002487097604959543
177,negative_brier,0.5,3109,15,20,1.0,1.102447228834547,0.2725003489730861,0.7201528306013258,1.102447228834547,7,0.012296936557876843,0.01257065494438886,0.000273718386512016,0.00027371838651202334
178,negative_cross_entropy,0.5,3109,15,20,1.0,1.102447228834547,0.2725003489730861,0.7201528306013258,1.102447228834547,0,0.02316007294640438,0.023325206411030086,0.0001651334646257073,0.00016513346462570134
178,negative_cross_entropy,0.5,3109,15,20,1.0,1.102447228834547,0.2725003489730861,0.7201528306013258,1.102447228834547,1,0.043249090048823935,0.04328121142082153,3.212137199759546e-05,3.2121371997618696e-05
178,negative_cross_entropy,0.5,3109,15,20,1.0,1.102447228834547,0.2725003489730861,0.7201528306013258,1.102447228834547,2,0.04905923090675449,0.049344933424952275,0.0002857025181977821,0.00028570251819781694
178,negative_cross_entropy,0.5,3109,15,20,1.0,1.102447228834547,0.2725003489730861,0.7201528306013258,1.102447228834547,3,0.0109668344973746,0.011061185412291175,9.435091491657478e-05,9.435091491657126e-05
178,negative_cross_entropy,0.5,3109,15,20,1.0,1.102447228834547,0.2725003489730861,0.7201528306013258,1.102447228834547,4,0.01716494728164705,0.017366683709843733,0.00020173642819668394,0.00020173642819667234
178,negative_cross_entropy,0.5,3109,15,20,1.0,1.102447228834547,0.2725003489730861,0.7201528306013258,1.102447228834547,5,0.07747717047420431,0.07778148008087171,0.0003043096066673995,0.00030430960666741097
178,negative_cross_entropy,0.5,3109,15,20,1.0,1.102447228834547,0.2725003489730861,0.7201528306013258,1.102447228834547,6,0.04255466344149795,0.04273164616531988,0.00017698272382193209,0.00017698272382196597
178,negative_cross_entropy,0.5,3109,15,20,1.0,1.102447228834547,0.2725003489730861,0.7201528306013258,1.102447228834547,7,0.03292550919726445,0.03315196320170788,0.00022645400444342573,0.00022645400444343906
179,accuracy,0.5,3109,15,20,1.0,1.102447228834547,0.2725003489730861,0.7201528306013258,1.102447228834547,0,-0.006740476190476194,-0.011999999999999983,-0.005259523809523789,-0.005259523809523794
179,accuracy,0.5,3109,15,20,1.0,1.102447228834547,0.2725003489730861,0.7201528306013258,1.102447228834547,1,0.02107380952380951,0.016000000000000014,-0.005073809523809494,-0.0050738095238095065
179,accuracy,0.5,3109,15,20,1.0,1.102447228834547,0.2725003489730861,0.7201528306013258,1.102447228834547,2,0.02430238095238098,0.03500000000000003,0.01069761904761905,0.01069761904761907
179,accuracy,0.5,3109,15,20,1.0,1.102447228834547,0.2725003489730861,0.7201528306013258,1.102447228834547,3,0.003483333333333329,0.0040000000000000036,0.0005166666666666744,0.0005166666666666553
179,accuracy,0.5,3109,15,20,1.0,1.102447228834547,0.2725003489730861,0.7201528306013258,1.102447228834547,4,0.005707142857142859,0.017000000000000015,0.011292857142857157,0.01129285714285715
179,accuracy,0.5,3109,15,20,1.0,1.102447228834547,0.2725003489730861,0.7201528306013258,1.102447228834547,5,0.07295952380952377,0.07200000000000001,-0.0009595238095237574,-0.0009595238095238086
179,accuracy,0.5,3109,15,20,1.0,1.102447228834547,0.2725003489730861,0.7201528306013258,1.102447228834547,6,0.010197619047619054,0.0010000000000000286,-0.009197619047619026,-0.009197619047619026
179,accuracy,0.5,3109,15,20,1.0,1.102447228834547,0.2725003489730861,0.7201528306013258,1.102447228834547,7,0.0070166666666666615,0.0040000000000000036,-0.003016666666666658,-0.0030166666666666562
180,negative_brier,0.5,3253,0,20,0.0625,1.588931625073474,0.3326040113573579,1.1295398059490016,0.09930822656709212,0,0.001812128858805371,0.0018121525503342895,2.3691528918366733e-08,2.369152891817674e-08
180,negative_brier,0.5,3253,0,20,0.0625,1.588931625073474,0.3326040113573579,1.1295398059490016,0.09930822656709212,1,0.0008560338723248204,0.0008560166681989001,-1.720412592031914e-08,-1.7204125920571087e-08
180,negative_brier,0.5,3253,0,20,0.0625,1.588931625073474,0.3326040113573579,1.1295398059490016,0.09930822656709212,2,0.0009693439253811733,0.0009693460348132454,2.1094320721594395e-09,2.1094320720066183e-09
180,negative_brier,0.5,3253,0,20,0.0625,1.588931625073474,0.3326040113573579,1.1295398059490016,0.09930822656709212,3,0.0024484019272627,0.002448403827401968,1.9001392681516904e-09,1.900139268812535e-09
180,negative_brier,0.5,3253,0,20,0.0625,1.588931625073474,0.3326040113573579,1.1295398059490016,0.09930822656709212,4,0.0013348773070306836,0.0013349020074684415,2.4700437757868912e-08,2.470043775745381e-08
180,negative_brier,0.5,3253,0,20,0.0625,1.588931625073474,0.3326040113573579,1.1295398059490016,0.09930822656709212,5,0.001156151711341252,0.0011561205267656138,-3.118457563813966e-08,-3.1184575638046736e-08
180,negative_brier,0.5,3253,0,20,0.0625,1.588931625073474,0.3326040113573579,1.1295398059490016,0.09930822656709212,6,0.0023669143050644667,0.002366902000160709,-1.2304903757812818e-08,-1.230490375690002e-08
180,negative_brier,0.5,3253,0,20,0.0625,1.588931625073474,0.3326040113573579,1.1295398059490016,0.09930822656709212,7,0.0018225697504231752,0.001822555219349653,-1.4531073522184787e-08,-1.4531073522624665e-08
181,negative_cross_entropy,0.5,3253,0,20,0.0625,1.588931625073474,0.3326040113573579,1.1295398059490016,0.09930822656709212,0,0.010514212007432591,0.010512589089557212,-1.6229178753796036e-06,-1.6229178753852874e-06
181,negative_cross_entropy,0.5,3253,0,20,0.0625,1.588931625073474,0.3326040113573579,1.1295398059490016,0.09930822656709212,1,0.004593736296494928,0.004593312862770649,-4.234337242789779e-07,-4.2343372427837477e-07
181,negative_cross_entropy,0.5,3253,0,20,0.0625,1.588931625073474,0.3326040113573579,1.1295398059490016,0.09930822656709212,2,0.004369834904315749,0.004369258194526271,-5.767097894784565e-07,-5.767097894803815e-07
181,negative_cross_entropy,0.5,3253,0,20,0.0625,1.588931625073474,0.3326040113573579,1.1295398059490016,0.09930822656709212,3,0.013260734031392718,0.013258742311570648,-1.991719822069804e-06,-1.9917198220729753e-06
181,negative_cross_entropy,0.5,3253,0,20,0.0625,1.588931625073474,0.3326040113573579,1.1295398059490016,0.09930822656709212,4,0.007897703374107843,0.007896731148539615,-9.722255682274167e-07,-9.722255682266734e-07
181,negative_cross_entropy,0.5,3253,0,20,0.0625,1.588931625073474,0.3326040113573579,1.1295398059490016,0.09930822656709212,5,0.0057409353703942135,0.005739830946303259,-1.10442409095423e-06,-1.1044240909553955e-06
181,negative_cross_entropy,0.5,3253,0,20,0.0625,1.588931625073474,0.3326040113573579,1.1295398059490016,0.09930822656709212,6,0.015323186948283914,0.015321348430899384,-1.8385173845298503e-06,-1.8385173845304946e-06
181,negative_cross_entropy,0.5,3253,0,20,0.0625,1.588931625073474,0.3326040113573579,1.1295398059490016,0.09930822656709212,7,0.009706365711223207,0.009704823608203572,-1.5421030196346996e-06,-1.5421030196382023e-06
182,accuracy,0.5,3253,0,20,0.0625,1.588931625073474,0.3326040113573579,1.1295398059490016,0.09930822656709212,0,0.0015071428571428586,0.0030000000000000027,0.001492857142857144,0.0014928571428571421
182,accuracy,0.5,3253,0,20,0.0625,1.588931625073474,0.3326040113573579,1.1295398059490016,0.09930822656709212,1,0.000192857142857143,0.0010000000000000009,0.0008071428571428578,0.0008071428571428565
182,accuracy,0.5,3253,0,20,0.0625,1.588931625073474,0.3326040113573579,1.1295398059490016,0.09930822656709212,2,0.00019285714285714322,0.0010000000000000009,0.0008071428571428576,0.0008071428571428576
182,accuracy,0.5,3253,0,20,0.0625,1.588931625073474,0.3326040113573579,1.1295398059490016,0.09930822656709212,3,0.0018880952380952408,0.0030000000000000027,0.0011119047619047619,0.0011119047619047632
182,accuracy,0.5,3253,0,20,0.0625,1.588931625073474,0.3326040113573579,1.1295398059490016,0.09930822656709212,4,0.0012261904761904775,0.0020000000000000018,0.0007738095238095243,0.0007738095238095225
182,accuracy,0.5,3253,0,20,0.0625,1.588931625073474,0.3326040113573579,1.1295398059490016,0.09930822656709212,5,0.0006071428571428574,0.0010000000000000009,0.00039285714285714347,0.0003928571428571423
182,accuracy,0.5,3253,0,20,0.0625,1.588931625073474,0.3326040113573579,1.1295398059490016,0.09930822656709212,6,0.0029595238095238142,0.0050000000000000044,0.00204047619047619,0.00204047619047619
182,accuracy,0.5,3253,0,20,0.0625,1.588931625073474,0.3326040113573579,1.1295398059490016,0.09930822656709212,7,0.001426190476190478,0.0030000000000000027,0.0015738095238095246,0.0015738095238095246
183,negative_brier,0.5,3253,0,20,0.125,1.588931625073474,0.3326040113573579,1.1295398059490016,0.19861645313418425,0,0.003712563170932583,0.0037122697491357437,-2.934217968393778e-07,-2.934217968387458e-07
183,negative_brier,0.5,3253,0,20,0.125,1.588931625073474,0.3326040113573579,1.1295398059490016,0.19861645313418425,1,0.0017400423676616713,0.0017398597389487458,-1.8262871292551788e-07,-1.8262871292513375e-07
183,negative_brier,0.5,3253,0,20,0.125,1.588931625073474,0.3326040113573579,1.1295398059490016,0.19861645313418425,2,0.0019699436144877715,0.0019697327987523994,-2.1081573537209963e-07,-2.1081573537352048e-07
183,negative_brier,0.5,3253,0,20,0.125,1.588931625073474,0.3326040113573579,1.1295398059490016,0.19861645313418425,3,0.005004344315451101,0.005003790758735194,-5.535567159072399e-07,-5.535567159068022e-07
183,negative_brier,0.5,3253,0,20,0.125,1.588931625073474,0.3326040113573579,1.1295398059490016,0.19861645313418425,4,0.002737865447736848,0.002737801373064508,-6.407467234006634e-08,-6.407467234081387e-08
183,negative_brier,0.5,3253,0,20,0.125,1.588931625073474,0.3326040113573579,1.1295398059490016,0.19861645313418425,5,0.0023709443639821173,0.0023703305571562416,-6.138068258756436e-07,-6.138068258740703e-07
183,negative_brier,0.5,3253,0,20,0.125,1.588931625073474,0.3326040113573579,1.1295398059490016,0.19861645313418425,6,0.004849800492081399,0.00484919525270866,-6.052393727385211e-07,-6.052393727371916e-07
183,negative_brier,0.5,3253,0,20,0.125,1.588931625073474,0.3326040113573579,1.1295398059490016,0.19861645313418425,7,0.0037303924209011346,0.0037298110106219196,-5.814102792150479e-07,-5.814102792142016e-07
184,negative_cross_entropy,0.5,3253,0,20,0.125,1.588931625073474,0.3326040113573579,1.1295398059490016,0.19861645313418425,0,0.020886401268009457,0.020873290258981214,-1.3111009028243109e-05,-1.3111009028251207e-05
184,negative_cross_entropy,0.5,3253,0,20,0.125,1.588931625073474,0.3326040113573579,1.1295398059490016,0.19861645313418425,1,0.00913607882247274,0.009132763830992818,-3.3149914799215224e-06,-3.3149914799122233e-06
184,negative_cross_entropy,0.5,3253,0,20,0.125,1.588931625073474,0.3326040113573579,1.1295398059490016,0.19861645313418425,2,0.008670833051527889,0.008666293792125579,-4.539259402309981e-06,-4.539259402301984e-06
184,negative_cross_entropy,0.5,3253,0,20,0.125,1.588931625073474,0.3326040113573579,1.1295398059490016,0.19861645313418425,3,0.026341044434495246,0.026324961573146455,-1.60828613487915e-05,-1.6082861348803195e-05
184,negative_cross_entropy,0.5,3253,0,20,0.125,1.588931625073474,0.3326040113573579,1.1295398059490016,0.19861645313418425,4,0.015727002074085297,0.01571913591452634,-7.86615955895853e-06,-7.86615955896844e-06
184,negative_cross_entropy,0.5,3253,0,20,0.125,1.588931625073474,0.3326040113573579,1.1295398059490016,0.19861645313418425,5,0.01140284262331796,0.011393891079030327,-8.951544287632424e-06,-8.951544287627565e-06
184,negative_cross_entropy,0.5,3253,0,20,0.125,1.588931625073474,0.3326040113573579,1.1295398059490016,0.19861645313418425,6,0.03045863546514618,0.030443827143087798,-1.4808322058381534e-05,-1.4808322058402189e-05
184,negative_cross_entropy,0.5,3253,0,20,0.125,1.588931625073474,0.3326040113573579,1.1295398059490016,0.19861645313418425,7,0.01927975905181477,0.01926730014565159,-1.2458906163182598e-05,-1.2458906163197768e-05
185,accuracy,0.5,3253,0,20,0.125,1.588931625073474,0.3326040113573579,1.1295398059490016,0.19861645313418425,0,0.002761904761904763,0.0020000000000000018,-0.0007619047619047614,-0.0007619047619047709
185,accuracy,0.5,3253,0,20,0.125,1.588931625073474,0.3326040113573579,1.1295398059490016,0.19861645313418425,1,9.99999999999994e-05,0.0,-9.99999999999994e-05,-0.00010000000000000633
185,accuracy,0.5,3253,0,20,0.125,1.588931625073474,0.3326040113573579,1.1295398059490016,0.19861645313418425,2,0.0015238095238095236,0.0010000000000000009,-0.0005238095238095227,-0.0005238095238095323
185,accuracy,0.5,3253,0,20,0.125,1.588931625073474,0.3326040113573579,1.1295398059490016,0.19861645313418425,3,0.003847619047619045,0.0020000000000000018,-0.0018476190476190433,-0.0018476190476190571
185,accuracy,0.5,3253,0,20,0.125,1.588931625073474,0.3326040113573579,1.1295398059490016,0.19861645313418425,4,0.0011952380952380969,0.0010000000000000009,-0.00019523809523809598,-0.00019523809523810162
185,accuracy,0.5,3253,0,20,0.125,1.588931625073474,0.3326040113573579,1.1295398059490016,0.19861645313418425,5,0.002314285714285714,0.0020000000000000018,-0.00031428571428571226,-0.0003142857142857192
185,accuracy,0.5,3253,0,20,0.125,1.588931625073474,0.3326040113573579,1.1295398059490016,0.19861645313418425,6,0.0034238095238095243,0.0020000000000000018,-0.0014238095238095225,-0.001423809523809533
185,accuracy,0.5,3253,0,20,0.125,1.588931625073474,0.3326040113573579,1.1295398059490016,0.19861645313418425,7,0.0028333333333333344,0.0020000000000000018,-0.0008333333333333326,-0.000833333333333343
186,negative_brier,0.5,3253,0,20,0.25,1.588931625073474,0.3326040113573579,1.1295398059490016,0.3972329062683685,0,0.007766539605518858,0.007754657941443532,-1.1881664075326023e-05,-1.1881664075324722e-05
186,negative_brier,0.5,3253,0,20,0.25,1.588931625073474,0.3326040113573579,1.1295398059490016,0.3972329062683685,1,0.0035894245919728712,0.0035871654107768047,-2.2591811960665127e-06,-2.259181196066841e-06
186,negative_brier,0.5,3253,0,20,0.25,1.588931625073474,0.3326040113573579,1.1295398059490016,0.3972329062683685,2,0.0040567875556228586,0.004050659727610262,-6.127828012596724e-06,-6.127828012595212e-06
186,negative_brier,0.5,3253,0,20,0.25,1.588931625073474,0.3326040113573579,1.1295398059490016,0.3972329062683685,3,0.010419603662068955,0.01040406978003594,-1.55338820330142e-05,-1.5533882033011294e-05
186,negative_brier,0.5,3253,0,20,0.25,1.588931625073474,0.3326040113573579,1.1295398059490016,0.3972329062683685,4,0.005743890360193572,0.005738143601050905,-5.746759142667181e-06,-5.746759142666311e-06
186,negative_brier,0.5,3253,0,20,0.25,1.588931625073474,0.3326040113573579,1.1295398059490016,0.3972329062683685,5,0.004962808363212848,0.004950830917120119,-1.197744609272855e-05,-1.1977446092724718e-05
186,negative_brier,0.5,3253,0,20,0.25,1.588931625073474,0.3326040113573579,1.1295398059490016,0.3972329062683685,6,0.010149198204236903,0.01013443207641923,-1.4766127817672503e-05,-1.47661278176733e-05
186,negative_brier,0.5,3253,0,20,0.25,1.588931625073474,0.3326040113573579,1.1295398059490016,0.3972329062683685,7,0.007786949569819245,0.007773282695817563,-1.366687400168251e-05,-1.3666874001679243e-05
187,negative_cross_entropy,0.5,3253,0,20,0.25,1.588931625073474,0.3326040113573579,1.1295398059490016,0.3972329062683685,0,0.041043375857776294,0.040937756426343785,-0.00010561943143250901,-0.00010561943143252857
187,negative_cross_entropy,0.5,3253,0,20,0.25,1.588931625073474,0.3326040113573579,1.1295398059490016,0.3972329062683685,1,0.018026748644570545,0.018001677340622635,-2.5071303947910017e-05,-2.5071303947894158e-05
187,negative_cross_entropy,0.5,3253,0,20,0.25,1.588931625073474,0.3326040113573579,1.1295398059490016,0.3972329062683685,2,0.017017691692807178,0.016983218397901956,-3.447329490522191e-05,-3.447329490520815e-05
187,negative_cross_entropy,0.5,3253,0,20,0.25,1.588931625073474,0.3326040113573579,1.1295398059490016,0.3972329062683685,3,0.05174612455544143,0.05161671684327929,-0.00012940771216214675,-0.00012940771216215867
187,negative_cross_entropy,0.5,3253,0,20,0.25,1.588931625073474,0.3326040113573579,1.1295398059490016,0.3972329062683685,4,0.031083883199878745,0.031020245317984196,-6.363788189454878e-05,-6.363788189453305e-05
187,negative_cross_entropy,0.5,3253,0,20,0.25,1.588931625073474,0.3326040113573579,1.1295398059490016,0.3972329062683685,5,0.022391850350081104,0.022319380063297478,-7.247028678362619e-05,-7.247028678361026e-05
187,negative_cross_entropy,0.5,3253,0,20,0.25,1.588931625073474,0.3326040113573579,1.1295398059490016,0.3972329062683685,6,0.05995691177902847,0.059838366244644,-0.00011854553438446491,-0.00011854553438450342
187,negative_cross_entropy,0.5,3253,0,20,0.25,1.588931625073474,0.3326040113573579,1.1295398059490016,0.3972329062683685,7,0.037867738174179134,0.037767425937432764,-0.00010031223674637074,-0.00010031223674640377
188,accuracy,0.5,3253,0,20,0.25,1.588931625073474,0.3326040113573579,1.1295398059490016,0.3972329062683685,0,0.012285714285714282,0.008999999999999994,-0.0032857142857142876,-0.003285714285714267
188,accuracy,0.5,3253,0,20,0.25,1.588931625073474,0.3326040113573579,1.1295398059490016,0.3972329062683685,1,0.0032904761904761913,0.0049999999999999906,0.0017095238095237992,0.0017095238095238153
188,accuracy,0.5,3253,0,20,0.25,1.588931625073474,0.3326040113573579,1.1295398059490016,0.3972329062683685,2,0.006023809523809522,0.0049999999999999906,-0.0010238095238095319,-0.0010238095238095171
188,accuracy,0.5,3253,0,20,0.25,1.588931625073474,0.3326040113573579,1.1295398059490016,0.3972329062683685,3,0.02174285714285714,0.021999999999999992,0.0002571428571428516,0.00025714285714286203
188,accuracy,0.5,3253,0,20,0.25,1.588931625073474,0.3326040113573579,1.1295398059490016,0.3972329062683685,4,0.007847619047619046,0.008999999999999994,0.0011523809523809481,0.0011523809523809672
188,accuracy,0.5,3253,0,20,0.25,1.588931625073474,0.3326040113573579,1.1295398059490016,0.3972329062683685,5,0.010428571428571426,0.008999999999999994,-0.0014285714285714318,-0.0014285714285714214
188,accuracy,0.5,3253,0,20,0.25,1.588931625073474,0.3326040113573579,1.1295398059490016,0.3972329062683685,6,0.010642857142857138,0.0059999999999999915,-0.0046428571428571465,-0.0046428571428571395
188,accuracy,0.5,3253,0,20,0.25,1.588931625073474,0.3326040113573579,1.1295398059490016,0.3972329062683685,7,0.013738095238095233,0.012999999999999998,-0.0007380952380952356,-0.0007380952380952217
189,negative_brier,0.5,3253,0,20,0.5,1.588931625073474,0.3326040113573579,1.1295398059490016,0.794465812536737,0,0.01658350045753238,0.01631275034141927,-0.00027075011611311234,-0.0002707501161131131
189,negative_brier,0.5,3253,0,20,0.5,1.588931625073474,0.3326040113573579,1.1295398059490016,0.794465812536737,1,0.007571383493505079,0.007539275552845448,-3.2107940659630886e-05,-3.2107940659631516e-05
189,negative_brier,0.5,3253,0,20,0.5,1.588931625073474,0.3326040113573579,1.1295398059490016,0.794465812536737,2,0.008429916518156028,0.008304025071423915,-0.0001258914467321126,-0.00012589144673210825
189,negative_brier,0.5,3253,0,20,0.5,1.588931625073474,0.3326040113573579,1.1295398059490016,0.794465812536737,3,0.022060120322130256,0.021732084486582592,-0.00032803583554766313,-0.00032803583554766904
189,negative_brier,0.5,3253,0,20,0.5,1.588931625073474,0.3326040113573579,1.1295398059490016,0.794465812536737,4,0.012404452076525758,0.012258615281244722,-0.00014583679528103535,-0.0001458367952810385
189,negative_brier,0.5,3253,0,20,0.5,1.588931625073474,0.3326040113573579,1.1295398059490016,0.794465812536737,5,0.010551921036368048,0.010330568538317098,-0.0002213524980509505,-0.00022135249805095174
189,negative_brier,0.5,3253,0,20,0.5,1.588931625073474,0.3326040113573579,1.1295398059490016,0.794465812536737,6,0.021746394499898365,0.021447844864774523,-0.00029854963512384106,-0.0002985496351238282
189,negative_brier,0.5,3253,0,20,0.5,1.588931625073474,0.3326040113573579,1.1295398059490016,0.794465812536737,7,0.01655469503226504,0.01628411406696767,-0.00027058096529736925,-0.00027058096529735163
190,negative_cross_entropy,0.5,3253,0,20,0.5,1.588931625073474,0.3326040113573579,1.1295398059490016,0.794465812536737,0,0.0779060656722509,0.07710662745556063,-0.0007994382166902764,-0.0007994382166902833
190,negative_cross_entropy,0.5,3253,0,20,0.5,1.588931625073474,0.3326040113573579,1.1295398059490016,0.794465812536737,1,0.034782414826574834,0.03461509294409704,-0.00016732188247779722,-0.00016732188247779278
190,negative_cross_entropy,0.5,3253,0,20,0.5,1.588931625073474,0.3326040113573579,1.1295398059490016,0.794465812536737,2,0.03239985009338461,0.03217817170590831,-0.00022167838747630397,-0.00022167838747631446
190,negative_cross_entropy,0.5,3253,0,20,0.5,1.588931625073474,0.3326040113573579,1.1295398059490016,0.794465812536737,3,0.0980702223393956,0.09709308048167153,-0.0009771418577240593,-0.0009771418577240675
190,negative_cross_entropy,0.5,3253,0,20,0.5,1.588931625073474,0.3326040113573579,1.1295398059490016,0.794465812536737,4,0.05991820993238417,0.059430588299923204,-0.0004876216324609661,-0.000487621632460981
190,negative_cross_entropy,0.5,3253,0,20,0.5,1.588931625073474,0.3326040113573579,1.1295398059490016,0.794465812536737,5,0.04236200908965772,0.04181214329957228,-0.0005498657900854381,-0.0005498657900854284
190,negative_cross_entropy,0.5,3253,0,20,0.5,1.588931625073474,0.3326040113573579,1.1295398059490016,0.794465812536737,6,0.11444358186529492,0.11355879058348373,-0.0008847912818111953,-0.0008847912818112414
190,negative_cross_entropy,0.5,3253,0,20,0.5,1.588931625073474,0.3326040113573579,1.1295398059490016,0.794465812536737,7,0.07171154207082195,0.07095557728944779,-0.0007559647813741577,-0.0007559647813741833
191,accuracy,0.5,3253,0,20,0.5,1.588931625073474,0.3326040113573579,1.1295398059490016,0.794465812536737,0,0.028047619047619043,0.02099999999999999,-0.0070476190476190526,-0.007047619047619066
191,accuracy,0.5,3253,0,20,0.5,1.588931625073474,0.3326040113573579,1.1295398059490016,0.794465812536737,1,0.01611428571428571,0.016999999999999987,0.0008857142857142779,0.0008857142857142675
191,accuracy,0.5,3253,0,20,0.5,1.588931625073474,0.3326040113573579,1.1295398059490016,0.794465812536737,2,0.018957142857142856,0.015999999999999986,-0.00295714285714287,-0.002957142857142875
191,accuracy,0.5,3253,0,20,0.5,1.588931625073474,0.3326040113573579,1.1295398059490016,0.794465812536737,3,0.048204761904761875,0.034999999999999996,-0.013204761904761879,-0.01320476190476192
191,accuracy,0.5,3253,0,20,0.5,1.588931625073474,0.3326040113573579,1.1295398059490016,0.794465812536737,4,0.020147619047619046,0.015000000000000013,-0.005147619047619033,-0.0051476190476190484
191,accuracy,0.5,3253,0,20,0.5,1.588931625073474,0.3326040113573579,1.1295398059490016,0.794465812536737,5,0.02836190476190477,0.024999999999999994,-0.0033619047619047743,-0.003361904761904776
191,accuracy,0.5,3253,0,20,0.5,1.588931625073474,0.3326040113573579,1.1295398059490016,0.794465812536737,6,0.020709523809523803,0.015000000000000013,-0.005709523809523789,-0.005709523809523812
191,accuracy,0.5,3253,0,20,0.5,1.588931625073474,0.3326040113573579,1.1295398059490016,0.794465812536737,7,0.037457142857142856,0.031,-0.006457142857142856,-0.006457142857142872
192,negative_brier,0.5,3253,0,20,1.0,1.588931625073474,0.3326040113573579,1.1295398059490016,1.588931625073474,0,0.03254380999231006,0.029230394771057377,-0.003313415221252683,-0.003313415221252681
192,negative_brier,0.5,3253,0,20,1.0,1.588931625073474,0.3326040113573579,1.1295398059490016,1.588931625073474,1,0.016013645502618478,0.015625435820537603,-0.0003882096820808749,-0.00038820968208087457
192,negative_brier,0.5,3253,0,20,1.0,1.588931625073474,0.3326040113573579,1.1295398059490016,1.588931625073474,2,0.016312966420305813,0.015036134636302823,-0.00127683178400299,-0.001276831784002985
192,negative_brier,0.5,3253,0,20,1.0,1.588931625073474,0.3326040113573579,1.1295398059490016,1.588931625073474,3,0.042728481622964866,0.03870175364274109,-0.004026727980223778,-0.004026727980223782
192,negative_brier,0.5,3253,0,20,1.0,1.588931625073474,0.3326040113573579,1.1295398059490016,1.588931625073474,4,0.02577156837868739,0.02384239839942548,-0.001929169979261909,-0.0019291699792618941
192,negative_brier,0.5,3253,0,20,1.0,1.588931625073474,0.3326040113573579,1.1295398059490016,1.588931625073474,5,0.020237453473800623,0.017809779051525143,-0.0024276744222754797,-0.0024276744222754766
192,negative_brier,0.5,3253,0,20,1.0,1.588931625073474,0.3326040113573579,1.1295398059490016,1.588931625073474,6,0.044059918491577886,0.04058958424931253,-0.003470334242265359,-0.0034703342422653686
192,negative_brier,0.5,3253,0,20,1.0,1.588931625073474,0.3326040113573579,1.1295398059490016,1.588931625073474,7,0.03238516443519669,0.02924060030682002,-0.003144564128376673,-0.003144564128376663
193,negative_cross_entropy,0.5,3253,0,20,1.0,1.588931625073474,0.3326040113573579,1.1295398059490016,1.588931625073474,0,0.1315086054479165,0.12759581731280156,-0.003912788135114947,-0.003912788135115033
193,negative_cross_entropy,0.5,3253,0,20,1.0,1.588931625073474,0.3326040113573579,1.1295398059490016,1.588931625073474,1,0.06293877896098339,0.06236911440271231,-0.0005696645582710796,-0.0005696645582710455
193,negative_cross_entropy,0.5,3253,0,20,1.0,1.588931625073474,0.3326040113573579,1.1295398059490016,1.588931625073474,2,0.05690035353378368,0.05643222995611463,-0.0004681235776690454,-0.00046812357766903
193,negative_cross_entropy,0.5,3253,0,20,1.0,1.588931625073474,0.3326040113573579,1.1295398059490016,1.588931625073474,3,0.16430358705071574,0.15956432786949826,-0.004739259181217481,-0.004739259181217561
193,negative_cross_entropy,0.5,3253,0,20,1.0,1.588931625073474,0.3326040113573579,1.1295398059490016,1.588931625073474,4,0.10596776394838267,0.10351350829717842,-0.0024542556512042457,-0.0024542556512042787
193,negative_cross_entropy,0.5,3253,0,20,1.0,1.588931625073474,0.3326040113573579,1.1295398059490016,1.588931625073474,5,0.07062587439487467,0.06802341002221901,-0.002602464372655655,-0.0026024643726556486
193,negative_cross_entropy,0.5,3253,0,20,1.0,1.588931625073474,0.3326040113573579,1.1295398059490016,1.588931625073474,6,0.19719403861161836,0.19309752115654544,-0.004096517455072918,-0.004096517455072837
193,negative_cross_entropy,0.5,3253,0,20,1.0,1.588931625073474,0.3326040113573579,1.1295398059490016,1.588931625073474,7,0.11972354025787511,0.11616199724454446,-0.0035615430133306564,-0.0035615430133307075
194,accuracy,0.5,3253,0,20,1.0,1.588931625073474,0.3326040113573579,1.1295398059490016,1.588931625073474,0,0.04841428571428573,0.043000000000000024,-0.005414285714285705,-0.005414285714285684
194,accuracy,0.5,3253,0,20,1.0,1.588931625073474,0.3326040113573579,1.1295398059490016,1.588931625073474,1,0.033366666666666704,0.02100000000000001,-0.012366666666666692,-0.012366666666666623
194,accuracy,0.5,3253,0,20,1.0,1.588931625073474,0.3326040113573579,1.1295398059490016,1.588931625073474,2,0.031314285714285725,0.026000000000000016,-0.005314285714285709,-0.005314285714285702
194,accuracy,0.5,3253,0,20,1.0,1.588931625073474,0.3326040113573579,1.1295398059490016,1.588931625073474,3,0.08160476190476194,0.07300000000000002,-0.00860476190476192,-0.008604761904761879
194,accuracy,0.5,3253,0,20,1.0,1.588931625073474,0.3326040113573579,1.1295398059490016,1.588931625073474,4,0.03870476190476192,0.025000000000000022,-0.0137047619047619,-0.013704761904761865
194,accuracy,0.5,3253,0,20,1.0,1.588931625073474,0.3326040113573579,1.1295398059490016,1.588931625073474,5,0.04003333333333335,0.024000000000000014,-0.016033333333333337,-0.016033333333333323
194,accuracy,0.5,3253,0,20,1.0,1.588931625073474,0.3326040113573579,1.1295398059490016,1.588931625073474,6,0.04795238095238094,0.04000000000000002,-0.007952380952380919,-0.007952380952380919
194,accuracy,0.5,3253,0,20,1.0,1.588931625073474,0.3326040113573579,1.1295398059490016,1.588931625073474,7,0.07460952380952372,0.05200000000000002,-0.022609523809523704,-0.022609523809523795
195,negative_brier,0.5,3253,15,20,0.0625,1.1394043940257501,0.2395040187737424,0.6784303911894591,0.07121277462660938,0,0.0009237418445719183,0.0009237069101842299,-3.493438768841818e-08,-3.4934387688465694e-08
195,negative_brier,0.5,3253,15,20,0.0625,1.1394043940257501,0.2395040187737424,0.6784303911894591,0.07121277462660938,1,0.0006836261826995621,0.0006836563087957992,3.012609623711474e-08,3.012609623696089e-08
195,negative_brier,0.5,3253,15,20,0.0625,1.1394043940257501,0.2395040187737424,0.6784303911894591,0.07121277462660938,2,0.0005818952664042668,0.0005818893167931494,-5.949611117466412e-09,-5.949611117529396e-09
195,negative_brier,0.5,3253,15,20,0.0625,1.1394043940257501,0.2395040187737424,0.6784303911894591,0.07121277462660938,3,0.0010774047911490646,0.0010773543186589074,-5.0472490157162445e-08,-5.0472490156639964e-08
195,negative_brier,0.5,3253,15,20,0.0625,1.1394043940257501,0.2395040187737424,0.6784303911894591,0.07121277462660938,4,0.0009184157552447355,0.000918423363293841,7.608049105533969e-09,7.608049105526741e-09
195,negative_brier,0.5,3253,15,20,0.0625,1.1394043940257501,0.2395040187737424,0.6784303911894591,0.07121277462660938,5,0.0005418743144950178,0.0005418633593337052,-1.09551613126143e-08,-1.0955161312765059e-08
195,negative_brier,0.5,3253,15,20,0.0625,1.1394043940257501,0.2395040187737424,0.6784303911894591,0.07121277462660938,6,0.001428796755353105,0.0014287837849492058,-1.297040389913566e-08,-1.2970403898270373e-08
195,negative_brier,0.5,3253,15,20,0.0625,1.1394043940257501,0.2395040187737424,0.6784303911894591,0.07121277462660938,7,0.0009074087815387619,0.0009073966613963869,-1.2120142375078753e-08,-1.2120142375176857e-08
196,negative_cross_entropy,0.5,3253,15,20,0.0625,1.1394043940257501,0.2395040187737424,0.6784303911894591,0.07121277462660938,0,0.0027540730829627076,0.002754054275070139,-1.8807892568448864e-08,-1.880789256955164e-08
196,negative_cross_entropy,0.5,3253,15,20,0.0625,1.1394043940257501,0.2395040187737424,0.6784303911894591,0.07121277462660938,1,0.001771359922311931,0.001771364893504046,4.971192115073297e-09,4.9711921148337335e-09
196,negative_cross_entropy,0.5,3253,15,20,0.0625,1.1394043940257501,0.2395040187737424,0.6784303911894591,0.07121277462660938,2,0.001630790003383166,0.0016307898082777994,-1.9510536654158972e-10,-1.9510536599019983e-10
196,negative_cross_entropy,0.5,3253,15,20,0.0625,1.1394043940257501,0.2395040187737424,0.6784303911894591,0.07121277462660938,3,0.0033784374692002635,0.0033784116046206014,-2.586457966205491e-08,-2.586457966294707e-08
196,negative_cross_entropy,0.5,3253,15,20,0.0625,1.1394043940257501,0.2395040187737424,0.6784303911894591,0.07121277462660938,4,0.0025884296144039775,0.0025884310274632005,1.413059223017571e-09,1.413059222278245e-09
196,negative_cross_entropy,0.5,3253,15,20,0.0625,1.1394043940257501,0.2395040187737424,0.6784303911894591,0.07121277462660938,5,0.0012174161457020535,0.001217421402437524,5.256735470526852e-09,5.2567354709894446e-09
196,negative_cross_entropy,0.5,3253,15,20,0.0625,1.1394043940257501,0.2395040187737424,0.6784303911894591,0.07121277462660938,6,0.0044838665750844935,0.004483872553712298,5.978627804631431e-09,5.978627806316592e-09
196,negative_cross_entropy,0.5,3253,15,20,0.0625,1.1394043940257501,0.2395040187737424,0.6784303911894591,0.07121277462660938,7,0.002245631415666595,0.0022456541324124,2.2716745805197863e-08,2.271674580482203e-08
197,accuracy,0.5,3253,15,20,0.0625,1.1394043940257501,0.2395040187737424,0.6784303911894591,0.07121277462660938,0,0.0006547619047619055,0.0010000000000000009,0.0003452380952380954,0.00034523809523809464
197,accuracy,0.5,3253,15,20,0.0625,1.1394043940257501,0.2395040187737424,0.6784303911894591,0.07121277462660938,1,0.0007976190476190494,0.0010000000000000009,0.0002023809523809515,0.00020238095238095345
197,accuracy,0.5,3253,15,20,0.0625,1.1394043940257501,0.2395040187737424,0.6784303911894591,0.07121277462660938,2,0.0005357142857142868,0.0010000000000000009,0.00046428571428571406,0.0004642857142857118
197,accuracy,0.5,3253,15,20,0.0625,1.1394043940257501,0.2395040187737424,0.6784303911894591,0.07121277462660938,3,0.000583333333333334,0.0010000000000000009,0.00041666666666666686,0.00041666666666666675
197,accuracy,0.5,3253,15,20,0.0625,1.1394043940257501,0.2395040187737424,0.6784303911894591,0.07121277462660938,4,0.0005976190476190481,0.0010000000000000009,0.0004023809523809528,0.0004023809523809531
197,accuracy,0.5,3253,15,20,0.0625,1.1394043940257501,0.2395040187737424,0.6784303911894591,0.07121277462660938,5,0.00035476190476190514,0.0010000000000000009,0.0006452380952380957,0.0006452380952380963
197,accuracy,0.5,3253,15,20,0.0625,1.1394043940257501,0.2395040187737424,0.6784303911894591,0.07121277462660938,6,0.00137857142857143,0.0020000000000000018,0.0006214285714285718,0.0006214285714285705
197,accuracy,0.5,3253,15,20,0.0625,1.1394043940257501,0.2395040187737424,0.6784303911894591,0.07121277462660938,7,0.0010976190476190495,0.0010000000000000009,-9.761904761904864e-05,-9.76190476190469e-05
198,negative_brier,0.5,3253,15,20,0.125,1.1394043940257501,0.2395040187737424,0.6784303911894591,0.14242554925321876,0,0.0018298825435688123,0.0018296096258236805,-2.7291774513178886e-07,-2.7291774513158033e-07
198,negative_brier,0.5,3253,15,20,0.125,1.1394043940257501,0.2395040187737424,0.6784303911894591,0.14242554925321876,1,0.0013797057133748691,0.0013799450869337315,2.39373558862414e-07,2.3937355886270517e-07
198,negative_brier,0.5,3253,15,20,0.125,1.1394043940257501,0.2395040187737424,0.6784303911894591,0.14242554925321876,2,0.0011644413021930837,0.0011644003210189435,-4.098117414017867e-08,-4.098117413964796e-08
198,negative_brier,0.5,3253,15,20,0.125,1.1394043940257501,0.2395040187737424,0.6784303911894591,0.14242554925321876,3,0.0021244069105986413,0.0021240093287773765,-3.975818212648488e-07,-3.975818212645763e-07
198,negative_brier,0.5,3253,15,20,0.125,1.1394043940257501,0.2395040187737424,0.6784303911894591,0.14242554925321876,4,0.0018396714357980402,0.00183973673176957,6.529597152988426e-08,6.529597153023947e-08
198,negative_brier,0.5,3253,15,20,0.125,1.1394043940257501,0.2395040187737424,0.6784303911894591,0.14242554925321876,5,0.0010745295847329273,0.0010744444663199348,-8.511841299244788e-08,-8.511841299257173e-08
198,negative_brier,0.5,3253,15,20,0.125,1.1394043940257501,0.2395040187737424,0.6784303911894591,0.14242554925321876,6,0.0028526152114098408,0.0028525162534092097,-9.895800063110596e-08,-9.895800063063924e-08
198,negative_brier,0.5,3253,15,20,0.125,1.1394043940257501,0.2395040187737424,0.6784303911894591,0.14242554925321876,7,0.0017969492350606944,0.0017968585623109878,-9.067274970653641e-08,-9.06727497061523e-08
199,negative_cross_entropy,0.5,3253,15,20,0.125,1.1394043940257501,0.2395040187737424,0.6784303911894591,0.14242554925321876,0,0.005435599128412622,0.005435460161773542,-1.3896663907976559e-07,-1.3896663908126912e-07
199,negative_cross_entropy,0.5,3253,15,20,0.125,1.1394043940257501,0.2395040187737424,0.6784303911894591,0.14242554925321876,1,0.003541628016804514,0.0035416657151978725,3.7698393358376325e-08,3.7698393357781635e-08
199,negative_cross_entropy,0.5,3253,15,20,0.125,1.1394043940257501,0.2395040187737424,0.6784303911894591,0.14242554925321876,2,0.0032520241369540107,0.003252024679516685,5.425626744756662e-10,5.425626746822134e-10
199,negative_cross_entropy,0.5,3253,15,20,0.125,1.1394043940257501,0.2395040187737424,0.6784303911894591,0.14242554925321876,3,0.00666375459767105,0.006663563002155648,-1.9159551540182812e-07,-1.9159551540172076e-07
199,negative_cross_entropy,0.5,3253,15,20,0.125,1.1394043940257501,0.2395040187737424,0.6784303911894591,0.14242554925321876,4,0.005149808928097619,0.005149824453905549,1.5525807930093227e-08,1.5525807929771067e-08
199,negative_cross_entropy,0.5,3253,15,20,0.125,1.1394043940257501,0.2395040187737424,0.6784303911894591,0.14242554925321876,5,0.0024103111273986923,0.0024103585594829058,4.7432084213441805e-08,4.743208421269832e-08
199,negative_cross_entropy,0.5,3253,15,20,0.125,1.1394043940257501,0.2395040187737424,0.6784303911894591,0.14242554925321876,6,0.00888666988357908,0.008886725759257641,5.587567856145392e-08,5.587567856761635e-08
199,negative_cross_entropy,0.5,3253,15,20,0.125,1.1394043940257501,0.2395040187737424,0.6784303911894591,0.14242554925321876,7,0.004424486724382636,0.00442467958135373,1.9285697109346772e-07,1.9285697109189e-07
200,accuracy,0.5,3253,15,20,0.125,1.1394043940257501,0.2395040187737424,0.6784303911894591,0.14242554925321876,0,0.0033166666666666726,0.0,-0.0033166666666666726,-0.003316666666666667
200,accuracy,0.5,3253,15,20,0.125,1.1394043940257501,0.2395040187737424,0.6784303911894591,0.14242554925321876,1,0.0008404761904761914,0.0010000000000000009,0.0001595238095238095,0.00015952380952381252
200,accuracy,0.5,3253,15,20,0.125,1.1394043940257501,0.2395040187737424,0.6784303911894591,0.14242554925321876,2,0.0031261904761904786,0.0030000000000000027,-0.00012619047619047592,-0.00012619047619047506
200,accuracy,0.5,3253,15,20,0.125,1.1394043940257501,0.2395040187737424,0.6784303911894591,0.14242554925321876,3,0.008078571428571435,0.006000000000000005,-0.0020785714285714296,-0.0020785714285714305
200,accuracy,0.5,3253,15,20,0.125,1.1394043940257501,0.2395040187737424,0.6784303911894591,0.14242554925321876,4,0.0019928571428571443,0.0,-0.0019928571428571443,-0.0019928571428571478
200,accuracy,0.5,3253,15,20,0.125,1.1394043940257501,0.2395040187737424,0.6784303911894591,0.14242554925321876,5,-0.0005261904761904769,-0.0010000000000000009,-0.000473809523809524,-0.0004738095238095239
200,accuracy,0.5,3253,15,20,0.125,1.1394043940257501,0.2395040187737424,0.6784303911894591,0.14242554925321876,6,0.006064285714285722,0.0050000000000000044,-0.0010642857142857173,-0.0010642857142857164
200,accuracy,0.5,3253,15,20,0.125,1.1394043940257501,0.2395040187737424,0.6784303911894591,0.14242554925321876,7,0.005107142857142859,0.0050000000000000044,-0.00010714285714285426,-0.000107142857142856
201,negative_brier,0.5,3253,15,20,0.25,1.1394043940257501,0.2395040187737424,0.6784303911894591,0.28485109850643753,0,0.0035826230404652263,0.0035805500173664018,-2.073023098824508e-06,-2.073023098822381e-06
201,negative_brier,0.5,3253,15,20,0.25,1.1394043940257501,0.2395040187737424,0.6784303911894591,0.28485109850643753,1,0.002807116018608237,0.002809004689298178,1.8886706899408877e-06,1.8886706899431554e-06
201,negative_brier,0.5,3253,15,20,0.25,1.1394043940257501,0.2395040187737424,0.6784303911894591,0.28485109850643753,2,0.0023288737692181557,0.002328652510371343,-2.2125884681280933e-07,-2.2125884681116556e-07
201,negative_brier,0.5,3253,15,20,0.25,1.1394043940257501,0.2395040187737424,0.6784303911894591,0.28485109850643753,3,0.004118134415060203,0.0041150629800285055,-3.071435031697621e-06,-3.071435031699811e-06
201,negative_brier,0.5,3253,15,20,0.25,1.1394043940257501,0.2395040187737424,0.6784303911894591,0.28485109850643753,4,0.0036862117036892275,0.0036868082187766493,5.96515087421777e-07,5.965150874227766e-07
201,negative_brier,0.5,3253,15,20,0.25,1.1394043940257501,0.2395040187737424,0.6784303911894591,0.28485109850643753,5,0.002110476345564346,0.002109833049913745,-6.432956506006136e-07,-6.432956505988829e-07
201,negative_brier,0.5,3253,15,20,0.25,1.1394043940257501,0.2395040187737424,0.6784303911894591,0.28485109850643753,6,0.0056781340313455326,0.005677417404144569,-7.166272009634725e-07,-7.16627200966901e-07
201,negative_brier,0.5,3253,15,20,0.25,1.1394043940257501,0.2395040187737424,0.6784303911894591,0.28485109850643753,7,0.0035172771704731526,0.003516660329538457,-6.168409346957344e-07,-6.168409346936822e-07
202,negative_cross_entropy,0.5,3253,15,20,0.25,1.1394043940257501,0.2395040187737424,0.6784303911894591,0.28485109850643753,0,0.01057587729575489,0.010574940834584323,-9.364611705670045e-07,-9.364611705700439e-07
202,negative_cross_entropy,0.5,3253,15,20,0.25,1.1394043940257501,0.2395040187737424,0.6784303911894591,0.28485109850643753,1,0.00707474146551435,0.00707500769091729,2.6622540293987085e-07,2.6622540293608773e-07
202,negative_cross_entropy,0.5,3253,15,20,0.25,1.1394043940257501,0.2395040187737424,0.6784303911894591,0.28485109850643753,2,0.006461633713640312,0.006461665659290627,3.1945650315161334e-08,3.1945650313947363e-08
202,negative_cross_entropy,0.5,3253,15,20,0.25,1.1394043940257501,0.2395040187737424,0.6784303911894591,0.28485109850643753,3,0.012947011648003605,0.012945713996618813,-1.2976513847923893e-06,-1.2976513847938267e-06
202,negative_cross_entropy,0.5,3253,15,20,0.25,1.1394043940257501,0.2395040187737424,0.6784303911894591,0.28485109850643753,4,0.010185243312086123,0.010185428526125917,1.8521403979433748e-07,1.8521403979452e-07
202,negative_cross_entropy,0.5,3253,15,20,0.25,1.1394043940257501,0.2395040187737424,0.6784303911894591,0.28485109850643753,5,0.004722759556772315,0.004723219756539776,4.6019976746112384e-07,4.6019976745867004e-07
202,negative_cross_entropy,0.5,3253,15,20,0.25,1.1394043940257501,0.2395040187737424,0.6784303911894591,0.28485109850643753,6,0.017441890638676145,0.0174424515096554,5.608709792541411e-07,5.608709792656727e-07
202,negative_cross_entropy,0.5,3253,15,20,0.25,1.1394043940257501,0.2395040187737424,0.6784303911894591,0.28485109850643753,7,0.008580779424939627,0.008582497233138198,1.7178081985706056e-06,1.7178081985673513e-06
203,accuracy,0.5,3253,15,20,0.25,1.1394043940257501,0.2395040187737424,0.6784303911894591,0.28485109850643753,0,0.009804761904761912,0.006000000000000005,-0.0038047619047619063,-0.003804761904761911
203,accuracy,0.5,3253,15,20,0.25,1.1394043940257501,0.2395040187737424,0.6784303911894591,0.28485109850643753,1,0.0014666666666666678,-0.0010000000000000009,-0.0024666666666666687,-0.002466666666666667
203,accuracy,0.5,3253,15,20,0.25,1.1394043940257501,0.2395040187737424,0.6784303911894591,0.28485109850643753,2,0.006028571428571435,0.0050000000000000044,-0.0010285714285714308,-0.001028571428571432
203,accuracy,0.5,3253,15,20,0.25,1.1394043940257501,0.2395040187737424,0.6784303911894591,0.28485109850643753,3,0.013176190476190487,0.01100000000000001,-0.0021761904761904774,-0.0021761904761904787
203,accuracy,0.5,3253,15,20,0.25,1.1394043940257501,0.2395040187737424,0.6784303911894591,0.28485109850643753,4,0.004447619047619053,0.0030000000000000027,-0.00144761904761905,-0.0014476190476190487
203,accuracy,0.5,3253,15,20,0.25,1.1394043940257501,0.2395040187737424,0.6784303911894591,0.28485109850643753,5,-0.0032190476190476196,-0.006000000000000005,-0.0027809523809523857,-0.00278095238095238
203,accuracy,0.5,3253,15,20,0.25,1.1394043940257501,0.2395040187737424,0.6784303911894591,0.28485109850643753,6,0.014842857142857161,0.015000000000000013,0.00015714285714285223,0.00015714285714285613
203,accuracy,0.5,3253,15,20,0.25,1.1394043940257501,0.2395040187737424,0.6784303911894591,0.28485109850643753,7,0.0034523809523809568,0.0,-0.0034523809523809568,-0.003452380952380958
204,negative_brier,0.5,3253,15,20,0.5,1.1394043940257501,0.2395040187737424,0.6784303911894591,0.5697021970128751,0,0.006805304508313563,0.006790632475412561,-1.4672032901001664e-05,-1.4672032900999612e-05
204,negative_brier,0.5,3253,15,20,0.5,1.1394043940257501,0.2395040187737424,0.6784303911894591,0.5697021970128751,1,0.005785746322520179,0.005800393887321786,1.464756480160697e-05,1.4647564801608835e-05
204,negative_brier,0.5,3253,15,20,0.5,1.1394043940257501,0.2395040187737424,0.6784303911894591,0.5697021970128751,2,0.004637893605403148,0.004637766201292415,-1.2740411073353108e-07,-1.2740411073300275e-07
204,negative_brier,0.5,3253,15,20,0.5,1.1394043940257501,0.2395040187737424,0.6784303911894591,0.5697021970128751,3,0.0076451577518713,0.0076226249392705725,-2.2532812600727613e-05,-2.253281260072558e-05
204,negative_brier,0.5,3253,15,20,0.5,1.1394043940257501,0.2395040187737424,0.6784303911894591,0.5697021970128751,4,0.007362854946227064,0.0073688728526978275,6.0179064707635566e-06,6.0179064707663975e-06
204,negative_brier,0.5,3253,15,20,0.5,1.1394043940257501,0.2395040187737424,0.6784303911894591,0.5697021970128751,5,0.004055028802541215,0.0040504212669630335,-4.6075355781818525e-06,-4.607535578178755e-06
204,negative_brier,0.5,3253,15,20,0.5,1.1394043940257501,0.2395040187737424,0.6784303911894591,0.5697021970128751,6,0.011188471765472684,0.011183864790323794,-4.6069751488894695e-06,-4.60697514889324e-06
204,negative_brier,0.5,3253,15,20,0.5,1.1394043940257501,0.2395040187737424,0.6784303911894591,0.5697021970128751,7,0.006689070249001962,0.006686160716993905,-2.909532008057124e-06,-2.909532008053629e-06
205,negative_cross_entropy,0.5,3253,15,20,0.5,1.1394043940257501,0.2395040187737424,0.6784303911894591,0.5697021970128751,0,0.019935896762519584,0.019930954673024415,-4.942089495169055e-06,-4.942089495166944e-06
205,negative_cross_entropy,0.5,3253,15,20,0.5,1.1394043940257501,0.2395040187737424,0.6784303911894591,0.5697021970128751,1,0.014082156803652896,0.014083669094398288,1.5122907453916923e-06,1.5122907453960846e-06
205,negative_cross_entropy,0.5,3253,15,20,0.5,1.1394043940257501,0.2395040187737424,0.6784303911894591,0.5697021970128751,2,0.012720843603326879,0.012721359730434423,5.161271075439927e-07,5.16127107544473e-07
205,negative_cross_entropy,0.5,3253,15,20,0.5,1.1394043940257501,0.2395040187737424,0.6784303911894591,0.5697021970128751,3,0.024315606785313238,0.024308675375213307,-6.9314100999313955e-06,-6.93141009993678e-06
205,negative_cross_entropy,0.5,3253,15,20,0.5,1.1394043940257501,0.2395040187737424,0.6784303911894591,0.5697021970128751,4,0.019865728084157454,0.01986799312993104,2.2650457735841345e-06,2.265045773576439e-06
205,negative_cross_entropy,0.5,3253,15,20,0.5,1.1394043940257501,0.2395040187737424,0.6784303911894591,0.5697021970128751,5,0.009058368460636804,0.009063174019729336,4.805559092532774e-06,4.805559092536344e-06
205,negative_cross_entropy,0.5,3253,15,20,0.5,1.1394043940257501,0.2395040187737424,0.6784303911894591,0.5697021970128751,6,0.033505190849661096,0.033511054334464996,5.8634848039001985e-06,5.863484803901128e-06
205,negative_cross_entropy,0.5,3253,15,20,0.5,1.1394043940257501,0.2395040187737424,0.6784303911894591,0.5697021970128751,7,0.016085732105850466,0.01610215441719176,1.642231134129507e-05,1.6422311341287993e-05
206,accuracy,0.5,3253,15,20,0.5,1.1394043940257501,0.2395040187737424,0.6784303911894591,0.5697021970128751,0,0.015811904761904753,0.01699999999999996,0.0011880952380952069,0.0011880952380952207
206,accuracy,0.5,3253,15,20,0.5,1.1394043940257501,0.2395040187737424,0.6784303911894591,0.5697021970128751,1,0.007749999999999983,0.009999999999999953,0.0022499999999999708,0.002249999999999976
206,accuracy,0.5,3253,15,20,0.5,1.1394043940257501,0.2395040187737424,0.6784303911894591,0.5697021970128751,2,0.014392857142857129,0.01799999999999996,0.0036071428571428314,0.0036071428571428366
206,accuracy,0.5,3253,15,20,0.5,1.1394043940257501,0.2395040187737424,0.6784303911894591,0.5697021970128751,3,0.020426190476190494,0.021999999999999964,0.0015738095238094704,0.0015738095238094982
206,accuracy,0.5,3253,15,20,0.5,1.1394043940257501,0.2395040187737424,0.6784303911894591,0.5697021970128751,4,0.010959523809523789,0.010999999999999954,4.047619047616545e-05,4.0476190476167184e-05
206,accuracy,0.5,3253,15,20,0.5,1.1394043940257501,0.2395040187737424,0.6784303911894591,0.5697021970128751,5,-0.0021500000000000026,0.0010000000000000009,0.0031500000000000035,0.003150000000000014
206,accuracy,0.5,3253,15,20,0.5,1.1394043940257501,0.2395040187737424,0.6784303911894591,0.5697021970128751,6,0.019616666666666664,0.01699999999999996,-0.0026166666666667046,-0.002616666666666684
206,accuracy,0.5,3253,15,20,0.5,1.1394043940257501,0.2395040187737424,0.6784303911894591,0.5697021970128751,7,0.007192857142857136,0.012999999999999956,0.00580714285714282,0.005807142857142837
207,negative_brier,0.5,3253,15,20,1.0,1.1394043940257501,0.2395040187737424,0.6784303911894591,1.1394043940257501,0,0.011823046535362132,0.011740909549409428,-8.213698595270318e-05,-8.213698595270478e-05
207,negative_brier,0.5,3253,15,20,1.0,1.1394043940257501,0.2395040187737424,0.6784303911894591,1.1394043940257501,1,0.012072657378394712,0.012180866118910672,0.00010820874051595958,0.00010820874051595481
207,negative_brier,0.5,3253,15,20,1.0,1.1394043940257501,0.2395040187737424,0.6784303911894591,1.1394043940257501,2,0.009054872138128715,0.009075789657923217,2.091751979450135e-05,2.0917519794506577e-05
207,negative_brier,0.5,3253,15,20,1.0,1.1394043940257501,0.2395040187737424,0.6784303911894591,1.1394043940257501,3,0.012470241873174793,0.012331860112328952,-0.0001383817608458411,-0.00013838176084584472
207,negative_brier,0.5,3253,15,20,1.0,1.1394043940257501,0.2395040187737424,0.6784303911894591,1.1394043940257501,4,0.014387434485136918,0.014457035120508943,6.960063537202535e-05,6.960063537202387e-05
207,negative_brier,0.5,3253,15,20,1.0,1.1394043940257501,0.2395040187737424,0.6784303911894591,1.1394043940257501,5,0.007384730000105672,0.007354987147067726,-2.9742853037945972e-05,-2.9742853037942432e-05
207,negative_brier,0.5,3253,15,20,1.0,1.1394043940257501,0.2395040187737424,0.6784303911894591,1.1394043940257501,6,0.02121637211419323,0.021195998198538124,-2.0373915655104435e-05,-2.03739156551046e-05
207,negative_brier,0.5,3253,15,20,1.0,1.1394043940257501,0.2395040187737424,0.6784303911894591,1.1394043940257501,7,0.011736252164529103,0.011752892364168155,1.6640199639051875e-05,1.66401996390487e-05
208,negative_cross_entropy,0.5,3253,15,20,1.0,1.1394043940257501,0.2395040187737424,0.6784303911894591,1.1394043940257501,0,0.034839285261624844,0.0348380733517083,-1.2119099165458502e-06,-1.2119099165168959e-06
208,negative_cross_entropy,0.5,3253,15,20,1.0,1.1394043940257501,0.2395040187737424,0.6784303911894591,1.1394043940257501,1,0.027635653496509604,0.02764184773978151,6.194243271907124e-06,6.194243271920413e-06
208,negative_cross_entropy,0.5,3253,15,20,1.0,1.1394043940257501,0.2395040187737424,0.6784303911894591,1.1394043940257501,2,0.02438434275422437,0.024392890921847044,8.54816762267327e-06,8.54816762266922e-06
208,negative_cross_entropy,0.5,3253,15,20,1.0,1.1394043940257501,0.2395040187737424,0.6784303911894591,1.1394043940257501,3,0.041989580995248466,0.04198562007923867,-3.960916009793092e-06,-3.960916009775408e-06
208,negative_cross_entropy,0.5,3253,15,20,1.0,1.1394043940257501,0.2395040187737424,0.6784303911894591,1.1394043940257501,4,0.03737481264171017,0.03740604558083582,3.123293912565134e-05,3.1232939125659584e-05
208,negative_cross_entropy,0.5,3253,15,20,1.0,1.1394043940257501,0.2395040187737424,0.6784303911894591,1.1394043940257501,5,0.016634622663252253,0.016684422512126762,4.9799848874508557e-05,4.979984887451393e-05
208,negative_cross_entropy,0.5,3253,15,20,1.0,1.1394043940257501,0.2395040187737424,0.6784303911894591,1.1394043940257501,6,0.06115135807478084,0.061212307134219435,6.094905943859752e-05,6.09490594385835e-05
208,negative_cross_entropy,0.5,3253,15,20,1.0,1.1394043940257501,0.2395040187737424,0.6784303911894591,1.1394043940257501,7,0.027927820705824755,0.028093801347039538,0.00016598064121478226,0.00016598064121478567
209,accuracy,0.5,3253,15,20,1.0,1.1394043940257501,0.2395040187737424,0.6784303911894591,1.1394043940257501,0,0.012395238095238108,0.017000000000000015,0.004604761904761907,0.004604761904761917
209,accuracy,0.5,3253,15,20,1.0,1.1394043940257501,0.2395040187737424,0.6784303911894591,1.1394043940257501,1,0.016342857142857138,0.020000000000000018,0.0036571428571428796,0.003657142857142885
209,accuracy,0.5,3253,15,20,1.0,1.1394043940257501,0.2395040187737424,0.6784303911894591,1.1394043940257501,2,0.0176047619047619,0.019000000000000017,0.001395238095238116,0.001395238095238116
209,accuracy,0.5,3253,15,20,1.0,1.1394043940257501,0.2395040187737424,0.6784303911894591,1.1394043940257501,3,0.0030523809523809696,0.01100000000000001,0.00794761904761904,0.007947619047619044
209,accuracy,0.5,3253,15,20,1.0,1.1394043940257501,0.2395040187737424,0.6784303911894591,1.1394043940257501,4,0.01502857142857144,0.02300000000000002,0.00797142857142858,0.007971428571428602
209,accuracy,0.5,3253,15,20,1.0,1.1394043940257501,0.2395040187737424,0.6784303911894591,1.1394043940257501,5,0.002628571428571421,0.007000000000000006,0.004371428571428585,0.004371428571428578
209,accuracy,0.5,3253,15,20,1.0,1.1394043940257501,0.2395040187737424,0.6784303911894591,1.1394043940257501,6,0.035971428571428564,0.040000000000000036,0.004028571428571472,0.004028571428571465
209,accuracy,0.5,3253,15,20,1.0,1.1394043940257501,0.2395040187737424,0.6784303911894591,1.1394043940257501,7,0.008976190476190476,0.018000000000000016,0.00902380952380954,0.009023809523809545
210,negative_brier,0.5,3301,0,20,0.0625,1.5103240349715508,0.2826897404851228,1.157783035694002,0.09439525218572192,0,0.001021101839766732,0.0010210477670372087,-5.407272952334154e-08,-5.407272952438032e-08
210,negative_brier,0.5,3301,0,20,0.0625,1.5103240349715508,0.2826897404851228,1.157783035694002,0.09439525218572192,1,0.002653747799233663,0.002653672364025139,-7.543520852372129e-08,-7.54352085230976e-08
210,negative_brier,0.5,3301,0,20,0.0625,1.5103240349715508,0.2826897404851228,1.157783035694002,0.09439525218572192,2,0.002097103395582378,0.0020970649504771233,-3.8445105254684975e-08,-3.8445105254329764e-08
210,negative_brier,0.5,3301,0,20,0.0625,1.5103240349715508,0.2826897404851228,1.157783035694002,0.09439525218572192,3,0.001513593787197917,0.0015134619060444,-1.3188115351712472e-07,-1.3188115351765136e-07
210,negative_brier,0.5,3301,0,20,0.0625,1.5103240349715508,0.2826897404851228,1.157783035694002,0.09439525218572192,4,0.00200854956019326,0.0020085277003524804,-2.1859840779528406e-08,-2.185984077825626e-08
210,negative_brier,0.5,3301,0,20,0.0625,1.5103240349715508,0.2826897404851228,1.157783035694002,0.09439525218572192,5,0.0016254462459911808,0.0016254187173642132,-2.7528626967603456e-08,-2.7528626968187886e-08
210,negative_brier,0.5,3301,0,20,0.0625,1.5103240349715508,0.2826897404851228,1.157783035694002,0.09439525218572192,6,0.0006138672192753666,0.0006137912456357641,-7.597363960241531e-08,-7.597363960192071e-08
210,negative_brier,0.5,3301,0,20,0.0625,1.5103240349715508,0.2826897404851228,1.157783035694002,0.09439525218572192,7,0.0014077974866276686,0.0014077619131585006,-3.5573469167994934e-08,-3.557346916826548e-08
211,negative_cross_entropy,0.5,3301,0,20,0.0625,1.5103240349715508,0.2826897404851228,1.157783035694002,0.09439525218572192,0,0.0060411563200304655,0.006040039604966019,-1.1167150644466814e-06,-1.1167150644462278e-06
211,negative_cross_entropy,0.5,3301,0,20,0.0625,1.5103240349715508,0.2826897404851228,1.157783035694002,0.09439525218572192,1,0.015529416052026901,0.015527526936061298,-1.8891159656031498e-06,-1.8891159656036787e-06
211,negative_cross_entropy,0.5,3301,0,20,0.0625,1.5103240349715508,0.2826897404851228,1.157783035694002,0.09439525218572192,2,0.010694160565628628,0.010692838428566054,-1.3221370625746132e-06,-1.3221370625744152e-06
211,negative_cross_entropy,0.5,3301,0,20,0.0625,1.5103240349715508,0.2826897404851228,1.157783035694002,0.09439525218572192,3,0.008562389848073384,0.008561156310122442,-1.2335379509422623e-06,-1.2335379509387759e-06
211,negative_cross_entropy,0.5,3301,0,20,0.0625,1.5103240349715508,0.2826897404851228,1.157783035694002,0.09439525218572192,4,0.012015305744274642,0.012013509812161427,-1.7959321132153538e-06,-1.7959321132159156e-06
211,negative_cross_entropy,0.5,3301,0,20,0.0625,1.5103240349715508,0.2826897404851228,1.157783035694002,0.09439525218572192,5,0.009396337436273385,0.00939503857773949,-1.298858533895289e-06,-1.2988585338940833e-06
211,negative_cross_entropy,0.5,3301,0,20,0.0625,1.5103240349715508,0.2826897404851228,1.157783035694002,0.09439525218572192,6,0.0033650550468996565,0.0033644780035053667,-5.770433942897668e-07,-5.770433942897667e-07
211,negative_cross_entropy,0.5,3301,0,20,0.0625,1.5103240349715508,0.2826897404851228,1.157783035694002,0.09439525218572192,7,0.00722953308887941,0.007228371000588485,-1.1620882909247829e-06,-1.1620882909238338e-06
212,accuracy,0.5,3301,0,20,0.0625,1.5103240349715508,0.2826897404851228,1.157783035694002,0.09439525218572192,0,0.0007738095238095245,0.0020000000000000018,0.0012261904761904773,0.0012261904761904745
212,accuracy,0.5,3301,0,20,0.0625,1.5103240349715508,0.2826897404851228,1.157783035694002,0.09439525218572192,1,0.0011357142857142863,0.0020000000000000018,0.0008642857142857154,0.0008642857142857124
212,accuracy,0.5,3301,0,20,0.0625,1.5103240349715508,0.2826897404851228,1.157783035694002,0.09439525218572192,2,0.0007880952380952388,0.0020000000000000018,0.001211904761904763,0.0012119047619047604
212,accuracy,0.5,3301,0,20,0.0625,1.5103240349715508,0.2826897404851228,1.157783035694002,0.09439525218572192,3,0.0008166666666666674,0.0010000000000000009,0.00018333333333333353,0.0001833333333333319
212,accuracy,0.5,3301,0,20,0.0625,1.5103240349715508,0.2826897404851228,1.157783035694002,0.09439525218572192,4,0.0013500000000000005,0.0020000000000000018,0.0006500000000000013,0.0006499999999999978
212,accuracy,0.5,3301,0,20,0.0625,1.5103240349715508,0.2826897404851228,1.157783035694002,0.09439525218572192,5,0.0019690476190476203,0.0030000000000000027,0.0010309523809523824,0.0010309523809523798
212,accuracy,0.5,3301,0,20,0.0625,1.5103240349715508,0.2826897404851228,1.157783035694002,0.09439525218572192,6,0.0004119047619047624,0.0010000000000000009,0.0005880952380952385,0.0005880952380952378
212,accuracy,0.5,3301,0,20,0.0625,1.5103240349715508,0.2826897404851228,1.157783035694002,0.09439525218572192,7,0.0007547619047619056,0.0020000000000000018,0.0012452380952380961,0.0012452380952380944
213,negative_brier,0.5,3301,0,20,0.125,1.5103240349715508,0.2826897404851228,1.157783035694002,0.18879050437144385,0,0.002081531770786607,0.0020808888778748313,-6.428929117756853e-07,-6.428929117768292e-07
213,negative_brier,0.5,3301,0,20,0.125,1.5103240349715508,0.2826897404851228,1.157783035694002,0.18879050437144385,1,0.005416273165324512,0.005415356612882505,-9.165524420071819e-07,-9.165524420041914e-07
213,negative_brier,0.5,3301,0,20,0.125,1.5103240349715508,0.2826897404851228,1.157783035694002,0.18879050437144385,2,0.004278622704813553,0.004278058037752608,-5.646670609453161e-07,-5.646670609407311e-07
213,negative_brier,0.5,3301,0,20,0.125,1.5103240349715508,0.2826897404851228,1.157783035694002,0.18879050437144385,3,0.0030883435465161664,0.0030870344177168496,-1.3091287993168173e-06,-1.3091287993185653e-06
213,negative_brier,0.5,3301,0,20,0.125,1.5103240349715508,0.2826897404851228,1.157783035694002,0.18879050437144385,4,0.004117599907298171,0.004117088707036032,-5.112002621392511e-07,-5.112002621402008e-07
213,negative_brier,0.5,3301,0,20,0.125,1.5103240349715508,0.2826897404851228,1.157783035694002,0.18879050437144385,5,0.003342389522576227,0.0033418653712946056,-5.241512816213552e-07,-5.241512816224411e-07
213,negative_brier,0.5,3301,0,20,0.125,1.5103240349715508,0.2826897404851228,1.157783035694002,0.18879050437144385,6,0.0012453937812953318,0.0012446535712918316,-7.402100035002086e-07,-7.402100034997744e-07
213,negative_brier,0.5,3301,0,20,0.125,1.5103240349715508,0.2826897404851228,1.157783035694002,0.18879050437144385,7,0.0028768833064532796,0.0028763400846956166,-5.432217576629983e-07,-5.432217576652119e-07
214,negative_cross_entropy,0.5,3301,0,20,0.125,1.5103240349715508,0.2826897404851228,1.157783035694002,0.18879050437144385,0,0.012002351450449705,0.011993378750398964,-8.972700050740787e-06,-8.972700050737168e-06
214,negative_cross_entropy,0.5,3301,0,20,0.125,1.5103240349715508,0.2826897404851228,1.157783035694002,0.18879050437144385,1,0.030876115104231862,0.030860927047960285,-1.5188056271576988e-05,-1.518805627156608e-05
214,negative_cross_entropy,0.5,3301,0,20,0.125,1.5103240349715508,0.2826897404851228,1.157783035694002,0.18879050437144385,2,0.021263492227103123,0.021252925734419836,-1.0566492683286577e-05,-1.0566492683271108e-05
214,negative_cross_entropy,0.5,3301,0,20,0.125,1.5103240349715508,0.2826897404851228,1.157783035694002,0.18879050437144385,3,0.016998663498976344,0.016988792326205315,-9.871172771028225e-06,-9.87117277101434e-06
214,negative_cross_entropy,0.5,3301,0,20,0.125,1.5103240349715508,0.2826897404851228,1.157783035694002,0.18879050437144385,4,0.02391146240835741,0.02389696444968381,-1.4497958673597572e-05,-1.4497958673590867e-05
214,negative_cross_entropy,0.5,3301,0,20,0.125,1.5103240349715508,0.2826897404851228,1.157783035694002,0.18879050437144385,5,0.01869180505791449,0.01868133297094321,-1.0472086971281824e-05,-1.0472086971264572e-05
214,negative_cross_entropy,0.5,3301,0,20,0.125,1.5103240349715508,0.2826897404851228,1.157783035694002,0.18879050437144385,6,0.006667565133750987,0.0066629951725665215,-4.569961184465628e-06,-4.569961184467242e-06
214,negative_cross_entropy,0.5,3301,0,20,0.125,1.5103240349715508,0.2826897404851228,1.157783035694002,0.18879050437144385,7,0.014364976885905453,0.014355607590359476,-9.369295545976972e-06,-9.369295545976389e-06
215,accuracy,0.5,3301,0,20,0.125,1.5103240349715508,0.2826897404851228,1.157783035694002,0.18879050437144385,0,0.001059523809523811,0.0020000000000000018,0.0009404761904761908,0.0009404761904761895
215,accuracy,0.5,3301,0,20,0.125,1.5103240349715508,0.2826897404851228,1.157783035694002,0.18879050437144385,1,0.0020452380952380956,0.0030000000000000027,0.000954761904761907,0.0009547619047619053
215,accuracy,0.5,3301,0,20,0.125,1.5103240349715508,0.2826897404851228,1.157783035694002,0.18879050437144385,2,0.0014738095238095246,0.0010000000000000009,-0.0004738095238095237,-0.0004738095238095261
215,accuracy,0.5,3301,0,20,0.125,1.5103240349715508,0.2826897404851228,1.157783035694002,0.18879050437144385,3,0.002897619047619047,0.003999999999999997,0.0011023809523809497,0.0011023809523809493
215,accuracy,0.5,3301,0,20,0.125,1.5103240349715508,0.2826897404851228,1.157783035694002,0.18879050437144385,4,0.003230952380952379,0.003999999999999997,0.0007690476190476176,0.0007690476190476152
215,accuracy,0.5,3301,0,20,0.125,1.5103240349715508,0.2826897404851228,1.157783035694002,0.18879050437144385,5,0.0029595238095238125,0.0030000000000000027,4.047619047619017e-05,4.0476190476190386e-05
215,accuracy,0.5,3301,0,20,0.125,1.5103240349715508,0.2826897404851228,1.157783035694002,0.18879050437144385,6,0.0008452380952380971,0.0020000000000000018,0.0011547619047619045,0.001154761904761904
215,accuracy,0.5,3301,0,20,0.125,1.5103240349715508,0.2826897404851228,1.157783035694002,0.18879050437144385,7,0.0034880952380952376,0.003999999999999997,0.000511904761904759,0.0005119047619047583
216,negative_brier,0.5,3301,0,20,0.25,1.5103240349715508,0.2826897404851228,1.157783035694002,0.3775810087428877,0,0.004312466033431846,0.004303313727986147,-9.152305445699234e-06,-9.152305445700716e-06
216,negative_brier,0.5,3301,0,20,0.25,1.5103240349715508,0.2826897404851228,1.157783035694002,0.3775810087428877,1,0.011254662632353205,0.011241301467424636,-1.3361164928568994e-05,-1.3361164928567858e-05
216,negative_brier,0.5,3301,0,20,0.25,1.5103240349715508,0.2826897404851228,1.157783035694002,0.3775810087428877,2,0.008884260876169751,0.008874765987548383,-9.494888621367978e-06,-9.49488862136588e-06
216,negative_brier,0.5,3301,0,20,0.25,1.5103240349715508,0.2826897404851228,1.157783035694002,0.3775810087428877,3,0.006403997946841109,0.006388847540753251,-1.5150406087858018e-05,-1.515040608785476e-05
216,negative_brier,0.5,3301,0,20,0.25,1.5103240349715508,0.2826897404851228,1.157783035694002,0.3775810087428877,4,0.0086296431812045,0.008619007859453465,-1.0635321751035695e-05,-1.0635321751032405e-05
216,negative_brier,0.5,3301,0,20,0.25,1.5103240349715508,0.2826897404851228,1.157783035694002,0.3775810087428877,5,0.007042946956118192,0.007032822663400273,-1.0124292717918724e-05,-1.0124292717918272e-05
216,negative_brier,0.5,3301,0,20,0.25,1.5103240349715508,0.2826897404851228,1.157783035694002,0.3775810087428877,6,0.002553229289553537,0.0025449459069900038,-8.283382563533358e-06,-8.283382563534095e-06
216,negative_brier,0.5,3301,0,20,0.25,1.5103240349715508,0.2826897404851228,1.157783035694002,0.3775810087428877,7,0.005989710900940643,0.005980394986599913,-9.315914340730057e-06,-9.315914340729405e-06
217,negative_cross_entropy,0.5,3301,0,20,0.25,1.5103240349715508,0.2826897404851228,1.157783035694002,0.3775810087428877,0,0.023591907665154434,0.023520271318640207,-7.163634651422696e-05,-7.1636346514224e-05
217,negative_cross_entropy,0.5,3301,0,20,0.25,1.5103240349715508,0.2826897404851228,1.157783035694002,0.3775810087428877,1,0.0608154462582985,0.06069384994158522,-0.00012159631671328219,-0.00012159631671332224
217,negative_cross_entropy,0.5,3301,0,20,0.25,1.5103240349715508,0.2826897404851228,1.157783035694002,0.3775810087428877,2,0.04190015148397533,0.04181669175078717,-8.345973318815703e-05,-8.345973318818637e-05
217,negative_cross_entropy,0.5,3301,0,20,0.25,1.5103240349715508,0.2826897404851228,1.157783035694002,0.3775810087428877,3,0.03337593956709142,0.03329780173403374,-7.813783305768429e-05,-7.813783305770096e-05
217,negative_cross_entropy,0.5,3301,0,20,0.25,1.5103240349715508,0.2826897404851228,1.157783035694002,0.3775810087428877,4,0.04716947610302682,0.04705247096057952,-0.00011700514244730037,-0.00011700514244732292
217,negative_cross_entropy,0.5,3301,0,20,0.25,1.5103240349715508,0.2826897404851228,1.157783035694002,0.3775810087428877,5,0.03685178396549179,0.036767453231666414,-8.433073382537598e-05,-8.43307338253885e-05
217,negative_cross_entropy,0.5,3301,0,20,0.25,1.5103240349715508,0.2826897404851228,1.157783035694002,0.3775810087428877,6,0.013042376313156372,0.013007016734078114,-3.5359579078258e-05,-3.5359579078257715e-05
217,negative_cross_entropy,0.5,3301,0,20,0.25,1.5103240349715508,0.2826897404851228,1.157783035694002,0.3775810087428877,7,0.028249914791402545,0.028174553303563554,-7.536148783899091e-05,-7.536148783898584e-05
218,accuracy,0.5,3301,0,20,0.25,1.5103240349715508,0.2826897404851228,1.157783035694002,0.3775810087428877,0,0.0075928571428571425,0.013999999999999999,0.006407142857142856,0.006407142857142858
218,accuracy,0.5,3301,0,20,0.25,1.5103240349715508,0.2826897404851228,1.157783035694002,0.3775810087428877,1,0.01502619047619047,0.017999999999999988,0.0029738095238095175,0.0029738095238095196
218,accuracy,0.5,3301,0,20,0.25,1.5103240349715508,0.2826897404851228,1.157783035694002,0.3775810087428877,2,0.01325,0.01999999999999999,0.00674999999999999,0.006749999999999996
218,accuracy,0.5,3301,0,20,0.25,1.5103240349715508,0.2826897404851228,1.157783035694002,0.3775810087428877,3,0.010283333333333335,0.012999999999999998,0.0027166666666666624,0.002716666666666665
218,accuracy,0.5,3301,0,20,0.25,1.5103240349715508,0.2826897404851228,1.157783035694002,0.3775810087428877,4,0.011978571428571429,0.01999999999999999,0.008021428571428561,0.00802142857142857
218,accuracy,0.5,3301,0,20,0.25,1.5103240349715508,0.2826897404851228,1.157783035694002,0.3775810087428877,5,0.012126190476190473,0.017,0.0048738095238095285,0.004873809523809525
218,accuracy,0.5,3301,0,20,0.25,1.5103240349715508,0.2826897404851228,1.157783035694002,0.3775810087428877,6,0.004707142857142858,0.007999999999999993,0.0032928571428571356,0.003292857142857138
218,accuracy,0.5,3301,0,20,0.25,1.5103240349715508,0.2826897404851228,1.157783035694002,0.3775810087428877,7,0.01103571428571429,0.016,0.004964285714285711,0.00496428571428572
219,negative_brier,0.5,3301,0,20,0.5,1.5103240349715508,0.2826897404851228,1.157783035694002,0.7551620174857754,0,0.0090753658270546,0.008927517042571831,-0.00014784878448276945,-0.0001478487844827679
219,negative_brier,0.5,3301,0,20,0.5,1.5103240349715508,0.2826897404851228,1.157783035694002,0.7551620174857754,1,0.023933035757322564,0.023709385386658788,-0.0002236503706637763,-0.00022365037066377768
219,negative_brier,0.5,3301,0,20,0.5,1.5103240349715508,0.2826897404851228,1.157783035694002,0.7551620174857754,2,0.018867632746750084,0.018695540874222205,-0.00017209187252787903,-0.0001720918725278828
219,negative_brier,0.5,3301,0,20,0.5,1.5103240349715508,0.2826897404851228,1.157783035694002,0.7551620174857754,3,0.01347156919895818,0.013269039039582209,-0.00020253015937597187,-0.0002025301593759696
219,negative_brier,0.5,3301,0,20,0.5,1.5103240349715508,0.2826897404851228,1.157783035694002,0.7551620174857754,4,0.018615187736321245,0.01840160445643796,-0.00021358327988328651,-0.00021358327988327852
219,negative_brier,0.5,3301,0,20,0.5,1.5103240349715508,0.2826897404851228,1.157783035694002,0.7551620174857754,5,0.015305551798889056,0.015109192092085721,-0.00019635970680333473,-0.00019635970680333416
219,negative_brier,0.5,3301,0,20,0.5,1.5103240349715508,0.2826897404851228,1.157783035694002,0.7551620174857754,6,0.005247521044649889,0.0051433980072446706,-0.00010412303740521805,-0.00010412303740521733
219,negative_brier,0.5,3301,0,20,0.5,1.5103240349715508,0.2826897404851228,1.157783035694002,0.7551620174857754,7,0.012731741769873808,0.012562690790863473,-0.00016905097901033506,-0.00016905097901033161
220,negative_cross_entropy,0.5,3301,0,20,0.5,1.5103240349715508,0.2826897404851228,1.157783035694002,0.7551620174857754,0,0.044807066784381254,0.04426918264761437,-0.0005378841367668849,-0.0005378841367669035
220,negative_cross_entropy,0.5,3301,0,20,0.5,1.5103240349715508,0.2826897404851228,1.157783035694002,0.7551620174857754,1,0.11625398843928034,0.11532790622400968,-0.0009260822152706571,-0.0009260822152706328
220,negative_cross_entropy,0.5,3301,0,20,0.5,1.5103240349715508,0.2826897404851228,1.157783035694002,0.7551620174857754,2,0.08032130975788142,0.07970749970857949,-0.00061381004930193,-0.000613810049301919
220,negative_cross_entropy,0.5,3301,0,20,0.5,1.5103240349715508,0.2826897404851228,1.157783035694002,0.7551620174857754,3,0.06336620688074203,0.0627920501389504,-0.0005741567417916343,-0.0005741567417915777
220,negative_cross_entropy,0.5,3301,0,20,0.5,1.5103240349715508,0.2826897404851228,1.157783035694002,0.7551620174857754,4,0.09030778110376199,0.08940300564356984,-0.0009047754601921448,-0.000904775460192128
220,negative_cross_entropy,0.5,3301,0,20,0.5,1.5103240349715508,0.2826897404851228,1.157783035694002,0.7551620174857754,5,0.07054709979737522,0.06989840454323659,-0.0006486952541386315,-0.0006486952541385766
220,negative_cross_entropy,0.5,3301,0,20,0.5,1.5103240349715508,0.2826897404851228,1.157783035694002,0.7551620174857754,6,0.02460247596711232,0.024357138929006816,-0.0002453370381055031,-0.00024533703810549525
220,negative_cross_entropy,0.5,3301,0,20,0.5,1.5103240349715508,0.2826897404851228,1.157783035694002,0.7551620174857754,7,0.05376097018226394,0.05318608893095422,-0.0005748812513097154,-0.000574881251309729
221,accuracy,0.5,3301,0,20,0.5,1.5103240349715508,0.2826897404851228,1.157783035694002,0.7551620174857754,0,0.016478571428571426,0.014000000000000012,-0.0024785714285714133,-0.0024785714285713786
221,accuracy,0.5,3301,0,20,0.5,1.5103240349715508,0.2826897404851228,1.157783035694002,0.7551620174857754,1,0.04620238095238093,0.039,-0.007202380952380932,-0.007202380952380925
221,accuracy,0.5,3301,0,20,0.5,1.5103240349715508,0.2826897404851228,1.157783035694002,0.7551620174857754,2,0.041973809523809504,0.035000000000000024,-0.006973809523809479,-0.006973809523809486
221,accuracy,0.5,3301,0,20,0.5,1.5103240349715508,0.2826897404851228,1.157783035694002,0.7551620174857754,3,0.032188095238095245,0.026000000000000023,-0.006188095238095222,-0.006188095238095208
221,accuracy,0.5,3301,0,20,0.5,1.5103240349715508,0.2826897404851228,1.157783035694002,0.7551620174857754,4,0.02997857142857143,0.02100000000000002,-0.008978571428571412,-0.008978571428571398
221,accuracy,0.5,3301,0,20,0.5,1.5103240349715508,0.2826897404851228,1.157783035694002,0.7551620174857754,5,0.030592857142857144,0.019000000000000017,-0.011592857142857127,-0.01159285714285712
221,accuracy,0.5,3301,0,20,0.5,1.5103240349715508,0.2826897404851228,1.157783035694002,0.7551620174857754,6,0.0139452380952381,0.013000000000000012,-0.0009452380952380893,-0.0009452380952380615
221,accuracy,0.5,3301,0,20,0.5,1.5103240349715508,0.2826897404851228,1.157783035694002,0.7551620174857754,7,0.028640476190476195,0.02200000000000002,-0.006640476190476176,-0.006640476190476148
222,negative_brier,0.5,3301,0,20,1.0,1.5103240349715508,0.2826897404851228,1.157783035694002,1.5103240349715508,0,0.017730506881817144,0.01596747831409906,-0.0017630285677180842,-0.0017630285677180863
222,negative_brier,0.5,3301,0,20,1.0,1.5103240349715508,0.2826897404851228,1.157783035694002,1.5103240349715508,1,0.04895741675993608,0.04598614148902197,-0.002971275270914113,-0.002971275270914096
222,negative_brier,0.5,3301,0,20,1.0,1.5103240349715508,0.2826897404851228,1.157783035694002,1.5103240349715508,2,0.038784577727584854,0.036492877231977416,-0.0022917004956074377,-0.002291700495607437
222,negative_brier,0.5,3301,0,20,1.0,1.5103240349715508,0.2826897404851228,1.157783035694002,1.5103240349715508,3,0.026506055446817563,0.02453958393603467,-0.0019664715107828926,-0.001966471510782888
222,negative_brier,0.5,3301,0,20,1.0,1.5103240349715508,0.2826897404851228,1.157783035694002,1.5103240349715508,4,0.03844178600812419,0.035400458661137446,-0.0030413273469867413,-0.003041327346986723
222,negative_brier,0.5,3301,0,20,1.0,1.5103240349715508,0.2826897404851228,1.157783035694002,1.5103240349715508,5,0.031676611261296304,0.029073037877590857,-0.0026035733837054473,-0.0026035733837054525
222,negative_brier,0.5,3301,0,20,1.0,1.5103240349715508,0.2826897404851228,1.157783035694002,1.5103240349715508,6,0.009879442073985386,0.008999865166019083,-0.0008795769079663028,-0.0008795769079662998
222,negative_brier,0.5,3301,0,20,1.0,1.5103240349715508,0.2826897404851228,1.157783035694002,1.5103240349715508,7,0.02543291263531505,0.023293324705208174,-0.0021395879301068753,-0.002139587930106878
223,negative_cross_entropy,0.5,3301,0,20,1.0,1.5103240349715508,0.2826897404851228,1.157783035694002,1.5103240349715508,0,0.07573188414707581,0.0731434859754676,-0.0025883981716082055,-0.0025883981716082207
223,negative_cross_entropy,0.5,3301,0,20,1.0,1.5103240349715508,0.2826897404851228,1.157783035694002,1.5103240349715508,1,0.20031022018352537,0.1955119212459706,-0.0047982989375547624,-0.004798298937554705
223,negative_cross_entropy,0.5,3301,0,20,1.0,1.5103240349715508,0.2826897404851228,1.157783035694002,1.5103240349715508,2,0.14105262558681614,0.13820440902071085,-0.0028482165661052883,-0.0028482165661052857
223,negative_cross_entropy,0.5,3301,0,20,1.0,1.5103240349715508,0.2826897404851228,1.157783035694002,1.5103240349715508,3,0.10800633198127739,0.10560705766665934,-0.0023992743146180467,-0.002399274314618021
223,negative_cross_entropy,0.5,3301,0,20,1.0,1.5103240349715508,0.2826897404851228,1.157783035694002,1.5103240349715508,4,0.1550915708725407,0.15021924600804115,-0.004872324864499539,-0.00487232486449955
223,negative_cross_entropy,0.5,3301,0,20,1.0,1.5103240349715508,0.2826897404851228,1.157783035694002,1.5103240349715508,5,0.12167157216454873,0.11831428402687649,-0.0033572881376722347,-0.003357288137672245
223,negative_cross_entropy,0.5,3301,0,20,1.0,1.5103240349715508,0.2826897404851228,1.157783035694002,1.5103240349715508,6,0.041794619416500804,0.04099404848137089,-0.0008005709351299115,-0.0008005709351299029
223,negative_cross_entropy,0.5,3301,0,20,1.0,1.5103240349715508,0.2826897404851228,1.157783035694002,1.5103240349715508,7,0.09155016624705596,0.08873049536376121,-0.002819670883294753,-0.002819670883294743
224,accuracy,0.5,3301,0,20,1.0,1.5103240349715508,0.2826897404851228,1.157783035694002,1.5103240349715508,0,0.024771428571428552,0.018000000000000016,-0.006771428571428536,-0.0067714285714285775
224,accuracy,0.5,3301,0,20,1.0,1.5103240349715508,0.2826897404851228,1.157783035694002,1.5103240349715508,1,0.09449047619047621,0.078,-0.016490476190476208,-0.016490476190476215
224,accuracy,0.5,3301,0,20,1.0,1.5103240349715508,0.2826897404851228,1.157783035694002,1.5103240349715508,2,0.09000952380952379,0.08199999999999999,-0.0080095238095238,-0.008009523809523831
224,accuracy,0.5,3301,0,20,1.0,1.5103240349715508,0.2826897404851228,1.157783035694002,1.5103240349715508,3,0.05006190476190479,0.031000000000000014,-0.019061904761904773,-0.019061904761904773
224,accuracy,0.5,3301,0,20,1.0,1.5103240349715508,0.2826897404851228,1.157783035694002,1.5103240349715508,4,0.058957142857142965,0.046000000000000034,-0.012957142857142931,-0.012957142857142875
224,accuracy,0.5,3301,0,20,1.0,1.5103240349715508,0.2826897404851228,1.157783035694002,1.5103240349715508,5,0.04699047619047627,0.032000000000000015,-0.014990476190476255,-0.014990476190476193
224,accuracy,0.5,3301,0,20,1.0,1.5103240349715508,0.2826897404851228,1.157783035694002,1.5103240349715508,6,0.01140000000000001,0.0010000000000000009,-0.01040000000000001,-0.010400000000000006
224,accuracy,0.5,3301,0,20,1.0,1.5103240349715508,0.2826897404851228,1.157783035694002,1.5103240349715508,7,0.04131904761904764,0.03600000000000002,-0.005319047619047619,-0.005319047619047605
225,negative_brier,0.5,3301,15,20,0.0625,1.0534887688397836,0.20287185959862222,0.7026734777255695,0.06584304805248647,0,0.00047085143946537153,0.00047088098620584606,2.9546740474531603e-08,2.9546740474654503e-08
225,negative_brier,0.5,3301,15,20,0.0625,1.0534887688397836,0.20287185959862222,0.7026734777255695,0.06584304805248647,1,0.0015843161744994597,0.0015842784248114583,-3.7749688001388615e-08,-3.774968800091775e-08
225,negative_brier,0.5,3301,15,20,0.0625,1.0534887688397836,0.20287185959862222,0.7026734777255695,0.06584304805248647,2,0.001396487344175906,0.0013964193607183262,-6.798345757977504e-08,-6.79834575784926e-08
225,negative_brier,0.5,3301,15,20,0.0625,1.0534887688397836,0.20287185959862222,0.7026734777255695,0.06584304805248647,3,0.0007386105623558738,0.000738664391554511,5.3829198637237764e-08,5.3829198637125235e-08
225,negative_brier,0.5,3301,15,20,0.0625,1.0534887688397836,0.20287185959862222,0.7026734777255695,0.06584304805248647,4,0.0012177383673519808,0.001217701747207367,-3.6620144613745687e-08,-3.6620144612993984e-08
225,negative_brier,0.5,3301,15,20,0.0625,1.0534887688397836,0.20287185959862222,0.7026734777255695,0.06584304805248647,5,0.0009309588188955492,0.0009309370734231215,-2.1745472427716836e-08,-2.1745472427751955e-08
225,negative_brier,0.5,3301,15,20,0.0625,1.0534887688397836,0.20287185959862222,0.7026734777255695,0.06584304805248647,6,0.0002430217146066348,0.00024306508379640102,4.336918976621438e-08,4.336918976615992e-08
225,negative_brier,0.5,3301,15,20,0.0625,1.0534887688397836,0.20287185959862222,0.7026734777255695,0.06584304805248647,7,0.0007156747124419931,0.0007156796443514857,4.9319094925625445e-09,4.931909492440701e-09
226,negative_cross_entropy,0.5,3301,15,20,0.0625,1.0534887688397836,0.20287185959862222,0.7026734777255695,0.06584304805248647,0,0.0014783634658598365,0.0014783991273192854,3.566145944885503e-08,3.5661459448671236e-08
226,negative_cross_entropy,0.5,3301,15,20,0.0625,1.0534887688397836,0.20287185959862222,0.7026734777255695,0.06584304805248647,1,0.004667271714448316,0.0046672172292165914,-5.448523172479208e-08,-5.448523172450298e-08
226,negative_cross_entropy,0.5,3301,15,20,0.0625,1.0534887688397836,0.20287185959862222,0.7026734777255695,0.06584304805248647,2,0.0036147162013602193,0.003614650502046013,-6.569931420641675e-08,-6.569931420669348e-08
226,negative_cross_entropy,0.5,3301,15,20,0.0625,1.0534887688397836,0.20287185959862222,0.7026734777255695,0.06584304805248647,3,0.0022804176525357284,0.002280462921786963,4.526925123475578e-08,4.5269251235168815e-08
226,negative_cross_entropy,0.5,3301,15,20,0.0625,1.0534887688397836,0.20287185959862222,0.7026734777255695,0.06584304805248647,4,0.003436582890034737,0.0034365456487778223,-3.724125691466004e-08,-3.724125691400335e-08
226,negative_cross_entropy,0.5,3301,15,20,0.0625,1.0534887688397836,0.20287185959862222,0.7026734777255695,0.06584304805248647,5,0.002651835349385216,0.0026518017121519577,-3.3637233258325405e-08,-3.363723325777198e-08
226,negative_cross_entropy,0.5,3301,15,20,0.0625,1.0534887688397836,0.20287185959862222,0.7026734777255695,0.06584304805248647,6,0.0008155751509686828,0.0008156253834131766,5.023244449380276e-08,5.023244449419202e-08
226,negative_cross_entropy,0.5,3301,15,20,0.0625,1.0534887688397836,0.20287185959862222,0.7026734777255695,0.06584304805248647,7,0.001854401432189198,0.0018544138116983744,1.2379509176443926e-08,1.2379509176229155e-08
227,accuracy,0.5,3301,15,20,0.0625,1.0534887688397836,0.20287185959862222,0.7026734777255695,0.06584304805248647,0,-0.00012619047619047766,-0.0020000000000000018,-0.0018738095238095241,-0.0018738095238095137
227,accuracy,0.5,3301,15,20,0.0625,1.0534887688397836,0.20287185959862222,0.7026734777255695,0.06584304805248647,1,0.002416666666666669,0.0020000000000000018,-0.0004166666666666672,-0.00041666666666665894
227,accuracy,0.5,3301,15,20,0.0625,1.0534887688397836,0.20287185959862222,0.7026734777255695,0.06584304805248647,2,0.0030595238095238136,0.0030000000000000027,-5.952380952381096e-05,-5.9523809523797516e-05
227,accuracy,0.5,3301,15,20,0.0625,1.0534887688397836,0.20287185959862222,0.7026734777255695,0.06584304805248647,3,0.0006738095238095262,0.0010000000000000009,0.0003261904761904747,0.0003261904761904834
227,accuracy,0.5,3301,15,20,0.0625,1.0534887688397836,0.20287185959862222,0.7026734777255695,0.06584304805248647,4,0.0021357142857142885,0.0010000000000000009,-0.0011357142857142876,-0.001135714285714278
227,accuracy,0.5,3301,15,20,0.0625,1.0534887688397836,0.20287185959862222,0.7026734777255695,0.06584304805248647,5,0.000902380952380954,0.0020000000000000018,0.0010976190476190478,0.0010976190476190556
227,accuracy,0.5,3301,15,20,0.0625,1.0534887688397836,0.20287185959862222,0.7026734777255695,0.06584304805248647,6,-7.142857142856604e-06,0.0010000000000000009,0.0010071428571428575,0.0010071428571428662
227,accuracy,0.5,3301,15,20,0.0625,1.0534887688397836,0.20287185959862222,0.7026734777255695,0.06584304805248647,7,0.0009452380952380962,0.0020000000000000018,0.0010547619047619056,0.001054761904761916
228,negative_brier,0.5,3301,15,20,0.125,1.0534887688397836,0.20287185959862222,0.7026734777255695,0.13168609610497295,0,0.0009370805527814182,0.0009373238289520636,2.432761706454116e-07,2.4327617064551504e-07
228,negative_brier,0.5,3301,15,20,0.125,1.0534887688397836,0.20287185959862222,0.7026734777255695,0.13168609610497295,1,0.0031675692747154234,0.003167252863205461,-3.1641150996259554e-07,-3.1641150996215773e-07
228,negative_brier,0.5,3301,15,20,0.125,1.0534887688397836,0.20287185959862222,0.7026734777255695,0.13168609610497295,2,0.0027986000366146467,0.002798039045892431,-5.60990722215781e-07,-5.609907222160163e-07
228,negative_brier,0.5,3301,15,20,0.125,1.0534887688397836,0.20287185959862222,0.7026734777255695,0.13168609610497295,3,0.001476815028121288,0.0014772510353304735,4.3600720918543154e-07,4.3600720918492353e-07
228,negative_brier,0.5,3301,15,20,0.125,1.0534887688397836,0.20287185959862222,0.7026734777255695,0.13168609610497295,4,0.0024279396942790683,0.0024276388693723616,-3.0082490670669745e-07,-3.0082490670673467e-07
228,negative_brier,0.5,3301,15,20,0.125,1.0534887688397836,0.20287185959862222,0.7026734777255695,0.13168609610497295,5,0.0018549934771473413,0.001854813203963912,-1.8027318342923523e-07,-1.802731834293385e-07
228,negative_brier,0.5,3301,15,20,0.125,1.0534887688397836,0.20287185959862222,0.7026734777255695,0.13168609610497295,6,0.0004860790994415612,0.0004864353499063889,3.562504648277191e-07,3.5625046482761537e-07
228,negative_brier,0.5,3301,15,20,0.125,1.0534887688397836,0.20287185959862222,0.7026734777255695,0.13168609610497295,7,0.0014201555632288472,0.0014202006369515296,4.5073722682422226e-08,4.507372268216407e-08
229,negative_cross_entropy,0.5,3301,15,20,0.125,1.0534887688397836,0.20287185959862222,0.7026734777255695,0.13168609610497295,0,0.002926278018014,0.0029265706834074035,2.9266539340339764e-07,2.9266539340269556e-07
229,negative_cross_entropy,0.5,3301,15,20,0.125,1.0534887688397836,0.20287185959862222,0.7026734777255695,0.13168609610497295,1,0.009242698874563745,0.009242275022558921,-4.238520048237271e-07,-4.238520048195305e-07
229,negative_cross_entropy,0.5,3301,15,20,0.125,1.0534887688397836,0.20287185959862222,0.7026734777255695,0.13168609610497295,2,0.00719344257588842,0.00719291747545181,-5.251004366099016e-07,-5.251004366099844e-07
229,negative_cross_entropy,0.5,3301,15,20,0.125,1.0534887688397836,0.20287185959862222,0.7026734777255695,0.13168609610497295,3,0.00452795590769814,0.004528321327777696,3.654200795557769e-07,3.654200795555869e-07
229,negative_cross_entropy,0.5,3301,15,20,0.125,1.0534887688397836,0.20287185959862222,0.7026734777255695,0.13168609610497295,4,0.006794198282624496,0.0067939139087176414,-2.8437390685483177e-07,-2.8437390685666565e-07
229,negative_cross_entropy,0.5,3301,15,20,0.125,1.0534887688397836,0.20287185959862222,0.7026734777255695,0.13168609610497295,5,0.005246085512787002,0.005245824807186272,-2.607056007299449e-07,-2.607056007316218e-07
229,negative_cross_entropy,0.5,3301,15,20,0.125,1.0534887688397836,0.20287185959862222,0.7026734777255695,0.13168609610497295,6,0.0016246757670696505,0.0016250824880692516,4.0672099960105575e-07,4.067209996003848e-07
229,negative_cross_entropy,0.5,3301,15,20,0.125,1.0534887688397836,0.20287185959862222,0.7026734777255695,0.13168609610497295,7,0.0036689404294363657,0.003669047671682968,1.0724224660217663e-07,1.0724224660292006e-07
230,accuracy,0.5,3301,15,20,0.125,1.0534887688397836,0.20287185959862222,0.7026734777255695,0.13168609610497295,0,0.004147619047619052,0.006000000000000005,0.0018523809523809534,0.0018523809523809504
230,accuracy,0.5,3301,15,20,0.125,1.0534887688397836,0.20287185959862222,0.7026734777255695,0.13168609610497295,1,0.007566666666666673,0.009000000000000008,0.001433333333333335,0.0014333333333333424
230,accuracy,0.5,3301,15,20,0.125,1.0534887688397836,0.20287185959862222,0.7026734777255695,0.13168609610497295,2,0.007728571428571435,0.010000000000000009,0.0022714285714285735,0.002271428571428567
230,accuracy,0.5,3301,15,20,0.125,1.0534887688397836,0.20287185959862222,0.7026734777255695,0.13168609610497295,3,-0.0036380952380952424,-0.0040000000000000036,-0.0003619047619047612,-0.0003619047619047638
230,accuracy,0.5,3301,15,20,0.125,1.0534887688397836,0.20287185959862222,0.7026734777255695,0.13168609610497295,4,0.008361904761904772,0.008000000000000007,-0.00036190476190476467,-0.00036190476190476033
230,accuracy,0.5,3301,15,20,0.125,1.0534887688397836,0.20287185959862222,0.7026734777255695,0.13168609610497295,5,-0.0008714285714285716,-0.0020000000000000018,-0.0011285714285714302,-0.0011285714285714258
230,accuracy,0.5,3301,15,20,0.125,1.0534887688397836,0.20287185959862222,0.7026734777255695,0.13168609610497295,6,-0.0015714285714285726,-0.0020000000000000018,-0.0004285714285714292,-0.00042857142857141966
230,accuracy,0.5,3301,15,20,0.125,1.0534887688397836,0.20287185959862222,0.7026734777255695,0.13168609610497295,7,0.004276190476190477,0.0050000000000000044,0.0007238095238095276,0.0007238095238095198
231,negative_brier,0.5,3301,15,20,0.25,1.0534887688397836,0.20287185959862222,0.7026734777255695,0.2633721922099459,0,0.0018541439533270032,0.0018561946983676192,2.0507450406159755e-06,2.050745040615183e-06
231,negative_brier,0.5,3301,15,20,0.25,1.0534887688397836,0.20287185959862222,0.7026734777255695,0.2633721922099459,1,0.006315055221362447,0.006312313304973449,-2.741916388997352e-06,-2.7419163890004138e-06
231,negative_brier,0.5,3301,15,20,0.25,1.0534887688397836,0.20287185959862222,0.7026734777255695,0.2633721922099459,2,0.005609773886908029,0.005605030392595189,-4.743494312839554e-06,-4.743494312842159e-06
231,negative_brier,0.5,3301,15,20,0.25,1.0534887688397836,0.20287185959862222,0.7026734777255695,0.2633721922099459,3,0.0029506550848011084,0.0029542074711642607,3.5523863631523912e-06,3.552386363153429e-06
231,negative_brier,0.5,3301,15,20,0.25,1.0534887688397836,0.20287185959862222,0.7026734777255695,0.2633721922099459,4,0.004814536693402986,0.004812020681888907,-2.5160115140797704e-06,-2.5160115140809854e-06
231,negative_brier,0.5,3301,15,20,0.25,1.0534887688397836,0.20287185959862222,0.7026734777255695,0.2633721922099459,5,0.003673836199561162,0.0036723038232291394,-1.5323763320226717e-06,-1.5323763320230732e-06
231,negative_brier,0.5,3301,15,20,0.25,1.0534887688397836,0.20287185959862222,0.7026734777255695,0.2633721922099459,6,0.0009738121709484763,0.0009768058868381835,2.993715889707178e-06,2.993715889707115e-06
231,negative_brier,0.5,3301,15,20,0.25,1.0534887688397836,0.20287185959862222,0.7026734777255695,0.2633721922099459,7,0.002792847917708787,0.002793298709609482,4.5079190069468797e-07,4.5079190069474197e-07
232,negative_cross_entropy,0.5,3301,15,20,0.25,1.0534887688397836,0.20287185959862222,0.7026734777255695,0.2633721922099459,0,0.0057297574546745726,0.005732204255114892,2.446800440319627e-06,2.4468004403183886e-06
232,negative_cross_entropy,0.5,3301,15,20,0.25,1.0534887688397836,0.20287185959862222,0.7026734777255695,0.2633721922099459,1,0.018102046562171358,0.01809883811574209,-3.2084464292696235e-06,-3.2084464292901412e-06
232,negative_cross_entropy,0.5,3301,15,20,0.25,1.0534887688397836,0.20287185959862222,0.7026734777255695,0.2633721922099459,2,0.014231822278637247,0.014227620503403315,-4.201775233931421e-06,-4.201775233929142e-06
232,negative_cross_entropy,0.5,3301,15,20,0.25,1.0534887688397836,0.20287185959862222,0.7026734777255695,0.2633721922099459,3,0.008922710252951788,0.0089256733530243,2.9631000725109657e-06,2.963100072513774e-06
232,negative_cross_entropy,0.5,3301,15,20,0.25,1.0534887688397836,0.20287185959862222,0.7026734777255695,0.2633721922099459,4,0.01326206943410854,0.013260002787943814,-2.066646164726113e-06,-2.066646164721505e-06
232,negative_cross_entropy,0.5,3301,15,20,0.25,1.0534887688397836,0.20287185959862222,0.7026734777255695,0.2633721922099459,5,0.010254026430075553,0.010252061935964396,-1.9644941111566366e-06,-1.9644941111531176e-06
232,negative_cross_entropy,0.5,3301,15,20,0.25,1.0534887688397836,0.20287185959862222,0.7026734777255695,0.2633721922099459,6,0.003225352668793633,0.0032286740933077374,3.3214245141045644e-06,3.321424514105659e-06
232,negative_cross_entropy,0.5,3301,15,20,0.25,1.0534887688397836,0.20287185959862222,0.7026734777255695,0.2633721922099459,7,0.00717680788177527,0.007177784002901588,9.761211263179317e-07,9.76121126316272e-07
233,accuracy,0.5,3301,15,20,0.25,1.0534887688397836,0.20287185959862222,0.7026734777255695,0.2633721922099459,0,0.005166666666666667,-0.0010000000000000009,-0.0061666666666666675,-0.006166666666666681
233,accuracy,0.5,3301,15,20,0.25,1.0534887688397836,0.20287185959862222,0.7026734777255695,0.2633721922099459,1,0.012995238095238101,0.006000000000000005,-0.006995238095238096,-0.006995238095238113
233,accuracy,0.5,3301,15,20,0.25,1.0534887688397836,0.20287185959862222,0.7026734777255695,0.2633721922099459,2,0.015452380952380974,0.013000000000000012,-0.002452380952380963,-0.002452380952380963
233,accuracy,0.5,3301,15,20,0.25,1.0534887688397836,0.20287185959862222,0.7026734777255695,0.2633721922099459,3,-0.00666666666666668,-0.007000000000000006,-0.0003333333333333261,-0.00033333333333335213
233,accuracy,0.5,3301,15,20,0.25,1.0534887688397836,0.20287185959862222,0.7026734777255695,0.2633721922099459,4,0.017619047619047645,0.018000000000000016,0.0003809523809523707,0.0003809523809523707
233,accuracy,0.5,3301,15,20,0.25,1.0534887688397836,0.20287185959862222,0.7026734777255695,0.2633721922099459,5,0.000980952380952381,0.0010000000000000009,1.9047619047619924e-05,1.9047619047599107e-05
233,accuracy,0.5,3301,15,20,0.25,1.0534887688397836,0.20287185959862222,0.7026734777255695,0.2633721922099459,6,-0.0022380952380952404,-0.0030000000000000027,-0.0007619047619047623,-0.0007619047619047831
233,accuracy,0.5,3301,15,20,0.25,1.0534887688397836,0.20287185959862222,0.7026734777255695,0.2633721922099459,7,0.006690476190476198,0.0050000000000000044,-0.0016904761904761936,-0.0016904761904762144
234,negative_brier,0.5,3301,15,20,0.5,1.0534887688397836,0.20287185959862222,0.7026734777255695,0.5267443844198918,0,0.003616210767376004,0.003633990721550573,1.7779954174569103e-05,1.7779954174570753e-05
234,negative_brier,0.5,3301,15,20,0.5,1.0534887688397836,0.20287185959862222,0.7026734777255695,0.5267443844198918,1,0.012415096836497944,0.012390385650448033,-2.4711186049911765e-05,-2.4711186049911064e-05
234,negative_brier,0.5,3301,15,20,0.5,1.0534887688397836,0.20287185959862222,0.7026734777255695,0.5267443844198918,2,0.011186113732464212,0.011144603461408331,-4.1510271055880676e-05,-4.1510271055884925e-05
234,negative_brier,0.5,3301,15,20,0.5,1.0534887688397836,0.20287185959862222,0.7026734777255695,0.5267443844198918,3,0.005877054713743377,0.005905846906741563,2.8792192998185716e-05,2.8792192998190286e-05
234,negative_brier,0.5,3301,15,20,0.5,1.0534887688397836,0.20287185959862222,0.7026734777255695,0.5267443844198918,4,0.009369479824299585,0.009348102592218854,-2.1377232080730876e-05,-2.1377232080740414e-05
234,negative_brier,0.5,3301,15,20,0.5,1.0534887688397836,0.20287185959862222,0.7026734777255695,0.5267443844198918,5,0.007132388071341917,0.0071189461708742185,-1.3441900467698123e-05,-1.3441900467698175e-05
234,negative_brier,0.5,3301,15,20,0.5,1.0534887688397836,0.20287185959862222,0.7026734777255695,0.5267443844198918,6,0.0019678469489031064,0.001993862151978054,2.601520307494781e-05,2.601520307494892e-05
234,negative_brier,0.5,3301,15,20,0.5,1.0534887688397836,0.20287185959862222,0.7026734777255695,0.5267443844198918,7,0.005376087993371202,0.005381017699838231,4.929706467028845e-06,4.929706467029002e-06
235,negative_cross_entropy,0.5,3301,15,20,0.5,1.0534887688397836,0.20287185959862222,0.7026734777255695,0.5267443844198918,0,0.010962625528434092,0.010983521855179035,2.0896326744943017e-05,2.089632674493627e-05
235,negative_cross_entropy,0.5,3301,15,20,0.5,1.0534887688397836,0.20287185959862222,0.7026734777255695,0.5267443844198918,1,0.03455078045496564,0.03452786150393594,-2.291895102969621e-05,-2.291895102971881e-05
235,negative_cross_entropy,0.5,3301,15,20,0.5,1.0534887688397836,0.20287185959862222,0.7026734777255695,0.5267443844198918,2,0.027757555446403053,0.02772381507388555,-3.374037251750381e-05,-3.374037251748786e-05
235,negative_cross_entropy,0.5,3301,15,20,0.5,1.0534887688397836,0.20287185959862222,0.7026734777255695,0.5267443844198918,3,0.017301227441214942,0.01732509342205968,2.386598084473668e-05,2.386598084475268e-05
235,negative_cross_entropy,0.5,3301,15,20,0.5,1.0534887688397836,0.20287185959862222,0.7026734777255695,0.5267443844198918,4,0.02514158216675594,0.025128225785767566,-1.3356380988375355e-05,-1.3356380988358143e-05
235,negative_cross_entropy,0.5,3301,15,20,0.5,1.0534887688397836,0.20287185959862222,0.7026734777255695,0.5267443844198918,5,0.019498220560124638,0.019484150800841427,-1.4069759283211192e-05,-1.4069759283195733e-05
235,negative_cross_entropy,0.5,3301,15,20,0.5,1.0534887688397836,0.20287185959862222,0.7026734777255695,0.5267443844198918,6,0.0063707358884594984,0.006398076426475829,2.734053801633097e-05,2.7340538016330996e-05
235,negative_cross_entropy,0.5,3301,15,20,0.5,1.0534887688397836,0.20287185959862222,0.7026734777255695,0.5267443844198918,7,0.013699510951577763,0.01370886733479304,9.356383215277514e-06,9.356383215269086e-06
236,accuracy,0.5,3301,15,20,0.5,1.0534887688397836,0.20287185959862222,0.7026734777255695,0.5267443844198918,0,0.011564285714285721,0.015000000000000013,0.003435714285714292,0.0034357142857142538
236,accuracy,0.5,3301,15,20,0.5,1.0534887688397836,0.20287185959862222,0.7026734777255695,0.5267443844198918,1,0.02175952380952382,0.02300000000000002,0.0012404761904762016,0.00124047619047616
236,accuracy,0.5,3301,15,20,0.5,1.0534887688397836,0.20287185959862222,0.7026734777255695,0.5267443844198918,2,0.022611904761904777,0.02100000000000002,-0.0016119047619047588,-0.0016119047619047935
236,accuracy,0.5,3301,15,20,0.5,1.0534887688397836,0.20287185959862222,0.7026734777255695,0.5267443844198918,3,-0.008692857142857158,-0.0030000000000000027,0.005692857142857156,0.005692857142857111
236,accuracy,0.5,3301,15,20,0.5,1.0534887688397836,0.20287185959862222,0.7026734777255695,0.5267443844198918,4,0.024316666666666688,0.028000000000000025,0.003683333333333337,0.0036833333333333024
236,accuracy,0.5,3301,15,20,0.5,1.0534887688397836,0.20287185959862222,0.7026734777255695,0.5267443844198918,5,0.00020238095238097036,-0.0019999999999999463,-0.0022023809523809166,-0.0022023809523809487
236,accuracy,0.5,3301,15,20,0.5,1.0534887688397836,0.20287185959862222,0.7026734777255695,0.5267443844198918,6,-0.0026071428571428634,-0.0050000000000000044,-0.002392857142857141,-0.0023928571428571827
236,accuracy,0.5,3301,15,20,0.5,1.0534887688397836,0.20287185959862222,0.7026734777255695,0.5267443844198918,7,0.008845238095238102,0.010000000000000009,0.0011547619047619067,0.0011547619047618668
237,negative_brier,0.5,3301,15,20,1.0,1.0534887688397836,0.20287185959862222,0.7026734777255695,1.0534887688397836,0,0.006770185821919832,0.006921838104753164,0.0001516522828333318,0.00015165228283333363
237,negative_brier,0.5,3301,15,20,1.0,1.0534887688397836,0.20287185959862222,0.7026734777255695,1.0534887688397836,1,0.022857744469690088,0.022642173160762558,-0.0002155713089275306,-0.00021557130892754618
237,negative_brier,0.5,3301,15,20,1.0,1.0534887688397836,0.20287185959862222,0.7026734777255695,1.0534887688397836,2,0.021550732683951142,0.021185577803209732,-0.00036515488074140984,-0.00036515488074140816
237,negative_brier,0.5,3301,15,20,1.0,1.0534887688397836,0.20287185959862222,0.7026734777255695,1.0534887688397836,3,0.011537034622141723,0.011752005864566206,0.00021497124242448283,0.00021497124242448435
237,negative_brier,0.5,3301,15,20,1.0,1.0534887688397836,0.20287185959862222,0.7026734777255695,1.0534887688397836,4,0.016935971883991607,0.01676781667381283,-0.00016815521017877685,-0.00016815521017878642
237,negative_brier,0.5,3301,15,20,1.0,1.0534887688397836,0.20287185959862222,0.7026734777255695,1.0534887688397836,5,0.012839786952046212,0.01272712819244276,-0.00011265875960345118,-0.00011265875960344983
237,negative_brier,0.5,3301,15,20,1.0,1.0534887688397836,0.20287185959862222,0.7026734777255695,1.0534887688397836,6,0.0041360710415776596,0.004364679196722954,0.00022860815514529412,0.0002286081551452912
237,negative_brier,0.5,3301,15,20,1.0,1.0534887688397836,0.20287185959862222,0.7026734777255695,1.0534887688397836,7,0.009786876542915596,0.009843250504252443,5.637396133684712e-05,5.637396133685131e-05
238,negative_cross_entropy,0.5,3301,15,20,1.0,1.0534887688397836,0.20287185959862222,0.7026734777255695,1.0534887688397836,0,0.019928992628901788,0.020110195937745545,0.00018120330884375743,0.0001812033088437539
238,negative_cross_entropy,0.5,3301,15,20,1.0,1.0534887688397836,0.20287185959862222,0.7026734777255695,1.0534887688397836,1,0.06169551619854525,0.0615703037191927,-0.00012521247935255025,-0.0001252124793525407
238,negative_cross_entropy,0.5,3301,15,20,1.0,1.0534887688397836,0.20287185959862222,0.7026734777255695,1.0534887688397836,2,0.052081264342965956,0.05182662132327176,-0.0002546430196941965,-0.00025464301969418685
238,negative_cross_entropy,0.5,3301,15,20,1.0,1.0534887688397836,0.20287185959862222,0.7026734777255695,1.0534887688397836,3,0.0323601116920767,0.03253580292927771,0.00017569123720101443,0.00017569123720101592
238,negative_cross_entropy,0.5,3301,15,20,1.0,1.0534887688397836,0.20287185959862222,0.7026734777255695,1.0534887688397836,4,0.044264471123724024,0.04421836186608119,-4.610925764283319e-05,-4.610925764282608e-05
238,negative_cross_entropy,0.5,3301,15,20,1.0,1.0534887688397836,0.20287185959862222,0.7026734777255695,1.0534887688397836,5,0.03459987697344814,0.034521583382474574,-7.82935909735688e-05,-7.82935909735538e-05
238,negative_cross_entropy,0.5,3301,15,20,1.0,1.0534887688397836,0.20287185959862222,0.7026734777255695,1.0534887688397836,6,0.012552965968502547,0.012773828576198798,0.00022086260769625145,0.00022086260769625194
238,negative_cross_entropy,0.5,3301,15,20,1.0,1.0534887688397836,0.20287185959862222,0.7026734777255695,1.0534887688397836,7,0.024758242841196466,0.02485713588845062,9.889304725415465e-05,9.889304725415133e-05
239,accuracy,0.5,3301,15,20,1.0,1.0534887688397836,0.20287185959862222,0.7026734777255695,1.0534887688397836,0,0.012145238095238087,0.013000000000000012,0.0008547619047619241,0.0008547619047619519
239,accuracy,0.5,3301,15,20,1.0,1.0534887688397836,0.20287185959862222,0.7026734777255695,1.0534887688397836,1,0.026159523809523834,0.025000000000000022,-0.0011595238095238117,-0.001159523809523763
239,accuracy,0.5,3301,15,20,1.0,1.0534887688397836,0.20287185959862222,0.7026734777255695,1.0534887688397836,2,0.030492857142857134,0.035999999999999976,0.005507142857142842,0.005507142857142877
239,accuracy,0.5,3301,15,20,1.0,1.0534887688397836,0.20287185959862222,0.7026734777255695,1.0534887688397836,3,0.003635714285714268,0.014999999999999986,0.011364285714285717,0.01136428571428576
239,accuracy,0.5,3301,15,20,1.0,1.0534887688397836,0.20287185959862222,0.7026734777255695,1.0534887688397836,4,0.03455476190476193,0.046999999999999986,0.012445238095238058,0.012445238095238124
239,accuracy,0.5,3301,15,20,1.0,1.0534887688397836,0.20287185959862222,0.7026734777255695,1.0534887688397836,5,-0.0013547619047619003,-0.0050000000000000044,-0.003645238095238104,-0.0036452380952380764
239,accuracy,0.5,3301,15,20,1.0,1.0534887688397836,0.20287185959862222,0.7026734777255695,1.0534887688397836,6,-0.0012690476190476106,-0.003999999999999976,-0.002730952380952365,-0.002730952380952334
239,accuracy,0.5,3301,15,20,1.0,1.0534887688397836,0.20287185959862222,0.7026734777255695,1.0534887688397836,7,0.011635714285714286,0.01200000000000001,0.00036428571428572497,0.0003642857142857475
240,negative_brier,0.5,3463,0,20,0.0625,1.5554686283584325,0.2551463403562557,1.175739769361357,0.09721678927240203,0,0.0020929630231647386,0.002092902887297743,-6.013586699568294e-08,-6.01358669943819e-08
240,negative_brier,0.5,3463,0,20,0.0625,1.5554686283584325,0.2551463403562557,1.175739769361357,0.09721678927240203,1,0.0013676808914433263,0.0013675369386834113,-1.4395275991499132e-07,-1.4395275991560671e-07
240,negative_brier,0.5,3463,0,20,0.0625,1.5554686283584325,0.2551463403562557,1.175739769361357,0.09721678927240203,2,0.002143551846448399,0.0021434730639021127,-7.87825462861616e-08,-7.878254628681424e-08
240,negative_brier,0.5,3463,0,20,0.0625,1.5554686283584325,0.2551463403562557,1.175739769361357,0.09721678927240203,3,0.001697234235832626,0.0016971414592656386,-9.277656698729493e-08,-9.277656698751595e-08
240,negative_brier,0.5,3463,0,20,0.0625,1.5554686283584325,0.2551463403562557,1.175739769361357,0.09721678927240203,4,0.0008651418850195789,0.0008651352460006811,-6.639018897787105e-09,-6.639018897995688e-09
240,negative_brier,0.5,3463,0,20,0.0625,1.5554686283584325,0.2551463403562557,1.175739769361357,0.09721678927240203,5,0.002478129918869011,0.002478061868407322,-6.805046168928408e-08,-6.80504616896146e-08
240,negative_brier,0.5,3463,0,20,0.0625,1.5554686283584325,0.2551463403562557,1.175739769361357,0.09721678927240203,6,0.0013631941381607073,0.0013631678970519867,-2.624110872063816e-08,-2.6241108721276263e-08
240,negative_brier,0.5,3463,0,20,0.0625,1.5554686283584325,0.2551463403562557,1.175739769361357,0.09721678927240203,7,0.0015576466678438317,0.0015576431622693065,-3.505574525108912e-09,-3.505574526562766e-09
241,negative_cross_entropy,0.5,3463,0,20,0.0625,1.5554686283584325,0.2551463403562557,1.175739769361357,0.09721678927240203,0,0.010519884465894337,0.01051816877276468,-1.715693129657192e-06,-1.7156931296616199e-06
241,negative_cross_entropy,0.5,3463,0,20,0.0625,1.5554686283584325,0.2551463403562557,1.175739769361357,0.09721678927240203,1,0.00697796129427255,0.006976682876579154,-1.2784176933958863e-06,-1.2784176933960684e-06
241,negative_cross_entropy,0.5,3463,0,20,0.0625,1.5554686283584325,0.2551463403562557,1.175739769361357,0.09721678927240203,2,0.01171753609562378,0.01171551390646397,-2.0221891598101727e-06,-2.0221891598089174e-06
241,negative_cross_entropy,0.5,3463,0,20,0.0625,1.5554686283584325,0.2551463403562557,1.175739769361357,0.09721678927240203,3,0.009323918454915257,0.009322172650937821,-1.7458039774358863e-06,-1.7458039774333912e-06
241,negative_cross_entropy,0.5,3463,0,20,0.0625,1.5554686283584325,0.2551463403562557,1.175739769361357,0.09721678927240203,4,0.004880803725631594,0.004879875466152539,-9.282594790552962e-07,-9.282594790578571e-07
241,negative_cross_entropy,0.5,3463,0,20,0.0625,1.5554686283584325,0.2551463403562557,1.175739769361357,0.09721678927240203,5,0.012695352653339351,0.012693042764794216,-2.3098885451357243e-06,-2.3098885451399213e-06
241,negative_cross_entropy,0.5,3463,0,20,0.0625,1.5554686283584325,0.2551463403562557,1.175739769361357,0.09721678927240203,6,0.009514255559399451,0.009512710170194616,-1.5453892048353929e-06,-1.5453892048346492e-06
241,negative_cross_entropy,0.5,3463,0,20,0.0625,1.5554686283584325,0.2551463403562557,1.175739769361357,0.09721678927240203,7,0.009470864450815464,0.009469298390017311,-1.5660607981526908e-06,-1.5660607981458178e-06
242,accuracy,0.5,3463,0,20,0.0625,1.5554686283584325,0.2551463403562557,1.175739769361357,0.09721678927240203,0,0.0013071428571428587,0.0020000000000000018,0.0006928571428571431,0.00069285714285714
242,accuracy,0.5,3463,0,20,0.0625,1.5554686283584325,0.2551463403562557,1.175739769361357,0.09721678927240203,1,0.0009261904761904767,0.0020000000000000018,0.001073809523809525,0.0010738095238095229
242,accuracy,0.5,3463,0,20,0.0625,1.5554686283584325,0.2551463403562557,1.175739769361357,0.09721678927240203,2,0.001197619047619048,0.0030000000000000027,0.0018023809523809546,0.0018023809523809511
242,accuracy,0.5,3463,0,20,0.0625,1.5554686283584325,0.2551463403562557,1.175739769361357,0.09721678927240203,3,0.0005785714285714283,0.0010000000000000009,0.0004214285714285726,0.00042142857142856826
242,accuracy,0.5,3463,0,20,0.0625,1.5554686283584325,0.2551463403562557,1.175739769361357,0.09721678927240203,4,0.0009261904761904763,0.0020000000000000018,0.0010738095238095255,0.001073809523809522
242,accuracy,0.5,3463,0,20,0.0625,1.5554686283584325,0.2551463403562557,1.175739769361357,0.09721678927240203,5,0.0020309523809523837,0.0030000000000000027,0.000969047619047619,0.0009690476190476168
242,accuracy,0.5,3463,0,20,0.0625,1.5554686283584325,0.2551463403562557,1.175739769361357,0.09721678927240203,6,0.0012214285714285725,0.0020000000000000018,0.0007785714285714293,0.0007785714285714253
242,accuracy,0.5,3463,0,20,0.0625,1.5554686283584325,0.2551463403562557,1.175739769361357,0.09721678927240203,7,0.0018119047619047637,0.0030000000000000027,0.001188095238095239,0.0011880952380952346
243,negative_brier,0.5,3463,0,20,0.125,1.5554686283584325,0.2551463403562557,1.175739769361357,0.19443357854480406,0,0.004296209499489169,0.004295166474291734,-1.043025197435335e-06,-1.0430251974355827e-06
243,negative_brier,0.5,3463,0,20,0.125,1.5554686283584325,0.2551463403562557,1.175739769361357,0.19443357854480406,1,0.0027790268257062985,0.00277746979943555,-1.5570262707482845e-06,-1.5570262707491145e-06
243,negative_brier,0.5,3463,0,20,0.125,1.5554686283584325,0.2551463403562557,1.175739769361357,0.19443357854480406,2,0.004386258947819205,0.004385062708678444,-1.1962391407603287e-06,-1.196239140760106e-06
243,negative_brier,0.5,3463,0,20,0.125,1.5554686283584325,0.2551463403562557,1.175739769361357,0.19443357854480406,3,0.003462424152606309,0.003461302781448905,-1.121371157404051e-06,-1.1213711574046376e-06
243,negative_brier,0.5,3463,0,20,0.125,1.5554686283584325,0.2551463403562557,1.175739769361357,0.19443357854480406,4,0.0017669780755024615,0.001766685240853716,-2.9283464874556124e-07,-2.928346487451091e-07
243,negative_brier,0.5,3463,0,20,0.125,1.5554686283584325,0.2551463403562557,1.175739769361357,0.19443357854480406,5,0.0050930127759888436,0.0050917807101870105,-1.2320658018330488e-06,-1.2320658018310003e-06
243,negative_brier,0.5,3463,0,20,0.125,1.5554686283584325,0.2551463403562557,1.175739769361357,0.19443357854480406,6,0.002786305760944787,0.0027858479949341985,-4.5776601058844166e-07,-4.5776601059001555e-07
243,negative_brier,0.5,3463,0,20,0.125,1.5554686283584325,0.2551463403562557,1.175739769361357,0.19443357854480406,7,0.0032049210689007062,0.003204480134097576,-4.409348031302919e-07,-4.4093480313129553e-07
244,negative_cross_entropy,0.5,3463,0,20,0.125,1.5554686283584325,0.2551463403562557,1.175739769361357,0.19443357854480406,0,0.020912678534497124,0.02089878048172711,-1.3898052770015823e-05,-1.3898052770023285e-05
244,negative_cross_entropy,0.5,3463,0,20,0.125,1.5554686283584325,0.2551463403562557,1.175739769361357,0.19443357854480406,1,0.013806887463963979,0.01379670541024236,-1.0182053721618373e-05,-1.0182053721614305e-05
244,negative_cross_entropy,0.5,3463,0,20,0.125,1.5554686283584325,0.2551463403562557,1.175739769361357,0.19443357854480406,2,0.023262552999311733,0.02324616876104102,-1.638423827071342e-05,-1.6384238270723763e-05
244,negative_cross_entropy,0.5,3463,0,20,0.125,1.5554686283584325,0.2551463403562557,1.175739769361357,0.19443357854480406,3,0.01853798839646376,0.0185238890806394,-1.4099315824359776e-05,-1.4099315824361064e-05
244,negative_cross_entropy,0.5,3463,0,20,0.125,1.5554686283584325,0.2551463403562557,1.175739769361357,0.19443357854480406,4,0.009692229972711307,0.009684768653906328,-7.461318804979217e-06,-7.461318804973568e-06
244,negative_cross_entropy,0.5,3463,0,20,0.125,1.5554686283584325,0.2551463403562557,1.175739769361357,0.19443357854480406,5,0.025224257160441608,0.025205468292846867,-1.8788867594741326e-05,-1.8788867594737064e-05
244,negative_cross_entropy,0.5,3463,0,20,0.125,1.5554686283584325,0.2551463403562557,1.175739769361357,0.19443357854480406,6,0.018929851116738464,0.018917322595659147,-1.2528521079316346e-05,-1.2528521079318855e-05
244,negative_cross_entropy,0.5,3463,0,20,0.125,1.5554686283584325,0.2551463403562557,1.175739769361357,0.19443357854480406,7,0.018855803325602594,0.018843080201620843,-1.2723123981751155e-05,-1.272312398175046e-05
245,accuracy,0.5,3463,0,20,0.125,1.5554686283584325,0.2551463403562557,1.175739769361357,0.19443357854480406,0,0.0035880952380952427,0.008000000000000007,0.0044119047619047645,0.004411904761904762
245,accuracy,0.5,3463,0,20,0.125,1.5554686283584325,0.2551463403562557,1.175739769361357,0.19443357854480406,1,0.0032880952380952393,0.007000000000000006,0.003711904761904767,0.003711904761904759
245,accuracy,0.5,3463,0,20,0.125,1.5554686283584325,0.2551463403562557,1.175739769361357,0.19443357854480406,2,0.0043785714285714305,0.008,0.0036214285714285697,0.0036214285714285636
245,accuracy,0.5,3463,0,20,0.125,1.5554686283584325,0.2551463403562557,1.175739769361357,0.19443357854480406,3,0.002854761904761907,0.007000000000000006,0.004145238095238099,0.0041452380952380925
245,accuracy,0.5,3463,0,20,0.125,1.5554686283584325,0.2551463403562557,1.175739769361357,0.19443357854480406,4,0.0017833333333333334,0.0030000000000000027,0.0012166666666666693,0.001216666666666664
245,accuracy,0.5,3463,0,20,0.125,1.5554686283584325,0.2551463403562557,1.175739769361357,0.19443357854480406,5,0.006550000000000002,0.010000000000000002,0.00345,0.003449999999999993
245,accuracy,0.5,3463,0,20,0.125,1.5554686283584325,0.2551463403562557,1.175739769361357,0.19443357854480406,6,0.0019547619047619075,0.006000000000000005,0.004045238095238098,0.004045238095238095
245,accuracy,0.5,3463,0,20,0.125,1.5554686283584325,0.2551463403562557,1.175739769361357,0.19443357854480406,7,0.003602380952380954,0.007000000000000006,0.003397619047619052,0.003397619047619047
246,negative_brier,0.5,3463,0,20,0.25,1.5554686283584325,0.2551463403562557,1.175739769361357,0.3888671570896081,0,0.009013269443256696,0.008994138065697765,-1.9131377558930657e-05,-1.9131377558934787e-05
246,negative_brier,0.5,3463,0,20,0.25,1.5554686283584325,0.2551463403562557,1.175739769361357,0.3888671570896081,1,0.005710380878294792,0.00569045217743569,-1.992870085910231e-05,-1.9928700859097886e-05
246,negative_brier,0.5,3463,0,20,0.25,1.5554686283584325,0.2551463403562557,1.175739769361357,0.3888671570896081,2,0.00914590797889799,0.009125417928112667,-2.0490050785323607e-05,-2.0490050785323956e-05
246,negative_brier,0.5,3463,0,20,0.25,1.5554686283584325,0.2551463403562557,1.175739769361357,0.3888671570896081,3,0.007178448119134263,0.007162332937873939,-1.6115181260324164e-05,-1.6115181260323954e-05
246,negative_brier,0.5,3463,0,20,0.25,1.5554686283584325,0.2551463403562557,1.175739769361357,0.3888671570896081,4,0.0036739556224287856,0.003666887983181766,-7.067639247019825e-06,-7.067639247020813e-06
246,negative_brier,0.5,3463,0,20,0.25,1.5554686283584325,0.2551463403562557,1.175739769361357,0.3888671570896081,5,0.010705439550351822,0.010682297939365037,-2.3141610986784564e-05,-2.3141610986783856e-05
246,negative_brier,0.5,3463,0,20,0.25,1.5554686283584325,0.2551463403562557,1.175739769361357,0.3888671570896081,6,0.005805704284429233,0.005797108069861001,-8.59621456823171e-06,-8.596214568228e-06
246,negative_brier,0.5,3463,0,20,0.25,1.5554686283584325,0.2551463403562557,1.175739769361357,0.3888671570896081,7,0.006759852272453077,0.006748147342249877,-1.1704930203199591e-05,-1.1704930203198407e-05
247,negative_cross_entropy,0.5,3463,0,20,0.25,1.5554686283584325,0.2551463403562557,1.175739769361357,0.3888671570896081,0,0.04115793078218301,0.04104561110480298,-0.00011231967738002668,-0.00011231967738004619
247,negative_cross_entropy,0.5,3463,0,20,0.25,1.5554686283584325,0.2551463403562557,1.175739769361357,0.3888671570896081,1,0.026912412504772144,0.02683313789764874,-7.927460712340434e-05,-7.927460712339824e-05
247,negative_cross_entropy,0.5,3463,0,20,0.25,1.5554686283584325,0.2551463403562557,1.175739769361357,0.3888671570896081,2,0.04564382674487352,0.045511211933343176,-0.00013261481153034604,-0.0001326148115303711
247,negative_cross_entropy,0.5,3463,0,20,0.25,1.5554686283584325,0.2551463403562557,1.175739769361357,0.3888671570896081,3,0.036476046092780365,0.036362832448559645,-0.00011321364422071933,-0.00011321364422072585
247,negative_cross_entropy,0.5,3463,0,20,0.25,1.5554686283584325,0.2551463403562557,1.175739769361357,0.3888671570896081,4,0.019034295871161688,0.01897482276247975,-5.947310868193931e-05,-5.9473108681947425e-05
247,negative_cross_entropy,0.5,3463,0,20,0.25,1.5554686283584325,0.2551463403562557,1.175739769361357,0.3888671570896081,5,0.04954822797737285,0.049395042412566426,-0.00015318556480642398,-0.00015318556480644187
247,negative_cross_entropy,0.5,3463,0,20,0.25,1.5554686283584325,0.2551463403562557,1.175739769361357,0.3888671570896081,6,0.037317733291352885,0.037216052764508456,-0.00010168052684442902,-0.00010168052684443349
247,negative_cross_entropy,0.5,3463,0,20,0.25,1.5554686283584325,0.2551463403562557,1.175739769361357,0.3888671570896081,7,0.03722728171967113,0.03712367556424301,-0.0001036061554281209,-0.0001036061554281323
248,accuracy,0.5,3463,0,20,0.25,1.5554686283584325,0.2551463403562557,1.175739769361357,0.3888671570896081,0,0.016395238095238088,0.013999999999999999,-0.002395238095238089,-0.002395238095238084
248,accuracy,0.5,3463,0,20,0.25,1.5554686283584325,0.2551463403562557,1.175739769361357,0.3888671570896081,1,0.0102047619047619,0.007000000000000006,-0.0032047619047618943,-0.0032047619047618856
248,accuracy,0.5,3463,0,20,0.25,1.5554686283584325,0.2551463403562557,1.175739769361357,0.3888671570896081,2,0.01868571428571427,0.021000000000000005,0.002314285714285734,0.0023142857142857244
248,accuracy,0.5,3463,0,20,0.25,1.5554686283584325,0.2551463403562557,1.175739769361357,0.3888671570896081,3,0.011885714285714282,0.012999999999999998,0.0011142857142857152,0.001114285714285724
248,accuracy,0.5,3463,0,20,0.25,1.5554686283584325,0.2551463403562557,1.175739769361357,0.3888671570896081,4,0.0058285714285714295,0.0050000000000000044,-0.000828571428571425,-0.0008285714285714242
248,accuracy,0.5,3463,0,20,0.25,1.5554686283584325,0.2551463403562557,1.175739769361357,0.3888671570896081,5,0.028490476190476177,0.033,0.004509523809523824,0.004509523809523826
248,accuracy,0.5,3463,0,20,0.25,1.5554686283584325,0.2551463403562557,1.175739769361357,0.3888671570896081,6,0.004504761904761907,0.0020000000000000018,-0.0025047619047619055,-0.002504761904761895
248,accuracy,0.5,3463,0,20,0.25,1.5554686283584325,0.2551463403562557,1.175739769361357,0.3888671570896081,7,0.008004761904761907,0.006000000000000005,-0.0020047619047619016,-0.002004761904761891
249,negative_brier,0.5,3463,0,20,0.5,1.5554686283584325,0.2551463403562557,1.175739769361357,0.7777343141792162,0,0.019306578037521612,0.018960409551976976,-0.0003461684855446366,-0.00034616848554464144
249,negative_brier,0.5,3463,0,20,0.5,1.5554686283584325,0.2551463403562557,1.175739769361357,0.7777343141792162,1,0.011708982111566358,0.01142953565031185,-0.0002794464612545077,-0.0002794464612545063
249,negative_brier,0.5,3463,0,20,0.5,1.5554686283584325,0.2551463403562557,1.175739769361357,0.7777343141792162,2,0.019353149281878416,0.018993121762315213,-0.00036002751956320383,-0.0003600275195632068
249,negative_brier,0.5,3463,0,20,0.5,1.5554686283584325,0.2551463403562557,1.175739769361357,0.7777343141792162,3,0.015081091813119878,0.014830438947614433,-0.0002506528655054456,-0.000250652865505447
249,negative_brier,0.5,3463,0,20,0.5,1.5554686283584325,0.2551463403562557,1.175739769361357,0.7777343141792162,4,0.007758614307360832,0.007616948956363945,-0.00014166535099688696,-0.00014166535099688745
249,negative_brier,0.5,3463,0,20,0.5,1.5554686283584325,0.2551463403562557,1.175739769361357,0.7777343141792162,5,0.02294052346163717,0.022513297570071922,-0.00042722589156524854,-0.0004272258915652406
249,negative_brier,0.5,3463,0,20,0.5,1.5554686283584325,0.2551463403562557,1.175739769361357,0.7777343141792162,6,0.012375026754101102,0.01221360382090414,-0.00016142293319696202,-0.00016142293319696386
249,negative_brier,0.5,3463,0,20,0.5,1.5554686283584325,0.2551463403562557,1.175739769361357,0.7777343141792162,7,0.014672823799458336,0.014427566346434106,-0.0002452574530242297,-0.00024525745302422656
250,negative_cross_entropy,0.5,3463,0,20,0.5,1.5554686283584325,0.2551463403562557,1.175739769361357,0.7777343141792162,0,0.07840242470365094,0.07755986505002377,-0.0008425596536271729,-0.0008425596536271778
250,negative_cross_entropy,0.5,3463,0,20,0.5,1.5554686283584325,0.2551463403562557,1.175739769361357,0.7777343141792162,1,0.05025793475339814,0.04971799873193872,-0.0005399360214594223,-0.0005399360214594049
250,negative_cross_entropy,0.5,3463,0,20,0.5,1.5554686283584325,0.2551463403562557,1.175739769361357,0.7777343141792162,2,0.08625756357237992,0.08525398671492801,-0.0010035768574519072,-0.0010035768574519319
250,negative_cross_entropy,0.5,3463,0,20,0.5,1.5554686283584325,0.2551463403562557,1.175739769361357,0.7777343141792162,3,0.06930741073725186,0.06846856494639231,-0.0008388457908595492,-0.0008388457908595393
250,negative_cross_entropy,0.5,3463,0,20,0.5,1.5554686283584325,0.2551463403562557,1.175739769361357,0.7777343141792162,4,0.03611304238600284,0.03567623190278246,-0.0004368104832203762,-0.0004368104832203546
250,negative_cross_entropy,0.5,3463,0,20,0.5,1.5554686283584325,0.2551463403562557,1.175739769361357,0.7777343141792162,5,0.09362119151287045,0.09244724319350528,-0.0011739483193651673,-0.0011739483193652048
250,negative_cross_entropy,0.5,3463,0,20,0.5,1.5554686283584325,0.2551463403562557,1.175739769361357,0.7777343141792162,6,0.07128903817625173,0.07050896688039043,-0.000780071295861301,-0.000780071295861305
250,negative_cross_entropy,0.5,3463,0,20,0.5,1.5554686283584325,0.2551463403562557,1.175739769361357,0.7777343141792162,7,0.07139427964955218,0.07059839547865132,-0.0007958841709008596,-0.0007958841709008789
251,accuracy,0.5,3463,0,20,0.5,1.5554686283584325,0.2551463403562557,1.175739769361357,0.7777343141792162,0,0.044559523809523806,0.03000000000000002,-0.014559523809523786,-0.014559523809523791
251,accuracy,0.5,3463,0,20,0.5,1.5554686283584325,0.2551463403562557,1.175739769361357,0.7777343141792162,1,0.028178571428571452,0.018000000000000016,-0.010178571428571436,-0.010178571428571414
251,accuracy,0.5,3463,0,20,0.5,1.5554686283584325,0.2551463403562557,1.175739769361357,0.7777343141792162,2,0.04269285714285711,0.028000000000000025,-0.014692857142857084,-0.014692857142857113
251,accuracy,0.5,3463,0,20,0.5,1.5554686283584325,0.2551463403562557,1.175739769361357,0.7777343141792162,3,0.03311666666666666,0.02300000000000002,-0.010116666666666642,-0.010116666666666654
251,accuracy,0.5,3463,0,20,0.5,1.5554686283584325,0.2551463403562557,1.175739769361357,0.7777343141792162,4,0.013164285714285715,0.01100000000000001,-0.0021642857142857054,-0.002164285714285702
251,accuracy,0.5,3463,0,20,0.5,1.5554686283584325,0.2551463403562557,1.175739769361357,0.7777343141792162,5,0.0556738095238095,0.03200000000000002,-0.02367380952380948,-0.02367380952380951
251,accuracy,0.5,3463,0,20,0.5,1.5554686283584325,0.2551463403562557,1.175739769361357,0.7777343141792162,6,0.010149999999999998,0.0050000000000000044,-0.005149999999999993,-0.005149999999999991
251,accuracy,0.5,3463,0,20,0.5,1.5554686283584325,0.2551463403562557,1.175739769361357,0.7777343141792162,7,0.01646428571428571,0.01100000000000001,-0.005464285714285699,-0.005464285714285701
252,negative_brier,0.5,3463,0,20,1.0,1.5554686283584325,0.2551463403562557,1.175739769361357,1.5554686283584325,0,0.03823847033918871,0.034556825701479,-0.0036816446377097092,-0.0036816446377097006
252,negative_brier,0.5,3463,0,20,1.0,1.5554686283584325,0.2551463403562557,1.175739769361357,1.5554686283584325,1,0.021231620192177014,0.018991264115359563,-0.0022403560768174506,-0.002240356076817471
252,negative_brier,0.5,3463,0,20,1.0,1.5554686283584325,0.2551463403562557,1.175739769361357,1.5554686283584325,2,0.037175750660728694,0.03340617156753417,-0.0037695790931945236,-0.003769579093194502
252,negative_brier,0.5,3463,0,20,1.0,1.5554686283584325,0.2551463403562557,1.175739769361357,1.5554686283584325,3,0.029521783425388498,0.027091723348287633,-0.002430060077100865,-0.0024300600771008647
252,negative_brier,0.5,3463,0,20,1.0,1.5554686283584325,0.2551463403562557,1.175739769361357,1.5554686283584325,4,0.015138251312288539,0.013622960381090787,-0.0015152909311977516,-0.001515290931197755
252,negative_brier,0.5,3463,0,20,1.0,1.5554686283584325,0.2551463403562557,1.175739769361357,1.5554686283584325,5,0.04421149236891949,0.03951014315110757,-0.004701349217811922,-0.00470134921781191
252,negative_brier,0.5,3463,0,20,1.0,1.5554686283584325,0.2551463403562557,1.175739769361357,1.5554686283584325,6,0.025081756146853894,0.02323937702701029,-0.0018423791198436054,-0.0018423791198436074
252,negative_brier,0.5,3463,0,20,1.0,1.5554686283584325,0.2551463403562557,1.175739769361357,1.5554686283584325,7,0.030169369308747616,0.02739121855860277,-0.0027781507501448456,-0.0027781507501448504
253,negative_cross_entropy,0.5,3463,0,20,1.0,1.5554686283584325,0.2551463403562557,1.175739769361357,1.5554686283584325,0,0.13424935007027208,0.13078125366108462,-0.0034680964091874655,-0.003468096409187471
253,negative_cross_entropy,0.5,3463,0,20,1.0,1.5554686283584325,0.2551463403562557,1.175739769361357,1.5554686283584325,1,0.08308240779045928,0.08176366818717151,-0.0013187396032877663,-0.0013187396032878073
253,negative_cross_entropy,0.5,3463,0,20,1.0,1.5554686283584325,0.2551463403562557,1.175739769361357,1.5554686283584325,2,0.1437682669826829,0.1394325405005572,-0.004335726482125712,-0.004335726482125674
253,negative_cross_entropy,0.5,3463,0,20,1.0,1.5554686283584325,0.2551463403562557,1.175739769361357,1.5554686283584325,3,0.1171680299311809,0.1137818569885799,-0.003386172942601004,-0.003386172942601072
253,negative_cross_entropy,0.5,3463,0,20,1.0,1.5554686283584325,0.2551463403562557,1.175739769361357,1.5554686283584325,4,0.061464755890191757,0.05965379656470848,-0.0018109593254832732,-0.0018109593254832437
253,negative_cross_entropy,0.5,3463,0,20,1.0,1.5554686283584325,0.2551463403562557,1.175739769361357,1.5554686283584325,5,0.15420750715132964,0.14901516226305234,-0.0051923448882773005,-0.005192344888277409
253,negative_cross_entropy,0.5,3463,0,20,1.0,1.5554686283584325,0.2551463403562557,1.175739769361357,1.5554686283584325,6,0.12188098652102351,0.11821008188820226,-0.0036709046328212563,-0.0036709046328214216
253,negative_cross_entropy,0.5,3463,0,20,1.0,1.5554686283584325,0.2551463403562557,1.175739769361357,1.5554686283584325,7,0.12379476151432768,0.12009882860657428,-0.0036959329077533992,-0.0036959329077533762
254,accuracy,0.5,3463,0,20,1.0,1.5554686283584325,0.2551463403562557,1.175739769361357,1.5554686283584325,0,0.08085000000000006,0.06600000000000003,-0.01485000000000003,-0.014849999999999988
254,accuracy,0.5,3463,0,20,1.0,1.5554686283584325,0.2551463403562557,1.175739769361357,1.5554686283584325,1,0.02408333333333334,-6.938893903907228e-18,-0.024083333333333345,-0.02408333333333333
254,accuracy,0.5,3463,0,20,1.0,1.5554686283584325,0.2551463403562557,1.175739769361357,1.5554686283584325,2,0.056640476190476186,0.04000000000000001,-0.016640476190476178,-0.01664047619047619
254,accuracy,0.5,3463,0,20,1.0,1.5554686283584325,0.2551463403562557,1.175739769361357,1.5554686283584325,3,0.057088095238095216,0.044000000000000025,-0.01308809523809519,-0.013088095238095246
254,accuracy,0.5,3463,0,20,1.0,1.5554686283584325,0.2551463403562557,1.175739769361357,1.5554686283584325,4,0.02475476190476192,0.020000000000000018,-0.0047547619047619005,-0.004754761904761873
254,accuracy,0.5,3463,0,20,1.0,1.5554686283584325,0.2551463403562557,1.175739769361357,1.5554686283584325,5,0.07118809523809526,0.06500000000000002,-0.0061880952380952425,-0.006188095238095229
254,accuracy,0.5,3463,0,20,1.0,1.5554686283584325,0.2551463403562557,1.175739769361357,1.5554686283584325,6,0.0321214285714286,0.030000000000000027,-0.0021214285714285727,-0.002121428571428524
254,accuracy,0.5,3463,0,20,1.0,1.5554686283584325,0.2551463403562557,1.175739769361357,1.5554686283584325,7,0.03927380952380953,0.036000000000000025,-0.0032738095238095052,-0.0032738095238094844
255,negative_brier,0.5,3463,15,20,0.0625,1.0832466504305711,0.1925653229364461,0.6996199621066781,0.0677029156519107,0,0.001291198158370177,0.0012912048918987673,6.733528590393764e-09,6.733528589999319e-09
255,negative_brier,0.5,3463,15,20,0.0625,1.0832466504305711,0.1925653229364461,0.6996199621066781,0.0677029156519107,1,0.0005265742814760171,0.0005266303018120477,5.60203360306169e-08,5.6020336030608656e-08
255,negative_brier,0.5,3463,15,20,0.0625,1.0832466504305711,0.1925653229364461,0.6996199621066781,0.0677029156519107,2,0.0010279879318921105,0.0010280047691706429,1.6837278532348676e-08,1.6837278532257825e-08
255,negative_brier,0.5,3463,15,20,0.0625,1.0832466504305711,0.1925653229364461,0.6996199621066781,0.0677029156519107,3,0.0009822857897372093,0.0009822924619152795,6.672178070243548e-09,6.672178070096925e-09
255,negative_brier,0.5,3463,15,20,0.0625,1.0832466504305711,0.1925653229364461,0.6996199621066781,0.0677029156519107,4,0.00048757147687657416,0.0004875630972918654,-8.379584708734754e-09,-8.379584708657315e-09
255,negative_brier,0.5,3463,15,20,0.0625,1.0832466504305711,0.1925653229364461,0.6996199621066781,0.0677029156519107,5,0.0012187303735063262,0.0012187134746046158,-1.6898901710480155e-08,-1.6898901709982453e-08
255,negative_brier,0.5,3463,15,20,0.0625,1.0832466504305711,0.1925653229364461,0.6996199621066781,0.0677029156519107,6,0.0007443953038413133,0.0007444489981326408,5.3694291327413546e-08,5.3694291327463124e-08
255,negative_brier,0.5,3463,15,20,0.0625,1.0832466504305711,0.1925653229364461,0.6996199621066781,0.0677029156519107,7,0.0010905986916840893,0.001090593195310019,-5.4963740702893005e-09,-5.496374070165387e-09
256,negative_cross_entropy,0.5,3463,15,20,0.0625,1.0832466504305711,0.1925653229364461,0.6996199621066781,0.0677029156519107,0,0.003223565039505109,0.0032235764223352836,1.1382830174527098e-08,1.1382830175258157e-08
256,negative_cross_entropy,0.5,3463,15,20,0.0625,1.0832466504305711,0.1925653229364461,0.6996199621066781,0.0677029156519107,1,0.0017935816550450569,0.001793650847922379,6.919287732208047e-08,6.919287732194625e-08
256,negative_cross_entropy,0.5,3463,15,20,0.0625,1.0832466504305711,0.1925653229364461,0.6996199621066781,0.0677029156519107,2,0.002859878171568512,0.002859913967531824,3.5795963311980455e-08,3.5795963313595397e-08
256,negative_cross_entropy,0.5,3463,15,20,0.0625,1.0832466504305711,0.1925653229364461,0.6996199621066781,0.0677029156519107,3,0.0027261018035638503,0.002726108143997874,6.340434023730662e-09,6.340434024899549e-09
256,negative_cross_entropy,0.5,3463,15,20,0.0625,1.0832466504305711,0.1925653229364461,0.6996199621066781,0.0677029156519107,4,0.0014169838284422897,0.0014169809988971993,-2.829545090420049e-09,-2.829545091353499e-09
256,negative_cross_entropy,0.5,3463,15,20,0.0625,1.0832466504305711,0.1925653229364461,0.6996199621066781,0.0677029156519107,5,0.0031211082551214097,0.003121102816723842,-5.43839756778422e-09,-5.438397566144488e-09
256,negative_cross_entropy,0.5,3463,15,20,0.0625,1.0832466504305711,0.1925653229364461,0.6996199621066781,0.0677029156519107,6,0.002566925425719171,0.0025669642859498243,3.886023065315103e-08,3.886023065452225e-08
256,negative_cross_entropy,0.5,3463,15,20,0.0625,1.0832466504305711,0.1925653229364461,0.6996199621066781,0.0677029156519107,7,0.0030275530204103432,0.003027540913528748,-1.2106881595343177e-08,-1.2106881594079305e-08
257,accuracy,0.5,3463,15,20,0.0625,1.0832466504305711,0.1925653229364461,0.6996199621066781,0.0677029156519107,0,0.0020309523809523816,0.0030000000000000027,0.0009690476190476211,0.00096904761904762
257,accuracy,0.5,3463,15,20,0.0625,1.0832466504305711,0.1925653229364461,0.6996199621066781,0.0677029156519107,1,-0.0005404761904761915,-0.0010000000000000009,-0.0004595238095238094,-0.0004595238095238081
257,accuracy,0.5,3463,15,20,0.0625,1.0832466504305711,0.1925653229364461,0.6996199621066781,0.0677029156519107,2,0.0007214285714285712,0.0,-0.0007214285714285712,-0.0007214285714285708
257,accuracy,0.5,3463,15,20,0.0625,1.0832466504305711,0.1925653229364461,0.6996199621066781,0.0677029156519107,3,0.0015547619047619056,0.0010000000000000009,-0.0005547619047619047,-0.0005547619047619034
257,accuracy,0.5,3463,15,20,0.0625,1.0832466504305711,0.1925653229364461,0.6996199621066781,0.0677029156519107,4,-0.0002785714285714288,-0.0020000000000000018,-0.001721428571428573,-0.0017214285714285717
257,accuracy,0.5,3463,15,20,0.0625,1.0832466504305711,0.1925653229364461,0.6996199621066781,0.0677029156519107,5,0.00063095238095238,0.0,-0.00063095238095238,-0.0006309523809523813
257,accuracy,0.5,3463,15,20,0.0625,1.0832466504305711,0.1925653229364461,0.6996199621066781,0.0677029156519107,6,0.0001547619047619045,-0.0010000000000000009,-0.0011547619047619054,-0.001154761904761905
257,accuracy,0.5,3463,15,20,0.0625,1.0832466504305711,0.1925653229364461,0.6996199621066781,0.0677029156519107,7,0.001726190476190477,0.0020000000000000018,0.0002738095238095247,0.0002738095238095251
258,negative_brier,0.5,3463,15,20,0.125,1.0832466504305711,0.1925653229364461,0.6996199621066781,0.1354058313038214,0,0.0025804530492660204,0.002580517772813873,6.472354785241538e-08,6.472354785180824e-08
258,negative_brier,0.5,3463,15,20,0.125,1.0832466504305711,0.1925653229364461,0.6996199621066781,0.1354058313038214,1,0.0010472632459592331,0.0010477283386610137,4.650927017805541e-07,4.6509270178132637e-07
258,negative_brier,0.5,3463,15,20,0.125,1.0832466504305711,0.1925653229364461,0.6996199621066781,0.1354058313038214,2,0.0020407244375107154,0.002040872733331589,1.482958208736014e-07,1.4829582087409295e-07
258,negative_brier,0.5,3463,15,20,0.125,1.0832466504305711,0.1925653229364461,0.6996199621066781,0.1354058313038214,3,0.001965058445741562,0.0019651149223744446,5.647663288248228e-08,5.6476632881044925e-08
258,negative_brier,0.5,3463,15,20,0.125,1.0832466504305711,0.1925653229364461,0.6996199621066781,0.1354058313038214,4,0.0009712320674117266,0.0009711671817448364,-6.48856668902277e-08,-6.488566689010792e-08
258,negative_brier,0.5,3463,15,20,0.125,1.0832466504305711,0.1925653229364461,0.6996199621066781,0.1354058313038214,5,0.0024083876090131504,0.0024082616469033313,-1.2596210981902223e-07,-1.2596210981922049e-07
258,negative_brier,0.5,3463,15,20,0.125,1.0832466504305711,0.1925653229364461,0.6996199621066781,0.1354058313038214,6,0.0014888016627996072,0.0014892278607460119,4.261979464046956e-07,4.2619794640483406e-07
258,negative_brier,0.5,3463,15,20,0.125,1.0832466504305711,0.1925653229364461,0.6996199621066781,0.1354058313038214,7,0.0021817451908540423,0.0021817037805142436,-4.1410339798701734e-08,-4.141033979993256e-08
259,negative_cross_entropy,0.5,3463,15,20,0.125,1.0832466504305711,0.1925653229364461,0.6996199621066781,0.1354058313038214,0,0.006410635994216101,0.006410735211805463,9.921758936139169e-08,9.921758936368815e-08
259,negative_cross_entropy,0.5,3463,15,20,0.125,1.0832466504305711,0.1925653229364461,0.6996199621066781,0.1354058313038214,1,0.003562058964262228,0.003562619027359326,5.600630970980028e-07,5.600630970989526e-07
259,negative_cross_entropy,0.5,3463,15,20,0.125,1.0832466504305711,0.1925653229364461,0.6996199621066781,0.1354058313038214,2,0.005655485995123547,0.0056557860908539315,3.0009573038451004e-07,3.000957303864843e-07
259,negative_cross_entropy,0.5,3463,15,20,0.125,1.0832466504305711,0.1925653229364461,0.6996199621066781,0.1354058313038214,3,0.005411876655653663,0.005411936919365146,6.02637114828497e-08,6.026371148479916e-08
259,negative_cross_entropy,0.5,3463,15,20,0.125,1.0832466504305711,0.1925653229364461,0.6996199621066781,0.1354058313038214,4,0.0028102504455946894,0.0028102333839198357,-1.7061674853751513e-08,-1.7061674854680903e-08
259,negative_cross_entropy,0.5,3463,15,20,0.125,1.0832466504305711,0.1925653229364461,0.6996199621066781,0.1354058313038214,5,0.006159600258463326,0.006159573391357531,-2.686710579447721e-08,-2.686710579172644e-08
259,negative_cross_entropy,0.5,3463,15,20,0.125,1.0832466504305711,0.1925653229364461,0.6996199621066781,0.1354058313038214,6,0.005085117440218022,0.005085433978272325,3.165380543027063e-07,3.165380543026402e-07
259,negative_cross_entropy,0.5,3463,15,20,0.125,1.0832466504305711,0.1925653229364461,0.6996199621066781,0.1354058313038214,7,0.006005956304883826,0.0060058685160138126,-8.778887001376079e-08,-8.778887001184435e-08
260,accuracy,0.5,3463,15,20,0.125,1.0832466504305711,0.1925653229364461,0.6996199621066781,0.1354058313038214,0,0.0026880952380952394,0.0040000000000000036,0.0013119047619047641,0.0013119047619047663
260,accuracy,0.5,3463,15,20,0.125,1.0832466504305711,0.1925653229364461,0.6996199621066781,0.1354058313038214,1,-0.0018071428571428574,-0.0030000000000000027,-0.0011928571428571452,-0.00119285714285714
260,accuracy,0.5,3463,15,20,0.125,1.0832466504305711,0.1925653229364461,0.6996199621066781,0.1354058313038214,2,0.0012928571428571412,0.0,-0.0012928571428571412,-0.001292857142857142
260,accuracy,0.5,3463,15,20,0.125,1.0832466504305711,0.1925653229364461,0.6996199621066781,0.1354058313038214,3,0.005683333333333337,0.008000000000000007,0.00231666666666667,0.0023166666666666726
260,accuracy,0.5,3463,15,20,0.125,1.0832466504305711,0.1925653229364461,0.6996199621066781,0.1354058313038214,4,0.002907142857142859,0.0030000000000000027,9.285714285714366e-05,9.285714285714583e-05
260,accuracy,0.5,3463,15,20,0.125,1.0832466504305711,0.1925653229364461,0.6996199621066781,0.1354058313038214,5,0.0020833333333333346,0.0030000000000000027,0.0009166666666666681,0.0009166666666666668
260,accuracy,0.5,3463,15,20,0.125,1.0832466504305711,0.1925653229364461,0.6996199621066781,0.1354058313038214,6,0.005626190476190481,0.009000000000000008,0.003373809523809527,0.0033738095238095315
260,accuracy,0.5,3463,15,20,0.125,1.0832466504305711,0.1925653229364461,0.6996199621066781,0.1354058313038214,7,0.00552619047619048,0.007000000000000006,0.0014738095238095265,0.0014738095238095257
261,negative_brier,0.5,3463,15,20,0.25,1.0832466504305711,0.1925653229364461,0.6996199621066781,0.2708116626076428,0,0.005147867342497499,0.005148551448219518,6.841057220196081e-07,6.841057220222767e-07
261,negative_brier,0.5,3463,15,20,0.25,1.0832466504305711,0.1925653229364461,0.6996199621066781,0.2708116626076428,1,0.0020722569204733193,0.0020762336605448795,3.976740071560177e-06,3.9767400715570594e-06
261,negative_brier,0.5,3463,15,20,0.25,1.0832466504305711,0.1925653229364461,0.6996199621066781,0.2708116626076428,2,0.004016175923458616,0.004017571665572872,1.3957421142558532e-06,1.3957421142564893e-06
261,negative_brier,0.5,3463,15,20,0.25,1.0832466504305711,0.1925653229364461,0.6996199621066781,0.2708116626076428,3,0.0039270403573528805,0.003927541223454789,5.008661019085744e-07,5.00866101909475e-07
261,negative_brier,0.5,3463,15,20,0.25,1.0832466504305711,0.1925653229364461,0.6996199621066781,0.2708116626076428,4,0.0019242336367242812,0.0019237496894744521,-4.839472498290465e-07,-4.83947249828772e-07
261,negative_brier,0.5,3463,15,20,0.25,1.0832466504305711,0.1925653229364461,0.6996199621066781,0.2708116626076428,5,0.004693846291223085,0.004692980612060915,-8.656791621701465e-07,-8.656791621672717e-07
261,negative_brier,0.5,3463,15,20,0.25,1.0832466504305711,0.1925653229364461,0.6996199621066781,0.2708116626076428,6,0.002973903529736736,0.0029772455703810374,3.342040644301221e-06,3.342040644298996e-06
261,negative_brier,0.5,3463,15,20,0.25,1.0832466504305711,0.1925653229364461,0.6996199621066781,0.2708116626076428,7,0.0043585533762696615,0.004358259814557119,-2.9356171254209945e-07,-2.9356171253999267e-07
262,negative_cross_entropy,0.5,3463,15,20,0.25,1.0832466504305711,0.1925653229364461,0.6996199621066781,0.2708116626076428,0,0.012669815054041805,0.012670723580328391,9.085262865863447e-07,9.08526286585998e-07
262,negative_cross_entropy,0.5,3463,15,20,0.25,1.0832466504305711,0.1925653229364461,0.6996199621066781,0.2708116626076428,1,0.007025436672842576,0.0070300041037267835,4.567430884207246e-06,4.5674308842071795e-06
262,negative_cross_entropy,0.5,3463,15,20,0.25,1.0832466504305711,0.1925653229364461,0.6996199621066781,0.2708116626076428,2,0.011052239358599057,0.011054842925203756,2.6035666046992506e-06,2.6035666047014813e-06
262,negative_cross_entropy,0.5,3463,15,20,0.25,1.0832466504305711,0.1925653229364461,0.6996199621066781,0.2708116626076428,3,0.01065695102291351,0.010657575162558719,6.241396452097425e-07,6.241396452103368e-07
262,negative_cross_entropy,0.5,3463,15,20,0.25,1.0832466504305711,0.1925653229364461,0.6996199621066781,0.2708116626076428,4,0.005523577389180096,0.0055235254595112915,-5.192966880465666e-08,-5.19296688060776e-08
262,negative_cross_entropy,0.5,3463,15,20,0.25,1.0832466504305711,0.1925653229364461,0.6996199621066781,0.2708116626076428,5,0.011984643141493405,0.011984674870396339,3.172890293383357e-08,3.1728902937550806e-08
262,negative_cross_entropy,0.5,3463,15,20,0.25,1.0832466504305711,0.1925653229364461,0.6996199621066781,0.2708116626076428,6,0.009971234386952094,0.009973841841244502,2.6074542924074684e-06,2.607454292411863e-06
262,negative_cross_entropy,0.5,3463,15,20,0.25,1.0832466504305711,0.1925653229364461,0.6996199621066781,0.2708116626076428,7,0.011807461823648847,0.011806892537496338,-5.692861525085496e-07,-5.692861525072445e-07
263,accuracy,0.5,3463,15,20,0.25,1.0832466504305711,0.1925653229364461,0.6996199621066781,0.2708116626076428,0,0.005335714285714289,0.009000000000000008,0.003664285714285719,0.00366428571428571
263,accuracy,0.5,3463,15,20,0.25,1.0832466504305711,0.1925653229364461,0.6996199621066781,0.2708116626076428,1,-0.002021428571428574,-0.0030000000000000027,-0.0009785714285714285,-0.0009785714285714337
263,accuracy,0.5,3463,15,20,0.25,1.0832466504305711,0.1925653229364461,0.6996199621066781,0.2708116626076428,2,0.0023738095238095237,0.0010000000000000009,-0.0013738095238095228,-0.0013738095238095332
263,accuracy,0.5,3463,15,20,0.25,1.0832466504305711,0.1925653229364461,0.6996199621066781,0.2708116626076428,3,0.008230952380952382,0.0050000000000000044,-0.0032309523809523778,-0.0032309523809523856
263,accuracy,0.5,3463,15,20,0.25,1.0832466504305711,0.1925653229364461,0.6996199621066781,0.2708116626076428,4,0.005335714285714292,0.006000000000000005,0.0006642857142857136,0.0006642857142857084
263,accuracy,0.5,3463,15,20,0.25,1.0832466504305711,0.1925653229364461,0.6996199621066781,0.2708116626076428,5,0.0037928571428571508,0.0030000000000000027,-0.0007928571428571481,-0.0007928571428571507
263,accuracy,0.5,3463,15,20,0.25,1.0832466504305711,0.1925653229364461,0.6996199621066781,0.2708116626076428,6,0.007326190476190488,-0.0010000000000000009,-0.008326190476190489,-0.008326190476190487
263,accuracy,0.5,3463,15,20,0.25,1.0832466504305711,0.1925653229364461,0.6996199621066781,0.2708116626076428,7,0.011626190476190483,0.006000000000000005,-0.005626190476190477,-0.005626190476190487
264,negative_brier,0.5,3463,15,20,0.5,1.0832466504305711,0.1925653229364461,0.6996199621066781,0.5416233252152856,0,0.010203777474453947,0.010211583919098766,7.80644464481832e-06,7.806444644820454e-06
264,negative_brier,0.5,3463,15,20,0.5,1.0832466504305711,0.1925653229364461,0.6996199621066781,0.5416233252152856,1,0.004069197611285249,0.004104513455173597,3.531584388834826e-05,3.531584388834615e-05
264,negative_brier,0.5,3463,15,20,0.5,1.0832466504305711,0.1925653229364461,0.6996199621066781,0.5416233252152856,2,0.007740636473060035,0.007754844357555968,1.420788449593268e-05,1.420788449592922e-05
264,negative_brier,0.5,3463,15,20,0.5,1.0832466504305711,0.1925653229364461,0.6996199621066781,0.5416233252152856,3,0.007799472238204827,0.007804246059817832,4.773821613004645e-06,4.773821613003943e-06
264,negative_brier,0.5,3463,15,20,0.5,1.0832466504305711,0.1925653229364461,0.6996199621066781,0.5416233252152856,4,0.003755198357750422,0.00375191405511488,-3.28430263554216e-06,-3.2843026355421146e-06
264,negative_brier,0.5,3463,15,20,0.5,1.0832466504305711,0.1925653229364461,0.6996199621066781,0.5416233252152856,5,0.00884856831348386,0.008843678371613928,-4.8899418699319824e-06,-4.8899418699263505e-06
264,negative_brier,0.5,3463,15,20,0.5,1.0832466504305711,0.1925653229364461,0.6996199621066781,0.5416233252152856,6,0.00589910914459127,0.005924360474731605,2.525133014033478e-05,2.5251330140331288e-05
264,negative_brier,0.5,3463,15,20,0.5,1.0832466504305711,0.1925653229364461,0.6996199621066781,0.5416233252152856,7,0.008637790333789898,0.008635916795876664,-1.8735379132342467e-06,-1.873537913226646e-06
265,negative_cross_entropy,0.5,3463,15,20,0.5,1.0832466504305711,0.1925653229364461,0.6996199621066781,0.5416233252152856,0,0.024693924298148068,0.024702543999794435,8.619701646367384e-06,8.61970164636791e-06
265,negative_cross_entropy,0.5,3463,15,20,0.5,1.0832466504305711,0.1925653229364461,0.6996199621066781,0.5416233252152856,1,0.013672026408068649,0.01370941350117072,3.738709310207103e-05,3.738709310206849e-05
265,negative_cross_entropy,0.5,3463,15,20,0.5,1.0832466504305711,0.1925653229364461,0.6996199621066781,0.5416233252152856,2,0.021062236692751292,0.021085786550142482,2.3549857391190476e-05,2.3549857391191598e-05
265,negative_cross_entropy,0.5,3463,15,20,0.5,1.0832466504305711,0.1925653229364461,0.6996199621066781,0.5416233252152856,3,0.020605649475798876,0.02061259073259758,6.941256798703721e-06,6.94125679869314e-06
265,negative_cross_entropy,0.5,3463,15,20,0.5,1.0832466504305711,0.1925653229364461,0.6996199621066781,0.5416233252152856,4,0.010645092026880252,0.010645899171204287,8.071443240355997e-07,8.071443240360809e-07
265,negative_cross_entropy,0.5,3463,15,20,0.5,1.0832466504305711,0.1925653229364461,0.6996199621066781,0.5416233252152856,5,0.02260593637668625,0.0226095212230073,3.5848463210488846e-06,3.58484632106098e-06
265,negative_cross_entropy,0.5,3463,15,20,0.5,1.0832466504305711,0.1925653229364461,0.6996199621066781,0.5416233252152856,6,0.01911683445117425,0.019138433180725056,2.1598729550806328e-05,2.1598729550804614e-05
265,negative_cross_entropy,0.5,3463,15,20,0.5,1.0832466504305711,0.1925653229364461,0.6996199621066781,0.5416233252152856,7,0.02273799441649584,0.022735211215885065,-2.7832006107737783e-06,-2.783200610778371e-06
266,accuracy,0.5,3463,15,20,0.5,1.0832466504305711,0.1925653229364461,0.6996199621066781,0.5416233252152856,0,0.0107357142857143,0.009000000000000008,-0.0017357142857142918,-0.0017357142857143092
266,accuracy,0.5,3463,15,20,0.5,1.0832466504305711,0.1925653229364461,0.6996199621066781,0.5416233252152856,1,-0.006026190476190483,-0.006000000000000005,2.6190476190477395e-05,2.6190476190447037e-05
266,accuracy,0.5,3463,15,20,0.5,1.0832466504305711,0.1925653229364461,0.6996199621066781,0.5416233252152856,2,0.0033452380952381008,0.0010000000000000009,-0.0023452380952381,-0.0023452380952381155
266,accuracy,0.5,3463,15,20,0.5,1.0832466504305711,0.1925653229364461,0.6996199621066781,0.5416233252152856,3,0.016307142857142867,0.018000000000000016,0.0016928571428571487,0.0016928571428571106
266,accuracy,0.5,3463,15,20,0.5,1.0832466504305711,0.1925653229364461,0.6996199621066781,0.5416233252152856,4,0.008050000000000005,0.009000000000000008,0.0009500000000000029,0.0009499999999999786
266,accuracy,0.5,3463,15,20,0.5,1.0832466504305711,0.1925653229364461,0.6996199621066781,0.5416233252152856,5,0.00658333333333334,0.007000000000000006,0.0004166666666666659,0.0004166666666666416
266,accuracy,0.5,3463,15,20,0.5,1.0832466504305711,0.1925653229364461,0.6996199621066781,0.5416233252152856,6,0.016945238095238117,0.019000000000000017,0.0020547619047618995,0.0020547619047618787
266,accuracy,0.5,3463,15,20,0.5,1.0832466504305711,0.1925653229364461,0.6996199621066781,0.5416233252152856,7,0.022059523809523827,0.02200000000000002,-5.9523809523807925e-05,-5.952380952382874e-05
267,negative_brier,0.5,3463,15,20,1.0,1.0832466504305711,0.1925653229364461,0.6996199621066781,1.0832466504305711,0,0.019761847519239796,0.019848910904618544,8.706338537874808e-05,8.706338537875093e-05
267,negative_brier,0.5,3463,15,20,1.0,1.0832466504305711,0.1925653229364461,0.6996199621066781,1.0832466504305711,1,0.007985007342120749,0.008298961546928496,0.0003139542048077471,0.0003139542048077433
267,negative_brier,0.5,3463,15,20,1.0,1.0832466504305711,0.1925653229364461,0.6996199621066781,1.0832466504305711,2,0.014130820263166567,0.014282246197435067,0.00015142593426849954,0.00015142593426850504
267,negative_brier,0.5,3463,15,20,1.0,1.0832466504305711,0.1925653229364461,0.6996199621066781,1.0832466504305711,3,0.015021321747575849,0.015072345705961887,5.102395838603793e-05,5.102395838604369e-05
267,negative_brier,0.5,3463,15,20,1.0,1.0832466504305711,0.1925653229364461,0.6996199621066781,1.0832466504305711,4,0.006987684737400457,0.006972279304666706,-1.5405432733750328e-05,-1.540543273374933e-05
267,negative_brier,0.5,3463,15,20,1.0,1.0832466504305711,0.1925653229364461,0.6996199621066781,1.0832466504305711,5,0.01525471421729012,0.015240070869949052,-1.4643347341069049e-05,-1.4643347341063352e-05
267,negative_brier,0.5,3463,15,20,1.0,1.0832466504305711,0.1925653229364461,0.6996199621066781,1.0832466504305711,6,0.011280463776483327,0.011451249209881054,0.00017078543339772712,0.00017078543339773332
267,negative_brier,0.5,3463,15,20,1.0,1.0832466504305711,0.1925653229364461,0.6996199621066781,1.0832466504305711,7,0.016460089337535865,0.016449923808214528,-1.0165529321336242e-05,-1.0165529321339373e-05
268,negative_cross_entropy,0.5,3463,15,20,1.0,1.0832466504305711,0.1925653229364461,0.6996199621066781,1.0832466504305711,0,0.046543803844551736,0.04662494051040189,8.113666585015528e-05,8.113666585014347e-05
268,negative_cross_entropy,0.5,3463,15,20,1.0,1.0832466504305711,0.1925653229364461,0.6996199621066781,1.0832466504305711,1,0.025973941130487833,0.026271261386035527,0.00029732025554769434,0.0002973202555476919
268,negative_cross_entropy,0.5,3463,15,20,1.0,1.0832466504305711,0.1925653229364461,0.6996199621066781,1.0832466504305711,2,0.03798220908629205,0.03820037225822337,0.0002181631719313168,0.0002181631719313149
268,negative_cross_entropy,0.5,3463,15,20,1.0,1.0832466504305711,0.1925653229364461,0.6996199621066781,1.0832466504305711,3,0.038095852552257135,0.03817573433096111,7.988177870397323e-05,7.98817787039629e-05
268,negative_cross_entropy,0.5,3463,15,20,1.0,1.0832466504305711,0.1925653229364461,0.6996199621066781,1.0832466504305711,4,0.019600598776226722,0.01962448186271326,2.3883086486539e-05,2.3883086486534522e-05
268,negative_cross_entropy,0.5,3463,15,20,1.0,1.0832466504305711,0.1925653229364461,0.6996199621066781,1.0832466504305711,5,0.039665172423259586,0.0397326565052013,6.74840819417169e-05,6.74840819416928e-05
268,negative_cross_entropy,0.5,3463,15,20,1.0,1.0832466504305711,0.1925653229364461,0.6996199621066781,1.0832466504305711,6,0.034739044869974374,0.03491469939385006,0.0001756545238756832,0.00017565452387568282
268,negative_cross_entropy,0.5,3463,15,20,1.0,1.0832466504305711,0.1925653229364461,0.6996199621066781,1.0832466504305711,7,0.041557515612340896,0.04155860429134739,1.0886790064931762e-06,1.088679006500122e-06
269,accuracy,0.5,3463,15,20,1.0,1.0832466504305711,0.1925653229364461,0.6996199621066781,1.0832466504305711,0,0.015052380952380953,0.016000000000000014,0.0009476190476190617,0.0009476190476190513
269,accuracy,0.5,3463,15,20,1.0,1.0832466504305711,0.1925653229364461,0.6996199621066781,1.0832466504305711,1,0.0035809523809523687,0.007000000000000006,0.0034190476190476375,0.003419047619047627
269,accuracy,0.5,3463,15,20,1.0,1.0832466504305711,0.1925653229364461,0.6996199621066781,1.0832466504305711,2,0.002147619047619044,0.0,-0.002147619047619044,-0.0021476190476190544
269,accuracy,0.5,3463,15,20,1.0,1.0832466504305711,0.1925653229364461,0.6996199621066781,1.0832466504305711,3,0.024804761904761892,0.020000000000000018,-0.004804761904761874,-0.0048047619047618985
269,accuracy,0.5,3463,15,20,1.0,1.0832466504305711,0.1925653229364461,0.6996199621066781,1.0832466504305711,4,0.01320952380952381,0.01100000000000001,-0.0022095238095238,-0.0022095238095238036
269,accuracy,0.5,3463,15,20,1.0,1.0832466504305711,0.1925653229364461,0.6996199621066781,1.0832466504305711,5,0.006495238095238092,0.006000000000000005,-0.0004952380952380868,-0.0004952380952380937
269,accuracy,0.5,3463,15,20,1.0,1.0832466504305711,0.1925653229364461,0.6996199621066781,1.0832466504305711,6,0.025409523809523805,0.027000000000000024,0.0015904761904762185,0.0015904761904761977
269,accuracy,0.5,3463,15,20,1.0,1.0832466504305711,0.1925653229364461,0.6996199621066781,1.0832466504305711,7,0.031299999999999994,0.031000000000000028,-0.00029999999999996696,-0.0002999999999999843
270,negative_brier,0.5,3559,0,20,0.0625,1.5357398158132147,0.27006304266855724,1.1970027322974057,0.09598373848832592,0,0.0007599538769347399,0.0007599660441773293,1.2167242589324057e-08,1.216724258938188e-08
270,negative_brier,0.5,3559,0,20,0.0625,1.5357398158132147,0.27006304266855724,1.1970027322974057,0.09598373848832592,1,0.0006656917344197186,0.0006656787739825476,-1.2960437170955047e-08,-1.2960437170562669e-08
270,negative_brier,0.5,3559,0,20,0.0625,1.5357398158132147,0.27006304266855724,1.1970027322974057,0.09598373848832592,2,0.0027643768380661168,0.002764357291031916,-1.954703420089729e-08,-1.9547034200785763e-08
270,negative_brier,0.5,3559,0,20,0.0625,1.5357398158132147,0.27006304266855724,1.1970027322974057,0.09598373848832592,3,0.0022911377248480023,0.0022911030661998955,-3.465864810685976e-08,-3.4658648105711545e-08
270,negative_brier,0.5,3559,0,20,0.0625,1.5357398158132147,0.27006304266855724,1.1970027322974057,0.09598373848832592,4,0.001301680464865523,0.0013016465487341033,-3.39161314196184e-08,-3.3916131420801716e-08
270,negative_brier,0.5,3559,0,20,0.0625,1.5357398158132147,0.27006304266855724,1.1970027322974057,0.09598373848832592,5,0.0018110793044206735,0.0018110866070106812,7.302590007739543e-09,7.302590006506651e-09
270,negative_brier,0.5,3559,0,20,0.0625,1.5357398158132147,0.27006304266855724,1.1970027322974057,0.09598373848832592,6,0.0015066820429026863,0.0015066686957498354,-1.3347152850833044e-08,-1.3347152851469118e-08
270,negative_brier,0.5,3559,0,20,0.0625,1.5357398158132147,0.27006304266855724,1.1970027322974057,0.09598373848832592,7,0.002444357376367388,0.0024443971059873726,3.972961998451041e-08,3.9729619985419106e-08
271,negative_cross_entropy,0.5,3559,0,20,0.0625,1.5357398158132147,0.27006304266855724,1.1970027322974057,0.09598373848832592,0,0.0048868403335009004,0.004885977563684474,-8.627698164266617e-07,-8.627698164268932e-07
271,negative_cross_entropy,0.5,3559,0,20,0.0625,1.5357398158132147,0.27006304266855724,1.1970027322974057,0.09598373848832592,1,0.003871508084678124,0.0038708042974899826,-7.037871881413957e-07,-7.037871881403798e-07
271,negative_cross_entropy,0.5,3559,0,20,0.0625,1.5357398158132147,0.27006304266855724,1.1970027322974057,0.09598373848832592,2,0.01423290887392311,0.014230967268125339,-1.9416057977714174e-06,-1.9416057977701612e-06
271,negative_cross_entropy,0.5,3559,0,20,0.0625,1.5357398158132147,0.27006304266855724,1.1970027322974057,0.09598373848832592,3,0.013154704030174108,0.013152805930857658,-1.8980993164493393e-06,-1.8980993164425497e-06
271,negative_cross_entropy,0.5,3559,0,20,0.0625,1.5357398158132147,0.27006304266855724,1.1970027322974057,0.09598373848832592,4,0.00778662459790778,0.007785826800315476,-7.977975923041322e-07,-7.977975923001423e-07
271,negative_cross_entropy,0.5,3559,0,20,0.0625,1.5357398158132147,0.27006304266855724,1.1970027322974057,0.09598373848832592,5,0.00947513350070388,0.009473687908532868,-1.4455921710111036e-06,-1.4455921710058003e-06
271,negative_cross_entropy,0.5,3559,0,20,0.0625,1.5357398158132147,0.27006304266855724,1.1970027322974057,0.09598373848832592,6,0.008038507757209703,0.008037122353812043,-1.3854033976603425e-06,-1.3854033976563275e-06
271,negative_cross_entropy,0.5,3559,0,20,0.0625,1.5357398158132147,0.27006304266855724,1.1970027322974057,0.09598373848832592,7,0.013849302600171781,0.013847589709649277,-1.712890522503896e-06,-1.7128905225052177e-06
272,accuracy,0.5,3559,0,20,0.0625,1.5357398158132147,0.27006304266855724,1.1970027322974057,0.09598373848832592,0,0.0010452380952380971,0.0020000000000000018,0.0009547619047619047,0.0009547619047619055
272,accuracy,0.5,3559,0,20,0.0625,1.5357398158132147,0.27006304266855724,1.1970027322974057,0.09598373848832592,1,0.0004309523809523816,0.0010000000000000009,0.0005690476190476193,0.0005690476190476181
272,accuracy,0.5,3559,0,20,0.0625,1.5357398158132147,0.27006304266855724,1.1970027322974057,0.09598373848832592,2,0.001578571428571431,0.0030000000000000027,0.0014214285714285717,0.0014214285714285717
272,accuracy,0.5,3559,0,20,0.0625,1.5357398158132147,0.27006304266855724,1.1970027322974057,0.09598373848832592,3,0.0018452380952380973,0.0030000000000000027,0.0011547619047619054,0.0011547619047619045
272,accuracy,0.5,3559,0,20,0.0625,1.5357398158132147,0.27006304266855724,1.1970027322974057,0.09598373848832592,4,0.0011595238095238108,0.0020000000000000018,0.000840476190476191,0.0008404761904761896
272,accuracy,0.5,3559,0,20,0.0625,1.5357398158132147,0.27006304266855724,1.1970027322974057,0.09598373848832592,5,0.0011404761904761918,0.0030000000000000027,0.001859523809523811,0.0018595238095238087
272,accuracy,0.5,3559,0,20,0.0625,1.5357398158132147,0.27006304266855724,1.1970027322974057,0.09598373848832592,6,0.0011738095238095249,0.0030000000000000027,0.0018261904761904778,0.0018261904761904756
272,accuracy,0.5,3559,0,20,0.0625,1.5357398158132147,0.27006304266855724,1.1970027322974057,0.09598373848832592,7,0.0016261904761904777,0.0030000000000000027,0.001373809523809525,0.0013738095238095241
273,negative_brier,0.5,3559,0,20,0.125,1.5357398158132147,0.27006304266855724,1.1970027322974057,0.19196747697665184,0,0.001558350235614155,0.0015582896867883944,-6.0548825760523e-08,-6.054882576024215e-08
273,negative_brier,0.5,3559,0,20,0.125,1.5357398158132147,0.27006304266855724,1.1970027322974057,0.19196747697665184,1,0.0013643724209269977,0.0013641154597558436,-2.569611711540805e-07,-2.569611711550343e-07
273,negative_brier,0.5,3559,0,20,0.125,1.5357398158132147,0.27006304266855724,1.1970027322974057,0.19196747697665184,2,0.005670884623205347,0.005670235545713387,-6.490774919600331e-07,-6.490774919591992e-07
273,negative_brier,0.5,3559,0,20,0.125,1.5357398158132147,0.27006304266855724,1.1970027322974057,0.19196747697665184,3,0.004689738125208875,0.004689021674907534,-7.164503013409179e-07,-7.164503013416615e-07
273,negative_brier,0.5,3559,0,20,0.125,1.5357398158132147,0.27006304266855724,1.1970027322974057,0.19196747697665184,4,0.0026584232595671525,0.0026580377917759246,-3.854677912279447e-07,-3.8546779122768045e-07
273,negative_brier,0.5,3559,0,20,0.125,1.5357398158132147,0.27006304266855724,1.1970027322974057,0.19196747697665184,5,0.003700952768395285,0.0037006636581113916,-2.89110283893234e-07,-2.891102838920816e-07
273,negative_brier,0.5,3559,0,20,0.125,1.5357398158132147,0.27006304266855724,1.1970027322974057,0.19196747697665184,6,0.003070165683209998,0.003069745308265648,-4.203749443499813e-07,-4.203749443515426e-07
273,negative_brier,0.5,3559,0,20,0.125,1.5357398158132147,0.27006304266855724,1.1970027322974057,0.19196747697665184,7,0.005017701098010396,0.005017579925326365,-1.211726840307653e-07,-1.2117268403177307e-07
274,negative_cross_entropy,0.5,3559,0,20,0.125,1.5357398158132147,0.27006304266855724,1.1970027322974057,0.19196747697665184,0,0.00972317669164605,0.009716160577207589,-7.016114438460758e-06,-7.016114438460725e-06
274,negative_cross_entropy,0.5,3559,0,20,0.125,1.5357398158132147,0.27006304266855724,1.1970027322974057,0.19196747697665184,1,0.0076951686536841125,0.007689482663617353,-5.685990066759544e-06,-5.685990066761099e-06
274,negative_cross_entropy,0.5,3559,0,20,0.125,1.5357398158132147,0.27006304266855724,1.1970027322974057,0.19196747697665184,2,0.028299404609672684,0.028283722801375033,-1.5681808297651062e-05,-1.5681808297654403e-05
274,negative_cross_entropy,0.5,3559,0,20,0.125,1.5357398158132147,0.27006304266855724,1.1970027322974057,0.19196747697665184,3,0.02615446489907559,0.02613917072929106,-1.5294169784529216e-05,-1.5294169784532028e-05
274,negative_cross_entropy,0.5,3559,0,20,0.125,1.5357398158132147,0.27006304266855724,1.1970027322974057,0.19196747697665184,4,0.015489291419049284,0.0154829878501892,-6.3035688600832085e-06,-6.3035688600787175e-06
274,negative_cross_entropy,0.5,3559,0,20,0.125,1.5357398158132147,0.27006304266855724,1.1970027322974057,0.19196747697665184,5,0.018814166708783588,0.018802582076247187,-1.1584632536400241e-05,-1.1584632536403082e-05
274,negative_cross_entropy,0.5,3559,0,20,0.125,1.5357398158132147,0.27006304266855724,1.1970027322974057,0.19196747697665184,6,0.01597001218386825,0.01595885476166381,-1.1157422204439299e-05,-1.115742220444521e-05
274,negative_cross_entropy,0.5,3559,0,20,0.125,1.5357398158132147,0.27006304266855724,1.1970027322974057,0.19196747697665184,7,0.0275334843184572,0.027519702233391508,-1.378208506569098e-05,-1.378208506568599e-05
275,accuracy,0.5,3559,0,20,0.125,1.5357398158132147,0.27006304266855724,1.1970027322974057,0.19196747697665184,0,0.0013452380952380968,0.0030000000000000027,0.0016547619047619058,0.0016547619047619071
275,accuracy,0.5,3559,0,20,0.125,1.5357398158132147,0.27006304266855724,1.1970027322974057,0.19196747697665184,1,0.0008404761904761927,0.0020000000000000018,0.001159523809523809,0.0011595238095238117
275,accuracy,0.5,3559,0,20,0.125,1.5357398158132147,0.27006304266855724,1.1970027322974057,0.19196747697665184,2,0.00581666666666667,0.006999999999999999,0.0011833333333333296,0.001183333333333334
275,accuracy,0.5,3559,0,20,0.125,1.5357398158132147,0.27006304266855724,1.1970027322974057,0.19196747697665184,3,0.0033023809523809555,0.0040000000000000036,0.000697619047619048,0.0006976190476190515
275,accuracy,0.5,3559,0,20,0.125,1.5357398158132147,0.27006304266855724,1.1970027322974057,0.19196747697665184,4,0.0009071428571428603,0.0030000000000000027,0.0020928571428571424,0.0020928571428571463
275,accuracy,0.5,3559,0,20,0.125,1.5357398158132147,0.27006304266855724,1.1970027322974057,0.19196747697665184,5,0.0034309523809523796,0.0049999999999999975,0.001569047619047618,0.0015690476190476175
275,accuracy,0.5,3559,0,20,0.125,1.5357398158132147,0.27006304266855724,1.1970027322974057,0.19196747697665184,6,0.002797619047619049,0.0040000000000000036,0.0012023809523809543,0.0012023809523809548
275,accuracy,0.5,3559,0,20,0.125,1.5357398158132147,0.27006304266855724,1.1970027322974057,0.19196747697665184,7,0.0035595238095238115,0.0040000000000000036,0.0004404761904761921,0.00044047619047619556
276,negative_brier,0.5,3559,0,20,0.25,1.5357398158132147,0.27006304266855724,1.1970027322974057,0.3839349539533037,0,0.0032674596348677425,0.0032637317575296976,-3.7278773380449055e-06,-3.7278773380456628e-06
276,negative_brier,0.5,3559,0,20,0.25,1.5357398158132147,0.27006304266855724,1.1970027322974057,0.3839349539533037,1,0.0028559184961510424,0.002850896091017907,-5.0224051331352985e-06,-5.022405133136193e-06
276,negative_brier,0.5,3559,0,20,0.25,1.5357398158132147,0.27006304266855724,1.1970027322974057,0.3839349539533037,2,0.011890371742034517,0.011875721943774786,-1.4649798259731145e-05,-1.4649798259725554e-05
276,negative_brier,0.5,3559,0,20,0.25,1.5357398158132147,0.27006304266855724,1.1970027322974057,0.3839349539533037,3,0.009793534486248312,0.009779418542816665,-1.4115943431647349e-05,-1.411594343164351e-05
276,negative_brier,0.5,3559,0,20,0.25,1.5357398158132147,0.27006304266855724,1.1970027322974057,0.3839349539533037,4,0.005531208861339909,0.005526119634978788,-5.089226361121475e-06,-5.089226361120112e-06
276,negative_brier,0.5,3559,0,20,0.25,1.5357398158132147,0.27006304266855724,1.1970027322974057,0.3839349539533037,5,0.0077056456433213395,0.007696609825221912,-9.035818099427731e-06,-9.035818099427846e-06
276,negative_brier,0.5,3559,0,20,0.25,1.5357398158132147,0.27006304266855724,1.1970027322974057,0.3839349539533037,6,0.006356361650018432,0.006346978173641438,-9.383476376994236e-06,-9.383476376992593e-06
276,negative_brier,0.5,3559,0,20,0.25,1.5357398158132147,0.27006304266855724,1.1970027322974057,0.3839349539533037,7,0.010544418044280721,0.010534865966030538,-9.552078250183588e-06,-9.5520782501821e-06
277,negative_cross_entropy,0.5,3559,0,20,0.25,1.5357398158132147,0.27006304266855724,1.1970027322974057,0.3839349539533037,0,0.01917102437080373,0.01911342916090364,-5.759520990009093e-05,-5.7595209900094356e-05
277,negative_cross_entropy,0.5,3559,0,20,0.25,1.5357398158132147,0.27006304266855724,1.1970027322974057,0.3839349539533037,1,0.015143624246280345,0.015097603751720312,-4.60204945600326e-05,-4.602049456003318e-05
277,negative_cross_entropy,0.5,3559,0,20,0.25,1.5357398158132147,0.27006304266855724,1.1970027322974057,0.3839349539533037,2,0.055724824939002895,0.055598257893137326,-0.00012656704586556933,-0.00012656704586559776
277,negative_cross_entropy,0.5,3559,0,20,0.25,1.5357398158132147,0.27006304266855724,1.1970027322974057,0.3839349539533037,3,0.05149452305225708,0.05137167639124707,-0.00012284666101001346,-0.00012284666101001105
277,negative_cross_entropy,0.5,3559,0,20,0.25,1.5357398158132147,0.27006304266855724,1.1970027322974057,0.3839349539533037,4,0.03055993709733218,0.030511423798449844,-4.8513298882335576e-05,-4.851329888232077e-05
277,negative_cross_entropy,0.5,3559,0,20,0.25,1.5357398158132147,0.27006304266855724,1.1970027322974057,0.3839349539533037,5,0.03695142149477332,0.03685941212576904,-9.200936900427559e-05,-9.200936900429304e-05
277,negative_cross_entropy,0.5,3559,0,20,0.25,1.5357398158132147,0.27006304266855724,1.1970027322974057,0.3839349539533037,6,0.03138478756879264,0.031295324082427856,-8.946348636478668e-05,-8.946348636479202e-05
277,negative_cross_entropy,0.5,3559,0,20,0.25,1.5357398158132147,0.27006304266855724,1.1970027322974057,0.3839349539533037,7,0.05422652974121069,0.054115978657154784,-0.00011055108405590847,-0.00011055108405589821
278,accuracy,0.5,3559,0,20,0.25,1.5357398158132147,0.27006304266855724,1.1970027322974057,0.3839349539533037,0,0.0060547619047619135,0.008000000000000007,0.0019452380952380936,0.0019452380952380936
278,accuracy,0.5,3559,0,20,0.25,1.5357398158132147,0.27006304266855724,1.1970027322974057,0.3839349539533037,1,0.005502380952380953,0.008000000000000007,0.002497619047619054,0.002497619047619047
278,accuracy,0.5,3559,0,20,0.25,1.5357398158132147,0.27006304266855724,1.1970027322974057,0.3839349539533037,2,0.024092857142857145,0.03,0.005907142857142854,0.005907142857142857
278,accuracy,0.5,3559,0,20,0.25,1.5357398158132147,0.27006304266855724,1.1970027322974057,0.3839349539533037,3,0.01603095238095239,0.021000000000000005,0.004969047619047616,0.004969047619047623
278,accuracy,0.5,3559,0,20,0.25,1.5357398158132147,0.27006304266855724,1.1970027322974057,0.3839349539533037,4,0.005054761904761906,0.0050000000000000044,-5.476190476190121e-05,-5.476190476189427e-05
278,accuracy,0.5,3559,0,20,0.25,1.5357398158132147,0.27006304266855724,1.1970027322974057,0.3839349539533037,5,0.01601666666666668,0.022000000000000006,0.005983333333333327,0.005983333333333337
278,accuracy,0.5,3559,0,20,0.25,1.5357398158132147,0.27006304266855724,1.1970027322974057,0.3839349539533037,6,0.01132142857142857,0.015,0.0036785714285714286,0.003678571428571427
278,accuracy,0.5,3559,0,20,0.25,1.5357398158132147,0.27006304266855724,1.1970027322974057,0.3839349539533037,7,0.019926190476190472,0.02500000000000001,0.005073809523809536,0.0050738095238095325
279,negative_brier,0.5,3559,0,20,0.5,1.5357398158132147,0.27006304266855724,1.1970027322974057,0.7678699079066074,0,0.00703827736287748,0.0069405972013587,-9.768016151877942e-05,-9.76801615187801e-05
279,negative_brier,0.5,3559,0,20,0.5,1.5357398158132147,0.27006304266855724,1.1970027322974057,0.7678699079066074,1,0.006119486635639155,0.0060225431384846595,-9.69434971544959e-05,-9.6943497154496e-05
279,negative_brier,0.5,3559,0,20,0.5,1.5357398158132147,0.27006304266855724,1.1970027322974057,0.7678699079066074,2,0.025553033142961794,0.025257361318076876,-0.00029567182488491814,-0.0002956718248849227
279,negative_brier,0.5,3559,0,20,0.5,1.5357398158132147,0.27006304266855724,1.1970027322974057,0.7678699079066074,3,0.020907070730381956,0.02063830514174536,-0.000268765588636595,-0.00026876558863661045
279,negative_brier,0.5,3559,0,20,0.5,1.5357398158132147,0.27006304266855724,1.1970027322974057,0.7678699079066074,4,0.011822434649292345,0.011746905660995288,-7.552898829705709e-05,-7.552898829705118e-05
279,negative_brier,0.5,3559,0,20,0.5,1.5357398158132147,0.27006304266855724,1.1970027322974057,0.7678699079066074,5,0.016368865096382017,0.016170213127830513,-0.00019865196855150397,-0.00019865196855150752
279,negative_brier,0.5,3559,0,20,0.5,1.5357398158132147,0.27006304266855724,1.1970027322974057,0.7678699079066074,6,0.013347636904637786,0.013161229005242636,-0.00018640789939514991,-0.0001864078993951437
279,negative_brier,0.5,3559,0,20,0.5,1.5357398158132147,0.27006304266855724,1.1970027322974057,0.7678699079066074,7,0.022839291515393118,0.0225969348476886,-0.00024235666770451927,-0.0002423566677045278
280,negative_cross_entropy,0.5,3559,0,20,0.5,1.5357398158132147,0.27006304266855724,1.1970027322974057,0.7678699079066074,0,0.036637226549770203,0.03617314858329801,-0.0004640779664721942,-0.00046407796647216464
280,negative_cross_entropy,0.5,3559,0,20,0.5,1.5357398158132147,0.27006304266855724,1.1970027322974057,0.7678699079066074,1,0.028857987101504813,0.02849884568310468,-0.0003591414184001343,-0.0003591414184001482
280,negative_cross_entropy,0.5,3559,0,20,0.5,1.5357398158132147,0.27006304266855724,1.1970027322974057,0.7678699079066074,2,0.1062958394819332,0.10532282394579418,-0.0009730155361390297,-0.0009730155361390991
280,negative_cross_entropy,0.5,3559,0,20,0.5,1.5357398158132147,0.27006304266855724,1.1970027322974057,0.7678699079066074,3,0.09819379977916874,0.09725859526610514,-0.0009352045130636005,-0.0009352045130636616
280,negative_cross_entropy,0.5,3559,0,20,0.5,1.5357398158132147,0.27006304266855724,1.1970027322974057,0.7678699079066074,4,0.05883219942139244,0.058496533518140215,-0.00033566590325222884,-0.0003356659032521888
280,negative_cross_entropy,0.5,3559,0,20,0.5,1.5357398158132147,0.27006304266855724,1.1970027322974057,0.7678699079066074,5,0.07018075511593425,0.06949680396208491,-0.0006839511538493381,-0.0006839511538493942
280,negative_cross_entropy,0.5,3559,0,20,0.5,1.5357398158132147,0.27006304266855724,1.1970027322974057,0.7678699079066074,6,0.05955474488869345,0.05887882631089969,-0.0006759185777937618,-0.0006759185777937587
280,negative_cross_entropy,0.5,3559,0,20,0.5,1.5357398158132147,0.27006304266855724,1.1970027322974057,0.7678699079066074,7,0.1036702447741265,0.10282514643628438,-0.0008450983378421179,-0.0008450983378421578
281,accuracy,0.5,3559,0,20,0.5,1.5357398158132147,0.27006304266855724,1.1970027322974057,0.7678699079066074,0,0.015528571428571428,0.013999999999999999,-0.0015285714285714295,-0.0015285714285714173
281,accuracy,0.5,3559,0,20,0.5,1.5357398158132147,0.27006304266855724,1.1970027322974057,0.7678699079066074,1,0.01532857142857143,0.013000000000000012,-0.0023285714285714177,-0.002328571428571416
281,accuracy,0.5,3559,0,20,0.5,1.5357398158132147,0.27006304266855724,1.1970027322974057,0.7678699079066074,2,0.07090476190476186,0.058,-0.012904761904761856,-0.012904761904761919
281,accuracy,0.5,3559,0,20,0.5,1.5357398158132147,0.27006304266855724,1.1970027322974057,0.7678699079066074,3,0.0436761904761905,0.034000000000000016,-0.009676190476190484,-0.00967619047619046
281,accuracy,0.5,3559,0,20,0.5,1.5357398158132147,0.27006304266855724,1.1970027322974057,0.7678699079066074,4,0.016119047619047623,0.01100000000000001,-0.005119047619047613,-0.005119047619047617
281,accuracy,0.5,3559,0,20,0.5,1.5357398158132147,0.27006304266855724,1.1970027322974057,0.7678699079066074,5,0.037923809523809526,0.033000000000000015,-0.004923809523809511,-0.004923809523809507
281,accuracy,0.5,3559,0,20,0.5,1.5357398158132147,0.27006304266855724,1.1970027322974057,0.7678699079066074,6,0.02989523809523809,0.02800000000000001,-0.0018952380952380783,-0.0018952380952380748
281,accuracy,0.5,3559,0,20,0.5,1.5357398158132147,0.27006304266855724,1.1970027322974057,0.7678699079066074,7,0.04262380952380954,0.03300000000000001,-0.009623809523809534,-0.009623809523809524
282,negative_brier,0.5,3559,0,20,1.0,1.5357398158132147,0.27006304266855724,1.1970027322974057,1.5357398158132147,0,0.014185727304252393,0.01262921873780809,-0.0015565085664443028,-0.0015565085664442989
282,negative_brier,0.5,3559,0,20,1.0,1.5357398158132147,0.27006304266855724,1.1970027322974057,1.5357398158132147,1,0.01228038899134334,0.010987433683081915,-0.0012929553082614252,-0.001292955308261422
282,negative_brier,0.5,3559,0,20,1.0,1.5357398158132147,0.27006304266855724,1.1970027322974057,1.5357398158132147,2,0.051605418035662,0.047727640933582005,-0.003877777102079996,-0.0038777771020800066
282,negative_brier,0.5,3559,0,20,1.0,1.5357398158132147,0.27006304266855724,1.1970027322974057,1.5357398158132147,3,0.04194166780654842,0.03852779431684511,-0.0034138734897033104,-0.003413873489703287
282,negative_brier,0.5,3559,0,20,1.0,1.5357398158132147,0.27006304266855724,1.1970027322974057,1.5357398158132147,4,0.02518909527878724,0.024174754829519862,-0.0010143404492673792,-0.0010143404492673805
282,negative_brier,0.5,3559,0,20,1.0,1.5357398158132147,0.27006304266855724,1.1970027322974057,1.5357398158132147,5,0.03265073311197079,0.030038786715965937,-0.002611946396004851,-0.0026119463960048235
282,negative_brier,0.5,3559,0,20,1.0,1.5357398158132147,0.27006304266855724,1.1970027322974057,1.5357398158132147,6,0.02588564010040327,0.023550631305877423,-0.0023350087945258474,-0.002335008794525854
282,negative_brier,0.5,3559,0,20,1.0,1.5357398158132147,0.27006304266855724,1.1970027322974057,1.5357398158132147,7,0.047430832652567596,0.043935402842605276,-0.0034954298099623207,-0.0034954298099622912
283,negative_cross_entropy,0.5,3559,0,20,1.0,1.5357398158132147,0.27006304266855724,1.1970027322974057,1.5357398158132147,0,0.06232553694795609,0.05956551337741545,-0.002760023570540643,-0.002760023570540701
283,negative_cross_entropy,0.5,3559,0,20,1.0,1.5357398158132147,0.27006304266855724,1.1970027322974057,1.5357398158132147,1,0.049192315553466474,0.04721777153443929,-0.0019745440190271843,-0.0019745440190271925
283,negative_cross_entropy,0.5,3559,0,20,1.0,1.5357398158132147,0.27006304266855724,1.1970027322974057,1.5357398158132147,2,0.18151019643394048,0.1765250353903387,-0.004985161043601777,-0.004985161043601785
283,negative_cross_entropy,0.5,3559,0,20,1.0,1.5357398158132147,0.27006304266855724,1.1970027322974057,1.5357398158132147,3,0.1676298042253947,0.16294915984711023,-0.004680644378284471,-0.004680644378284514
283,negative_cross_entropy,0.5,3559,0,20,1.0,1.5357398158132147,0.27006304266855724,1.1970027322974057,1.5357398158132147,4,0.10504028289319162,0.10366427273847278,-0.001376010154718832,-0.0013760101547188937
283,negative_cross_entropy,0.5,3559,0,20,1.0,1.5357398158132147,0.27006304266855724,1.1970027322974057,1.5357398158132147,5,0.11967756299600445,0.116416318999085,-0.0032612439969194468,-0.00326124399691941
283,negative_cross_entropy,0.5,3559,0,20,1.0,1.5357398158132147,0.27006304266855724,1.1970027322974057,1.5357398158132147,6,0.10037196660413471,0.0970987274659354,-0.0032732391381993103,-0.003273239138199337
283,negative_cross_entropy,0.5,3559,0,20,1.0,1.5357398158132147,0.27006304266855724,1.1970027322974057,1.5357398158132147,7,0.17908844087223777,0.1746118749322091,-0.004476565940028682,-0.004476565940028695
284,accuracy,0.5,3559,0,20,1.0,1.5357398158132147,0.27006304266855724,1.1970027322974057,1.5357398158132147,0,0.02556190476190478,0.024000000000000014,-0.0015619047619047643,-0.001561904761904792
284,accuracy,0.5,3559,0,20,1.0,1.5357398158132147,0.27006304266855724,1.1970027322974057,1.5357398158132147,1,0.01908571428571428,0.006000000000000005,-0.013085714285714273,-0.01308571428571434
284,accuracy,0.5,3559,0,20,1.0,1.5357398158132147,0.27006304266855724,1.1970027322974057,1.5357398158132147,2,0.09395238095238102,0.07300000000000002,-0.020952380952381,-0.02095238095238099
284,accuracy,0.5,3559,0,20,1.0,1.5357398158132147,0.27006304266855724,1.1970027322974057,1.5357398158132147,3,0.0656142857142857,0.03900000000000002,-0.026614285714285674,-0.026614285714285757
284,accuracy,0.5,3559,0,20,1.0,1.5357398158132147,0.27006304266855724,1.1970027322974057,1.5357398158132147,4,0.04446666666666671,0.031000000000000028,-0.013466666666666682,-0.013466666666666714
284,accuracy,0.5,3559,0,20,1.0,1.5357398158132147,0.27006304266855724,1.1970027322974057,1.5357398158132147,5,0.05916190476190472,0.04000000000000002,-0.0191619047619047,-0.019161904761904807
284,accuracy,0.5,3559,0,20,1.0,1.5357398158132147,0.27006304266855724,1.1970027322974057,1.5357398158132147,6,0.04181428571428576,0.02100000000000001,-0.02081428571428575,-0.020814285714285768
284,accuracy,0.5,3559,0,20,1.0,1.5357398158132147,0.27006304266855724,1.1970027322974057,1.5357398158132147,7,0.0843428571428571,0.07100000000000004,-0.01334285714285706,-0.013342857142857174
285,negative_brier,0.5,3559,15,20,0.0625,1.0666563290357076,0.20534499825905106,0.7337887185289329,0.06666602056473173,0,0.00036382527404394305,0.00036380497206828233,-2.0301975660720964e-08,-2.0301975660661066e-08
285,negative_brier,0.5,3559,15,20,0.0625,1.0666563290357076,0.20534499825905106,0.7337887185289329,0.06666602056473173,1,0.00036409605244501736,0.00036407720238157415,-1.8850063443205493e-08,-1.885006344295871e-08
285,negative_brier,0.5,3559,15,20,0.0625,1.0666563290357076,0.20534499825905106,0.7337887185289329,0.06666602056473173,2,0.0014897639380113024,0.001489721866241911,-4.2071769391438876e-08,-4.207176939132114e-08
285,negative_brier,0.5,3559,15,20,0.0625,1.0666563290357076,0.20534499825905106,0.7337887185289329,0.06666602056473173,3,0.0012790185838733208,0.0012790137302701732,-4.8536031476472535e-09,-4.853603147434545e-09
285,negative_brier,0.5,3559,15,20,0.0625,1.0666563290357076,0.20534499825905106,0.7337887185289329,0.06666602056473173,4,0.0011287236274537143,0.0011286722999349075,-5.132751880682421e-08,-5.132751880610965e-08
285,negative_brier,0.5,3559,15,20,0.0625,1.0666563290357076,0.20534499825905106,0.7337887185289329,0.06666602056473173,5,0.0010492450775722482,0.001049190421768209,-5.465580403909466e-08,-5.4655804039241276e-08
285,negative_brier,0.5,3559,15,20,0.0625,1.0666563290357076,0.20534499825905106,0.7337887185289329,0.06666602056473173,6,0.00072278171935615,0.0007227720919727454,-9.627383404592696e-09,-9.627383404508026e-09
285,negative_brier,0.5,3559,15,20,0.0625,1.0666563290357076,0.20534499825905106,0.7337887185289329,0.06666602056473173,7,0.0015369199768841355,0.0015368547631804397,-6.521370369584611e-08,-6.521370369616007e-08
286,negative_cross_entropy,0.5,3559,15,20,0.0625,1.0666563290357076,0.20534499825905106,0.7337887185289329,0.06666602056473173,0,0.0011821699937541925,0.0011821478562910048,-2.213746318766377e-08,-2.213746318718053e-08
286,negative_cross_entropy,0.5,3559,15,20,0.0625,1.0666563290357076,0.20534499825905106,0.7337887185289329,0.06666602056473173,1,0.0010149538684138212,0.001014930555311211,-2.3313102610281883e-08,-2.3313102610558618e-08
286,negative_cross_entropy,0.5,3559,15,20,0.0625,1.0666563290357076,0.20534499825905106,0.7337887185289329,0.06666602056473173,2,0.003757986485703251,0.0037579483316962925,-3.815400695860935e-08,-3.8154006957275265e-08
286,negative_cross_entropy,0.5,3559,15,20,0.0625,1.0666563290357076,0.20534499825905106,0.7337887185289329,0.06666602056473173,3,0.0036489957467385923,0.0036490055924469633,9.845708370988249e-09,9.845708371079114e-09
286,negative_cross_entropy,0.5,3559,15,20,0.0625,1.0666563290357076,0.20534499825905106,0.7337887185289329,0.06666602056473173,4,0.003246620520659445,0.0032465501471464764,-7.037351296840244e-08,-7.037351296754335e-08
286,negative_cross_entropy,0.5,3559,15,20,0.0625,1.0666563290357076,0.20534499825905106,0.7337887185289329,0.06666602056473173,5,0.002848279755416401,0.0028482273422781867,-5.2413138214128796e-08,-5.2413138213443156e-08
286,negative_cross_entropy,0.5,3559,15,20,0.0625,1.0666563290357076,0.20534499825905106,0.7337887185289329,0.06666602056473173,6,0.002144220159437005,0.0021442143138438174,-5.845593187454867e-09,-5.845593189131765e-09
286,negative_cross_entropy,0.5,3559,15,20,0.0625,1.0666563290357076,0.20534499825905106,0.7337887185289329,0.06666602056473173,7,0.004189730728131561,0.00418966489061301,-6.583751855152031e-08,-6.583751855518805e-08
287,accuracy,0.5,3559,15,20,0.0625,1.0666563290357076,0.20534499825905106,0.7337887185289329,0.06666602056473173,0,-0.00023333333333333355,0.0,0.00023333333333333355,0.00023333333333333192
287,accuracy,0.5,3559,15,20,0.0625,1.0666563290357076,0.20534499825905106,0.7337887185289329,0.06666602056473173,1,6.190476190476161e-05,0.0,-6.190476190476161e-05,-6.190476190476649e-05
287,accuracy,0.5,3559,15,20,0.0625,1.0666563290357076,0.20534499825905106,0.7337887185289329,0.06666602056473173,2,0.0011714285714285717,0.0,-0.0011714285714285717,-0.0011714285714285754
287,accuracy,0.5,3559,15,20,0.0625,1.0666563290357076,0.20534499825905106,0.7337887185289329,0.06666602056473173,3,0.0005619047619047632,0.0,-0.0005619047619047632,-0.000561904761904763
287,accuracy,0.5,3559,15,20,0.0625,1.0666563290357076,0.20534499825905106,0.7337887185289329,0.06666602056473173,4,0.0008523809523809545,0.0010000000000000009,0.00014761904761904639,0.00014761904761904573
287,accuracy,0.5,3559,15,20,0.0625,1.0666563290357076,0.20534499825905106,0.7337887185289329,0.06666602056473173,5,0.0017285714285714317,0.0010000000000000009,-0.0007285714285714309,-0.0007285714285714322
287,accuracy,0.5,3559,15,20,0.0625,1.0666563290357076,0.20534499825905106,0.7337887185289329,0.06666602056473173,6,0.0005047619047619065,0.0,-0.0005047619047619065,-0.0005047619047619102
287,accuracy,0.5,3559,15,20,0.0625,1.0666563290357076,0.20534499825905106,0.7337887185289329,0.06666602056473173,7,0.0013523809523809532,0.0010000000000000009,-0.0003523809523809523,-0.0003523809523809569
288,negative_brier,0.5,3559,15,20,0.125,1.0666563290357076,0.20534499825905106,0.7337887185289329,0.13333204112946345,0,0.0007236542617750676,0.0007234860971609969,-1.6816461407068162e-07,-1.6816461407064858e-07
288,negative_brier,0.5,3559,15,20,0.125,1.0666563290357076,0.20534499825905106,0.7337887185289329,0.13333204112946345,1,0.0007283213316078888,0.0007281631543552547,-1.5817725263411395e-07,-1.581772526338372e-07
288,negative_brier,0.5,3559,15,20,0.125,1.0666563290357076,0.20534499825905106,0.7337887185289329,0.13333204112946345,2,0.0029681911381710894,0.002967845576087591,-3.455620834983547e-07,-3.455620834988008e-07
288,negative_brier,0.5,3559,15,20,0.125,1.0666563290357076,0.20534499825905106,0.7337887185289329,0.13333204112946345,3,0.00255434965649441,0.002554313932583707,-3.5723910702875616e-08,-3.57239107034208e-08
288,negative_brier,0.5,3559,15,20,0.125,1.0666563290357076,0.20534499825905106,0.7337887185289329,0.13333204112946345,4,0.0022737372234883815,0.0022733055213734477,-4.3170211493385666e-07,-4.3170211493438944e-07
288,negative_brier,0.5,3559,15,20,0.125,1.0666563290357076,0.20534499825905106,0.7337887185289329,0.13333204112946345,5,0.00209302729652153,0.0020925829742364788,-4.44322285051129e-07,-4.4432228505205846e-07
288,negative_brier,0.5,3559,15,20,0.125,1.0666563290357076,0.20534499825905106,0.7337887185289329,0.13333204112946345,6,0.0014376018969378818,0.001437529440329266,-7.245660861576741e-08,-7.245660861669268e-08
288,negative_brier,0.5,3559,15,20,0.125,1.0666563290357076,0.20534499825905106,0.7337887185289329,0.13333204112946345,7,0.0030704917899118437,0.003069956188029632,-5.356018822114637e-07,-5.356018822101298e-07
289,negative_cross_entropy,0.5,3559,15,20,0.125,1.0666563290357076,0.20534499825905106,0.7337887185289329,0.13333204112946345,0,0.0023383278191844185,0.0023381543062275245,-1.7351295689398832e-07,-1.7351295689297225e-07
289,negative_cross_entropy,0.5,3559,15,20,0.125,1.0666563290357076,0.20534499825905106,0.7337887185289329,0.13333204112946345,1,0.00201321120825055,0.0020130283870665178,-1.8282118403227868e-07,-1.8282118403177895e-07
289,negative_cross_entropy,0.5,3559,15,20,0.125,1.0666563290357076,0.20534499825905106,0.7337887185289329,0.13333204112946345,2,0.007451091264705372,0.007450796849158947,-2.944155464250364e-07,-2.9441554642282254e-07
289,negative_cross_entropy,0.5,3559,15,20,0.125,1.0666563290357076,0.20534499825905106,0.7337887185289329,0.13333204112946345,3,0.007234920985218487,0.007235014244402427,9.325918393955634e-08,9.325918394145629e-08
289,negative_cross_entropy,0.5,3559,15,20,0.125,1.0666563290357076,0.20534499825905106,0.7337887185289329,0.13333204112946345,4,0.006464712231708802,0.006464147623094441,-5.646086143618056e-07,-5.64608614358105e-07
289,negative_cross_entropy,0.5,3559,15,20,0.125,1.0666563290357076,0.20534499825905106,0.7337887185289329,0.13333204112946345,5,0.005643814189660409,0.005643405959107062,-4.082305533475994e-07,-4.0823055334508815e-07
289,negative_cross_entropy,0.5,3559,15,20,0.125,1.0666563290357076,0.20534499825905106,0.7337887185289329,0.13333204112946345,6,0.004243154596083199,0.004243118044551353,-3.655153184636828e-08,-3.6551531843559736e-08
289,negative_cross_entropy,0.5,3559,15,20,0.125,1.0666563290357076,0.20534499825905106,0.7337887185289329,0.13333204112946345,7,0.008297747788015116,0.008297232648819763,-5.15139195352704e-07,-5.15139195355645e-07
290,accuracy,0.5,3559,15,20,0.125,1.0666563290357076,0.20534499825905106,0.7337887185289329,0.13333204112946345,0,-0.00047857142857143063,-0.0010000000000000009,-0.0005214285714285703,-0.0005214285714285668
290,accuracy,0.5,3559,15,20,0.125,1.0666563290357076,0.20534499825905106,0.7337887185289329,0.13333204112946345,1,-0.00011190476190476098,0.0010000000000000009,0.0011119047619047619,0.0011119047619047757
290,accuracy,0.5,3559,15,20,0.125,1.0666563290357076,0.20534499825905106,0.7337887185289329,0.13333204112946345,2,0.0028404761904761884,0.0030000000000000027,0.00015952380952381426,0.0001595238095238108
290,accuracy,0.5,3559,15,20,0.125,1.0666563290357076,0.20534499825905106,0.7337887185289329,0.13333204112946345,3,0.005926190476190478,0.009000000000000008,0.00307380952380953,0.003073809523809536
290,accuracy,0.5,3559,15,20,0.125,1.0666563290357076,0.20534499825905106,0.7337887185289329,0.13333204112946345,4,0.00507857142857143,0.006000000000000005,0.0009214285714285756,0.0009214285714285748
290,accuracy,0.5,3559,15,20,0.125,1.0666563290357076,0.20534499825905106,0.7337887185289329,0.13333204112946345,5,0.004654761904761904,0.007000000000000006,0.0023452380952381025,0.0023452380952381034
290,accuracy,0.5,3559,15,20,0.125,1.0666563290357076,0.20534499825905106,0.7337887185289329,0.13333204112946345,6,0.00616904761904762,0.009000000000000008,0.002830952380952388,0.0028309523809523923
290,accuracy,0.5,3559,15,20,0.125,1.0666563290357076,0.20534499825905106,0.7337887185289329,0.13333204112946345,7,0.003921428571428573,0.0050000000000000044,0.0010785714285714313,0.0010785714285714287
291,negative_brier,0.5,3559,15,20,0.25,1.0666563290357076,0.20534499825905106,0.7337887185289329,0.2666640822589269,0,0.0014284538592527277,0.001427020876342,-1.4329829107276315e-06,-1.4329829107275657e-06
291,negative_brier,0.5,3559,15,20,0.25,1.0666563290357076,0.20534499825905106,0.7337887185289329,0.2666640822589269,1,0.0014545606817817525,0.0014531870807252267,-1.373601056525774e-06,-1.373601056525466e-06
291,negative_brier,0.5,3559,15,20,0.25,1.0666563290357076,0.20534499825905106,0.7337887185289329,0.2666640822589269,2,0.005883650615087119,0.005880761306139182,-2.8893089479373885e-06,-2.8893089479379674e-06
291,negative_brier,0.5,3559,15,20,0.25,1.0666563290357076,0.20534499825905106,0.7337887185289329,0.2666640822589269,3,0.005088201895813967,0.005087980615273491,-2.2128054047616807e-07,-2.2128054047390483e-07
291,negative_brier,0.5,3559,15,20,0.25,1.0666563290357076,0.20534499825905106,0.7337887185289329,0.2666640822589269,4,0.004602961315043684,0.004599203893874526,-3.757421169157775e-06,-3.7574211691580164e-06
291,negative_brier,0.5,3559,15,20,0.25,1.0666563290357076,0.20534499825905106,0.7337887185289329,0.2666640822589269,5,0.004156632779206905,0.004152987967757926,-3.6448114489788866e-06,-3.644811448978119e-06
291,negative_brier,0.5,3559,15,20,0.25,1.0666563290357076,0.20534499825905106,0.7337887185289329,0.2666640822589269,6,0.002839520323120112,0.0028390223549561444,-4.979681639677436e-07,-4.979681639686688e-07
291,negative_brier,0.5,3559,15,20,0.25,1.0666563290357076,0.20534499825905106,0.7337887185289329,0.2666640822589269,7,0.0061156199983639185,0.0061111467910247574,-4.473207339161095e-06,-4.473207339159939e-06
292,negative_cross_entropy,0.5,3559,15,20,0.25,1.0666563290357076,0.20534499825905106,0.7337887185289329,0.2666640822589269,0,0.0045702747402142805,0.004568935876022806,-1.3388641914744911e-06,-1.3388641914759868e-06
292,negative_cross_entropy,0.5,3559,15,20,0.25,1.0666563290357076,0.20534499825905106,0.7337887185289329,0.2666640822589269,1,0.003957396391243991,0.003955988206717165,-1.408184526826596e-06,-1.408184526829892e-06
292,negative_cross_entropy,0.5,3559,15,20,0.25,1.0666563290357076,0.20534499825905106,0.7337887185289329,0.2666640822589269,2,0.014637153070902915,0.014634959499148614,-2.1935717543011823e-06,-2.1935717542995294e-06
292,negative_cross_entropy,0.5,3559,15,20,0.25,1.0666563290357076,0.20534499825905106,0.7337887185289329,0.2666640822589269,3,0.014212896903449831,0.014213864462998327,9.67559548495367e-07,9.675595485005218e-07
292,negative_cross_entropy,0.5,3559,15,20,0.25,1.0666563290357076,0.20534499825905106,0.7337887185289329,0.2666640822589269,4,0.012802222646909157,0.012797677336783941,-4.545310125215335e-06,-4.5453101252156975e-06
292,negative_cross_entropy,0.5,3559,15,20,0.25,1.0666563290357076,0.20534499825905106,0.7337887185289329,0.2666640822589269,5,0.011069346310183052,0.011066253135254778,-3.093174928274142e-06,-3.0931749282740257e-06
292,negative_cross_entropy,0.5,3559,15,20,0.25,1.0666563290357076,0.20534499825905106,0.7337887185289329,0.2666640822589269,6,0.008301828675474724,0.008301692084033974,-1.3659144075008067e-07,-1.3659144074590088e-07
292,negative_cross_entropy,0.5,3559,15,20,0.25,1.0666563290357076,0.20534499825905106,0.7337887185289329,0.2666640822589269,7,0.01625755147469764,0.016253608736687353,-3.942738010288133e-06,-3.942738010290609e-06
293,accuracy,0.5,3559,15,20,0.25,1.0666563290357076,0.20534499825905106,0.7337887185289329,0.2666640822589269,0,0.0007380952380952373,0.0010000000000000009,0.00026190476190476354,0.00026190476190477395
293,accuracy,0.5,3559,15,20,0.25,1.0666563290357076,0.20534499825905106,0.7337887185289329,0.2666640822589269,1,-0.001738095238095239,-0.0040000000000000036,-0.0022619047619047645,-0.0022619047619047627
293,accuracy,0.5,3559,15,20,0.25,1.0666563290357076,0.20534499825905106,0.7337887185289329,0.2666640822589269,2,0.005100000000000009,0.0040000000000000036,-0.0011000000000000055,-0.0010999999999999925
293,accuracy,0.5,3559,15,20,0.25,1.0666563290357076,0.20534499825905106,0.7337887185289329,0.2666640822589269,3,0.00849523809523809,0.009000000000000008,0.0005047619047619176,0.0005047619047619132
293,accuracy,0.5,3559,15,20,0.25,1.0666563290357076,0.20534499825905106,0.7337887185289329,0.2666640822589269,4,0.013085714285714293,0.015000000000000013,0.0019142857142857208,0.0019142857142857208
293,accuracy,0.5,3559,15,20,0.25,1.0666563290357076,0.20534499825905106,0.7337887185289329,0.2666640822589269,5,0.007466666666666668,0.008000000000000007,0.0005333333333333388,0.0005333333333333379
293,accuracy,0.5,3559,15,20,0.25,1.0666563290357076,0.20534499825905106,0.7337887185289329,0.2666640822589269,6,0.012442857142857143,0.010000000000000009,-0.0024428571428571338,-0.002442857142857131
293,accuracy,0.5,3559,15,20,0.25,1.0666563290357076,0.20534499825905106,0.7337887185289329,0.2666640822589269,7,0.00840952380952381,0.008000000000000007,-0.00040952380952380234,-0.0004095238095237928
294,negative_brier,0.5,3559,15,20,0.5,1.0666563290357076,0.20534499825905106,0.7337887185289329,0.5333281645178538,0,0.002757998550373094,0.0027452653332813437,-1.2733217091750407e-05,-1.2733217091749962e-05
294,negative_brier,0.5,3559,15,20,0.5,1.0666563290357076,0.20534499825905106,0.7337887185289329,0.5333281645178538,1,0.002879025772534632,0.002866619487292388,-1.2406285242244283e-05,-1.240628524224503e-05
294,negative_brier,0.5,3559,15,20,0.5,1.0666563290357076,0.20534499825905106,0.7337887185289329,0.5333281645178538,2,0.01149766693718826,0.011473114871870138,-2.4552065318121305e-05,-2.4552065318116816e-05
294,negative_brier,0.5,3559,15,20,0.5,1.0666563290357076,0.20534499825905106,0.7337887185289329,0.5333281645178538,3,0.010047671172230339,0.010047349066840405,-3.221053899334081e-07,-3.22105389930204e-07
294,negative_brier,0.5,3559,15,20,0.5,1.0666563290357076,0.20534499825905106,0.7337887185289329,0.5333281645178538,4,0.009342254060597617,0.009308325489241542,-3.392857135607434e-05,-3.392857135607001e-05
294,negative_brier,0.5,3559,15,20,0.5,1.0666563290357076,0.20534499825905106,0.7337887185289329,0.5333281645178538,5,0.008133805289190794,0.008103908625079037,-2.989666411175665e-05,-2.989666411175502e-05
294,negative_brier,0.5,3559,15,20,0.5,1.0666563290357076,0.20534499825905106,0.7337887185289329,0.5333281645178538,6,0.00550657979586274,0.005504112438971087,-2.4673568916524363e-06,-2.4673568916527828e-06
294,negative_brier,0.5,3559,15,20,0.5,1.0666563290357076,0.20534499825905106,0.7337887185289329,0.5333281645178538,7,0.012030786219675986,0.01199302078456932,-3.776543510666634e-05,-3.776543510666505e-05
295,negative_cross_entropy,0.5,3559,15,20,0.5,1.0666563290357076,0.20534499825905106,0.7337887185289329,0.5333281645178538,0,0.008698693314699172,0.008688588292987798,-1.0105021711373854e-05,-1.0105021711375759e-05
295,negative_cross_entropy,0.5,3559,15,20,0.5,1.0666563290357076,0.20534499825905106,0.7337887185289329,0.5333281645178538,1,0.00762263575639049,0.007612195133066435,-1.0440623324055147e-05,-1.044062332405393e-05
295,negative_cross_entropy,0.5,3559,15,20,0.5,1.0666563290357076,0.20534499825905106,0.7337887185289329,0.5333281645178538,2,0.028175998603659682,0.0281608451523766,-1.5153451283080738e-05,-1.5153451283089493e-05
295,negative_cross_entropy,0.5,3559,15,20,0.5,1.0666563290357076,0.20534499825905106,0.7337887185289329,0.5333281645178538,3,0.027365901611289753,0.027376968891563158,1.10672802734052e-05,1.1067280273399527e-05
295,negative_cross_entropy,0.5,3559,15,20,0.5,1.0666563290357076,0.20534499825905106,0.7337887185289329,0.5333281645178538,4,0.02499143033836801,0.024954754081493058,-3.667625687495124e-05,-3.667625687495442e-05
295,negative_cross_entropy,0.5,3559,15,20,0.5,1.0666563290357076,0.20534499825905106,0.7337887185289329,0.5333281645178538,5,0.021211738662862963,0.021189797674872057,-2.1940987990905908e-05,-2.194098799090118e-05
295,negative_cross_entropy,0.5,3559,15,20,0.5,1.0666563290357076,0.20534499825905106,0.7337887185289329,0.5333281645178538,6,0.015842903776884458,0.01584412852796835,1.224751083890585e-06,1.2247510838928966e-06
295,negative_cross_entropy,0.5,3559,15,20,0.5,1.0666563290357076,0.20534499825905106,0.7337887185289329,0.5333281645178538,7,0.031081498329173056,0.031052836289860664,-2.8662039312392362e-05,-2.8662039312383706e-05
296,accuracy,0.5,3559,15,20,0.5,1.0666563290357076,0.20534499825905106,0.7337887185289329,0.5333281645178538,0,0.0030071428571428593,0.0010000000000000009,-0.0020071428571428584,-0.0020071428571428636
296,accuracy,0.5,3559,15,20,0.5,1.0666563290357076,0.20534499825905106,0.7337887185289329,0.5333281645178538,1,-0.0023023809523809394,-0.004999999999999949,-0.0026976190476190095,-0.0026976190476190095
296,accuracy,0.5,3559,15,20,0.5,1.0666563290357076,0.20534499825905106,0.7337887185289329,0.5333281645178538,2,0.0035928571428571667,5.551115123125783e-17,-0.003592857142857111,-0.003592857142857118
296,accuracy,0.5,3559,15,20,0.5,1.0666563290357076,0.20534499825905106,0.7337887185289329,0.5333281645178538,3,0.01446428571428571,0.01200000000000001,-0.0024642857142857,-0.002464285714285709
296,accuracy,0.5,3559,15,20,0.5,1.0666563290357076,0.20534499825905106,0.7337887185289329,0.5333281645178538,4,0.015240476190476193,0.008000000000000007,-0.007240476190476186,-0.007240476190476195
296,accuracy,0.5,3559,15,20,0.5,1.0666563290357076,0.20534499825905106,0.7337887185289329,0.5333281645178538,5,0.01235952380952381,0.007000000000000006,-0.005359523809523804,-0.005359523809523809
296,accuracy,0.5,3559,15,20,0.5,1.0666563290357076,0.20534499825905106,0.7337887185289329,0.5333281645178538,6,0.018211904761904776,0.014000000000000012,-0.004211904761904764,-0.004211904761904757
296,accuracy,0.5,3559,15,20,0.5,1.0666563290357076,0.20534499825905106,0.7337887185289329,0.5333281645178538,7,0.01542619047619049,0.01200000000000001,-0.0034261904761904785,-0.0034261904761904837
297,negative_brier,0.5,3559,15,20,1.0,1.0666563290357076,0.20534499825905106,0.7337887185289329,1.0666563290357076,0,0.0049395576432715365,0.0048296590321774135,-0.00010989861109412299,-0.00010989861109412479
297,negative_brier,0.5,3559,15,20,1.0,1.0666563290357076,0.20534499825905106,0.7337887185289329,1.0666563290357076,1,0.005466745628899536,0.0053620399540311725,-0.00010470567486836353,-0.0001047056748683637
297,negative_brier,0.5,3559,15,20,1.0,1.0666563290357076,0.20534499825905106,0.7337887185289329,1.0666563290357076,2,0.021484831480723637,0.021293455470959066,-0.00019137600976457114,-0.0001913760097645674
297,negative_brier,0.5,3559,15,20,1.0,1.0666563290357076,0.20534499825905106,0.7337887185289329,1.0666563290357076,3,0.019217252731629934,0.01925565125691331,3.839852528337434e-05,3.839852528337636e-05
297,negative_brier,0.5,3559,15,20,1.0,1.0666563290357076,0.20534499825905106,0.7337887185289329,1.0666563290357076,4,0.01846670095854219,0.01817753735392197,-0.0002891636046202205,-0.00028916360462021516
297,negative_brier,0.5,3559,15,20,1.0,1.0666563290357076,0.20534499825905106,0.7337887185289329,1.0666563290357076,5,0.015075405945815135,0.01485857411645275,-0.000216831829362385,-0.00021683182936238466
297,negative_brier,0.5,3559,15,20,1.0,1.0666563290357076,0.20534499825905106,0.7337887185289329,1.0666563290357076,6,0.010113940719360915,0.010127060684325784,1.3119964964869099e-05,1.3119964964875789e-05
297,negative_brier,0.5,3559,15,20,1.0,1.0666563290357076,0.20534499825905106,0.7337887185289329,1.0666563290357076,7,0.022479968996071055,0.022192330194832133,-0.0002876388012389222,-0.0002876388012389159
298,negative_cross_entropy,0.5,3559,15,20,1.0,1.0666563290357076,0.20534499825905106,0.7337887185289329,1.0666563290357076,0,0.015541911691376887,0.015478189320513147,-6.372237086373946e-05,-6.372237086373813e-05
298,negative_cross_entropy,0.5,3559,15,20,1.0,1.0666563290357076,0.20534499825905106,0.7337887185289329,1.0666563290357076,1,0.013986583058037705,0.013927139734845828,-5.9443323191877076e-05,-5.9443323191878316e-05
298,negative_cross_entropy,0.5,3559,15,20,1.0,1.0666563290357076,0.20534499825905106,0.7337887185289329,1.0666563290357076,2,0.05175769429670775,0.05169070445393509,-6.698984277266062e-05,-6.698984277268537e-05
298,negative_cross_entropy,0.5,3559,15,20,1.0,1.0666563290357076,0.20534499825905106,0.7337887185289329,1.0666563290357076,3,0.05032526657302561,0.05047435461486538,0.0001490880418397733,0.0001490880418397586
298,negative_cross_entropy,0.5,3559,15,20,1.0,1.0666563290357076,0.20534499825905106,0.7337887185289329,1.0666563290357076,4,0.046740270803568865,0.04647764726472858,-0.00026262353884028145,-0.00026262353884029034
298,negative_cross_entropy,0.5,3559,15,20,1.0,1.0666563290357076,0.20534499825905106,0.7337887185289329,1.0666563290357076,5,0.03838211639020136,0.03827545183268144,-0.00010666455751991849,-0.00010666455751993948
298,negative_cross_entropy,0.5,3559,15,20,1.0,1.0666563290357076,0.20534499825905106,0.7337887185289329,1.0666563290357076,6,0.028526882578334422,0.028578650221871893,5.1767643537471014e-05,5.176764353749149e-05
298,negative_cross_entropy,0.5,3559,15,20,1.0,1.0666563290357076,0.20534499825905106,0.7337887185289329,1.0666563290357076,7,0.0559174245975893,0.055765404260481044,-0.00015202033710825374,-0.0001520203371082744
299,accuracy,0.5,3559,15,20,1.0,1.0666563290357076,0.20534499825905106,0.7337887185289329,1.0666563290357076,0,-0.00015238095238094725,0.0040000000000000036,0.004152380952380951,0.004152380952380973
299,accuracy,0.5,3559,15,20,1.0,1.0666563290357076,0.20534499825905106,0.7337887185289329,1.0666563290357076,1,-0.0032238095238095194,0.0050000000000000044,0.008223809523809524,0.008223809523809548
299,accuracy,0.5,3559,15,20,1.0,1.0666563290357076,0.20534499825905106,0.7337887185289329,1.0666563290357076,2,0.006704761904761908,0.01200000000000001,0.005295238095238103,0.005295238095238134
299,accuracy,0.5,3559,15,20,1.0,1.0666563290357076,0.20534499825905106,0.7337887185289329,1.0666563290357076,3,0.029019047619047618,0.026000000000000023,-0.003019047619047595,-0.003019047619047574
299,accuracy,0.5,3559,15,20,1.0,1.0666563290357076,0.20534499825905106,0.7337887185289329,1.0666563290357076,4,0.037747619047619085,0.04500000000000004,0.007252380952380955,0.0072523809523810205
299,accuracy,0.5,3559,15,20,1.0,1.0666563290357076,0.20534499825905106,0.7337887185289329,1.0666563290357076,5,0.017633333333333327,0.02100000000000002,0.0033666666666666914,0.003366666666666702
299,accuracy,0.5,3559,15,20,1.0,1.0666563290357076,0.20534499825905106,0.7337887185289329,1.0666563290357076,6,0.028871428571428576,0.030000000000000027,0.001128571428571451,0.0011285714285714753
299,accuracy,0.5,3559,15,20,1.0,1.0666563290357076,0.20534499825905106,0.7337887185289329,1.0666563290357076,7,0.021399999999999995,0.028000000000000025,0.0066000000000000295,0.006600000000000033
300,negative_brier,10.0,3109,0,20,0.0625,1.4248106087293957,0.22769268414520702,1.3792208947656428,0.08905066304558723,0,0.001898195308724043,0.0018981307120687352,-6.459665530776648e-08,-6.459665530718822e-08
300,negative_brier,10.0,3109,0,20,0.0625,1.4248106087293957,0.22769268414520702,1.3792208947656428,0.08905066304558723,1,0.002161576985310807,0.0021615625246092507,-1.446070155633472e-08,-1.4460701555640825e-08
300,negative_brier,10.0,3109,0,20,0.0625,1.4248106087293957,0.22769268414520702,1.3792208947656428,0.08905066304558723,2,0.0026175138018092675,0.002617487520866768,-2.62809424994917e-08,-2.6280942499351264e-08
300,negative_brier,10.0,3109,0,20,0.0625,1.4248106087293957,0.22769268414520702,1.3792208947656428,0.08905066304558723,3,0.0020547606389660685,0.0020547414918412055,-1.9147124863047593e-08,-1.914712486246934e-08
300,negative_brier,10.0,3109,0,20,0.0625,1.4248106087293957,0.22769268414520702,1.3792208947656428,0.08905066304558723,4,0.001715692799760395,0.0017156676132323856,-2.518652800946944e-08,-2.5186528009366177e-08
300,negative_brier,10.0,3109,0,20,0.0625,1.4248106087293957,0.22769268414520702,1.3792208947656428,0.08905066304558723,5,0.002058311899286937,0.0020582686179696497,-4.3281317287525295e-08,-4.3281317286100334e-08
300,negative_brier,10.0,3109,0,20,0.0625,1.4248106087293957,0.22769268414520702,1.3792208947656428,0.08905066304558723,6,0.0017364969309825824,0.0017364513885276267,-4.554245495568682e-08,-4.554245495526554e-08
300,negative_brier,10.0,3109,0,20,0.0625,1.4248106087293957,0.22769268414520702,1.3792208947656428,0.08905066304558723,7,0.0016071602809736023,0.0016071307677305025,-2.9513243099844183e-08,-2.9513243099013995e-08
301,negative_cross_entropy,10.0,3109,0,20,0.0625,1.4248106087293957,0.22769268414520702,1.3792208947656428,0.08905066304558723,0,0.010161291213271409,0.01015857104621265,-2.7201670587586463e-06,-2.7201670587641473e-06
301,negative_cross_entropy,10.0,3109,0,20,0.0625,1.4248106087293957,0.22769268414520702,1.3792208947656428,0.08905066304558723,1,0.012138710554583543,0.012135648369397734,-3.062185185809252e-06,-3.062185185803967e-06
301,negative_cross_entropy,10.0,3109,0,20,0.0625,1.4248106087293957,0.22769268414520702,1.3792208947656428,0.08905066304558723,2,0.014391545161151143,0.01438808756978438,-3.457591366762963e-06,-3.4575913667675554e-06
301,negative_cross_entropy,10.0,3109,0,20,0.0625,1.4248106087293957,0.22769268414520702,1.3792208947656428,0.08905066304558723,3,0.011647452007789874,0.011644598310349252,-2.8536974406214582e-06,-2.8536974406195584e-06
301,negative_cross_entropy,10.0,3109,0,20,0.0625,1.4248106087293957,0.22769268414520702,1.3792208947656428,0.08905066304558723,4,0.009759879812475572,0.009757264555593226,-2.6152568823462063e-06,-2.615256882348189e-06
301,negative_cross_entropy,10.0,3109,0,20,0.0625,1.4248106087293957,0.22769268414520702,1.3792208947656428,0.08905066304558723,5,0.011243523818142483,0.011240632746275736,-2.8910718667465862e-06,-2.8910718667428207e-06
301,negative_cross_entropy,10.0,3109,0,20,0.0625,1.4248106087293957,0.22769268414520702,1.3792208947656428,0.08905066304558723,6,0.009420612044902188,0.00941803326708146,-2.5787778207275736e-06,-2.578777820734447e-06
301,negative_cross_entropy,10.0,3109,0,20,0.0625,1.4248106087293957,0.22769268414520702,1.3792208947656428,0.08905066304558723,7,0.009003552228778968,0.009001119428044158,-2.4328007348101838e-06,-2.432800734807392e-06
302,accuracy,10.0,3109,0,20,0.0625,1.4248106087293957,0.22769268414520702,1.3792208947656428,0.08905066304558723,0,0.0011404761904761883,0.0010000000000000009,-0.0001404761904761874,-0.00014047619047620127
302,accuracy,10.0,3109,0,20,0.0625,1.4248106087293957,0.22769268414520702,1.3792208947656428,0.08905066304558723,1,0.0011404761904761883,0.0010000000000000009,-0.0001404761904761874,-0.00014047619047620127
302,accuracy,10.0,3109,0,20,0.0625,1.4248106087293957,0.22769268414520702,1.3792208947656428,0.08905066304558723,2,0.0019214285714285722,0.0030000000000000027,0.0010785714285714305,0.0010785714285714218
302,accuracy,10.0,3109,0,20,0.0625,1.4248106087293957,0.22769268414520702,1.3792208947656428,0.08905066304558723,3,0.0012738095238095243,0.0010000000000000009,-0.0002738095238095234,-0.00027380952380953727
302,accuracy,10.0,3109,0,20,0.0625,1.4248106087293957,0.22769268414520702,1.3792208947656428,0.08905066304558723,4,0.0011785714285714299,0.0010000000000000009,-0.00017857142857142898,-0.00017857142857143765
302,accuracy,10.0,3109,0,20,0.0625,1.4248106087293957,0.22769268414520702,1.3792208947656428,0.08905066304558723,5,0.0013023809523809542,0.0010000000000000009,-0.0003023809523809533,-0.0003023809523809637
302,accuracy,10.0,3109,0,20,0.0625,1.4248106087293957,0.22769268414520702,1.3792208947656428,0.08905066304558723,6,0.0010928571428571437,0.0010000000000000009,-9.285714285714279e-05,-9.285714285715146e-05
302,accuracy,10.0,3109,0,20,0.0625,1.4248106087293957,0.22769268414520702,1.3792208947656428,0.08905066304558723,7,0.0009500000000000012,0.0010000000000000009,4.99999999999997e-05,4.9999999999987554e-05
303,negative_brier,10.0,3109,0,20,0.125,1.4248106087293957,0.22769268414520702,1.3792208947656428,0.17810132609117446,0,0.0038995035475303595,0.0038981442954774126,-1.3592520529469125e-06,-1.3592520529462222e-06
303,negative_brier,10.0,3109,0,20,0.125,1.4248106087293957,0.22769268414520702,1.3792208947656428,0.17810132609117446,1,0.004447553393879416,0.004446538983252868,-1.0144106265480915e-06,-1.0144106265504621e-06
303,negative_brier,10.0,3109,0,20,0.125,1.4248106087293957,0.22769268414520702,1.3792208947656428,0.17810132609117446,2,0.005384958387000686,0.005383696696043494,-1.2616909571923005e-06,-1.2616909571938617e-06
303,negative_brier,10.0,3109,0,20,0.125,1.4248106087293957,0.22769268414520702,1.3792208947656428,0.17810132609117446,3,0.004227467750653996,0.004226458566122915,-1.0091845310811198e-06,-1.0091845310811198e-06
303,negative_brier,10.0,3109,0,20,0.125,1.4248106087293957,0.22769268414520702,1.3792208947656428,0.17810132609117446,4,0.003522379919502081,0.0035214594926694653,-9.204268326158671e-07,-9.204268326150411e-07
303,negative_brier,10.0,3109,0,20,0.125,1.4248106087293957,0.22769268414520702,1.3792208947656428,0.17810132609117446,5,0.004231696040475658,0.004230463677918517,-1.2323625571408758e-06,-1.2323625571440478e-06
303,negative_brier,10.0,3109,0,20,0.125,1.4248106087293957,0.22769268414520702,1.3792208947656428,0.17810132609117446,6,0.003565666868708957,0.0035644917844072643,-1.1750843016927574e-06,-1.1750843016905806e-06
303,negative_brier,10.0,3109,0,20,0.125,1.4248106087293957,0.22769268414520702,1.3792208947656428,0.17810132609117446,7,0.003304215875028343,0.0033033028858678315,-9.129891605113606e-07,-9.12989160510118e-07
304,negative_cross_entropy,10.0,3109,0,20,0.125,1.4248106087293957,0.22769268414520702,1.3792208947656428,0.17810132609117446,0,0.020163654919468293,0.020141637912364674,-2.2017007103618952e-05,-2.2017007103612514e-05
304,negative_cross_entropy,10.0,3109,0,20,0.125,1.4248106087293957,0.22769268414520702,1.3792208947656428,0.17810132609117446,1,0.024105458800519675,0.024080604836897113,-2.485396362256198e-05,-2.4853963622557227e-05
304,negative_cross_entropy,10.0,3109,0,20,0.125,1.4248106087293957,0.22769268414520702,1.3792208947656428,0.17810132609117446,2,0.028572869865157165,0.028544811748672627,-2.8058116484538237e-05,-2.8058116484523746e-05
304,negative_cross_entropy,10.0,3109,0,20,0.125,1.4248106087293957,0.22769268414520702,1.3792208947656428,0.17810132609117446,3,0.02311861264322529,0.02309552041342533,-2.3092229799959174e-05,-2.3092229799944907e-05
304,negative_cross_entropy,10.0,3109,0,20,0.125,1.4248106087293957,0.22769268414520702,1.3792208947656428,0.17810132609117446,4,0.01938209792783252,0.019360909293665296,-2.1188634167224052e-05,-2.1188634167213478e-05
304,negative_cross_entropy,10.0,3109,0,20,0.125,1.4248106087293957,0.22769268414520702,1.3792208947656428,0.17810132609117446,5,0.022314561887376825,0.02229116085011862,-2.340103725820622e-05,-2.3401037258190855e-05
304,negative_cross_entropy,10.0,3109,0,20,0.125,1.4248106087293957,0.22769268414520702,1.3792208947656428,0.17810132609117446,6,0.01868638932475326,0.01866550409770995,-2.08852270433095e-05,-2.088522704330703e-05
304,negative_cross_entropy,10.0,3109,0,20,0.125,1.4248106087293957,0.22769268414520702,1.3792208947656428,0.17810132609117446,7,0.017880854207212592,0.017861142805027708,-1.9711402184884735e-05,-1.9711402184866402e-05
305,accuracy,10.0,3109,0,20,0.125,1.4248106087293957,0.22769268414520702,1.3792208947656428,0.17810132609117446,0,0.004176190476190476,0.008,0.0038238095238095245,0.0038238095238095366
305,accuracy,10.0,3109,0,20,0.125,1.4248106087293957,0.22769268414520702,1.3792208947656428,0.17810132609117446,1,0.003866666666666667,0.006999999999999999,0.003133333333333332,0.0031333333333333404
305,accuracy,10.0,3109,0,20,0.125,1.4248106087293957,0.22769268414520702,1.3792208947656428,0.17810132609117446,2,0.005204761904761904,0.009000000000000001,0.003795238095238097,0.0037952380952381067
305,accuracy,10.0,3109,0,20,0.125,1.4248106087293957,0.22769268414520702,1.3792208947656428,0.17810132609117446,3,0.0035190476190476213,0.006999999999999999,0.003480952380952378,0.00348095238095239
305,accuracy,10.0,3109,0,20,0.125,1.4248106087293957,0.22769268414520702,1.3792208947656428,0.17810132609117446,4,0.0034000000000000037,0.006999999999999999,0.0035999999999999956,0.0036000000000000094
305,accuracy,10.0,3109,0,20,0.125,1.4248106087293957,0.22769268414520702,1.3792208947656428,0.17810132609117446,5,0.004628571428571428,0.009000000000000001,0.004371428571428573,0.004371428571428586
305,accuracy,10.0,3109,0,20,0.125,1.4248106087293957,0.22769268414520702,1.3792208947656428,0.17810132609117446,6,0.004200000000000002,0.008,0.003799999999999998,0.0038000000000000134
305,accuracy,10.0,3109,0,20,0.125,1.4248106087293957,0.22769268414520702,1.3792208947656428,0.17810132609117446,7,0.003004761904761907,0.005999999999999998,0.002995238095238091,0.0029952380952381046
306,negative_brier,10.0,3109,0,20,0.25,1.4248106087293957,0.22769268414520702,1.3792208947656428,0.3562026521823489,0,0.008184773932546874,0.008157739125227381,-2.703480731949294e-05,-2.703480731948888e-05
306,negative_brier,10.0,3109,0,20,0.25,1.4248106087293957,0.22769268414520702,1.3792208947656428,0.3562026521823489,1,0.009369051530483036,0.009343409503409172,-2.5642027073863316e-05,-2.5642027073861188e-05
306,negative_brier,10.0,3109,0,20,0.25,1.4248106087293957,0.22769268414520702,1.3792208947656428,0.3562026521823489,2,0.011339814234741839,0.011309244234872229,-3.056999986961011e-05,-3.056999986961106e-05
306,negative_brier,10.0,3109,0,20,0.25,1.4248106087293957,0.22769268414520702,1.3792208947656428,0.3562026521823489,3,0.008903689082131742,0.008879029248977377,-2.4659833154364735e-05,-2.4659833154368672e-05
306,negative_brier,10.0,3109,0,20,0.25,1.4248106087293957,0.22769268414520702,1.3792208947656428,0.3562026521823489,4,0.00738942086962994,0.007368143618251333,-2.1277251378607268e-05,-2.1277251378608108e-05
306,negative_brier,10.0,3109,0,20,0.25,1.4248106087293957,0.22769268414520702,1.3792208947656428,0.3562026521823489,5,0.008897483818104622,0.008870500577576712,-2.698324052790961e-05,-2.698324052790896e-05
306,negative_brier,10.0,3109,0,20,0.25,1.4248106087293957,0.22769268414520702,1.3792208947656428,0.3562026521823489,6,0.007478199934988192,0.007453127626123657,-2.5072308864535625e-05,-2.507230886453822e-05
306,negative_brier,10.0,3109,0,20,0.25,1.4248106087293957,0.22769268414520702,1.3792208947656428,0.3562026521823489,7,0.006949484885117362,0.006929038537642873,-2.044634747448877e-05,-2.044634747449244e-05
307,negative_cross_entropy,10.0,3109,0,20,0.25,1.4248106087293957,0.22769268414520702,1.3792208947656428,0.3562026521823489,0,0.039486760746505686,0.039309374535729136,-0.0001773862107765506,-0.0001773862107765781
307,negative_cross_entropy,10.0,3109,0,20,0.25,1.4248106087293957,0.22769268414520702,1.3792208947656428,0.3562026521823489,1,0.04728195966049346,0.04708024548779988,-0.00020171417269358033,-0.00020171417269359844
307,negative_cross_entropy,10.0,3109,0,20,0.25,1.4248106087293957,0.22769268414520702,1.3792208947656428,0.3562026521823489,2,0.056019533451876234,0.055791954693883206,-0.00022757875799302857,-0.00022757875799306212
307,negative_cross_entropy,10.0,3109,0,20,0.25,1.4248106087293957,0.22769268414520702,1.3792208947656428,0.3562026521823489,3,0.04531193333331722,0.04512566296951226,-0.00018627036380496065,-0.00018627036380497713
307,negative_cross_entropy,10.0,3109,0,20,0.25,1.4248106087293957,0.22769268414520702,1.3792208947656428,0.3562026521823489,4,0.03801841985407431,0.037847141756411906,-0.00017127809766240287,-0.0001712780976624015
307,negative_cross_entropy,10.0,3109,0,20,0.25,1.4248106087293957,0.22769268414520702,1.3792208947656428,0.3562026521823489,5,0.04371796146960768,0.04352929936508154,-0.0001886621045261369,-0.00018866210452614932
307,negative_cross_entropy,10.0,3109,0,20,0.25,1.4248106087293957,0.22769268414520702,1.3792208947656428,0.3562026521823489,6,0.03656089545564404,0.03639235729047097,-0.00016853816517307246,-0.00016853816517308845
307,negative_cross_entropy,10.0,3109,0,20,0.25,1.4248106087293957,0.22769268414520702,1.3792208947656428,0.3562026521823489,7,0.03507726293836534,0.03491792780084446,-0.00015933513752088013,-0.0001593351375209095
308,accuracy,10.0,3109,0,20,0.25,1.4248106087293957,0.22769268414520702,1.3792208947656428,0.3562026521823489,0,0.01604285714285715,0.011999999999999997,-0.004042857142857154,-0.00404285714285707
308,accuracy,10.0,3109,0,20,0.25,1.4248106087293957,0.22769268414520702,1.3792208947656428,0.3562026521823489,1,0.017085714285714294,0.011999999999999997,-0.005085714285714298,-0.005085714285714221
308,accuracy,10.0,3109,0,20,0.25,1.4248106087293957,0.22769268414520702,1.3792208947656428,0.3562026521823489,2,0.021852380952380956,0.016,-0.005852380952380956,-0.005852380952380887
308,accuracy,10.0,3109,0,20,0.25,1.4248106087293957,0.22769268414520702,1.3792208947656428,0.3562026521823489,3,0.01544761904761905,0.011999999999999997,-0.0034476190476190535,-0.003447619047618977
308,accuracy,10.0,3109,0,20,0.25,1.4248106087293957,0.22769268414520702,1.3792208947656428,0.3562026521823489,4,0.012242857142857146,0.010999999999999996,-0.0012428571428571497,-0.0012428571428570456
308,accuracy,10.0,3109,0,20,0.25,1.4248106087293957,0.22769268414520702,1.3792208947656428,0.3562026521823489,5,0.01633809523809525,0.010999999999999996,-0.005338095238095253,-0.00533809523809517
308,accuracy,10.0,3109,0,20,0.25,1.4248106087293957,0.22769268414520702,1.3792208947656428,0.3562026521823489,6,0.015480952380952387,0.012999999999999998,-0.0024809523809523892,-0.002480952380952306
308,accuracy,10.0,3109,0,20,0.25,1.4248106087293957,0.22769268414520702,1.3792208947656428,0.3562026521823489,7,0.011509523809523803,0.009999999999999995,-0.0015095238095238078,-0.0015095238095237384
309,negative_brier,10.0,3109,0,20,0.5,1.4248106087293957,0.22769268414520702,1.3792208947656428,0.7124053043646978,0,0.017413457547768265,0.01692303849324789,-0.0004904190545203767,-0.0004904190545203823
309,negative_brier,10.0,3109,0,20,0.5,1.4248106087293957,0.22769268414520702,1.3792208947656428,0.7124053043646978,1,0.020119653551150536,0.01960541877492611,-0.0005142347762244273,-0.0005142347762244302
309,negative_brier,10.0,3109,0,20,0.5,1.4248106087293957,0.22769268414520702,1.3792208947656428,0.7124053043646978,2,0.02432405244045822,0.023718340095038093,-0.0006057123454201278,-0.0006057123454201438
309,negative_brier,10.0,3109,0,20,0.5,1.4248106087293957,0.22769268414520702,1.3792208947656428,0.7124053043646978,3,0.019115557807284154,0.018629509133408884,-0.0004860486738752709,-0.0004860486738752717
309,negative_brier,10.0,3109,0,20,0.5,1.4248106087293957,0.22769268414520702,1.3792208947656428,0.7124053043646978,4,0.015759705906367365,0.015348227075705712,-0.0004114788306616539,-0.00041147883066166424
309,negative_brier,10.0,3109,0,20,0.5,1.4248106087293957,0.22769268414520702,1.3792208947656428,0.7124053043646978,5,0.01901177117331613,0.018500986532079988,-0.0005107846412361408,-0.0005107846412361369
309,negative_brier,10.0,3109,0,20,0.5,1.4248106087293957,0.22769268414520702,1.3792208947656428,0.7124053043646978,6,0.015874445798337217,0.015405395558621915,-0.0004690502397153018,-0.0004690502397152974
309,negative_brier,10.0,3109,0,20,0.5,1.4248106087293957,0.22769268414520702,1.3792208947656428,0.7124053043646978,7,0.014885735133754822,0.014493727704537107,-0.00039200742921771496,-0.0003920074292177205
310,negative_cross_entropy,10.0,3109,0,20,0.5,1.4248106087293957,0.22769268414520702,1.3792208947656428,0.7124053043646978,0,0.07404488789282018,0.07273566376959595,-0.001309224123224234,-0.0013092241232242592
310,negative_cross_entropy,10.0,3109,0,20,0.5,1.4248106087293957,0.22769268414520702,1.3792208947656428,0.7124053043646978,1,0.08896187689531398,0.08743791279263591,-0.001523964102678077,-0.0015239641026780926
310,negative_cross_entropy,10.0,3109,0,20,0.5,1.4248106087293957,0.22769268414520702,1.3792208947656428,0.7124053043646978,2,0.10530386777600313,0.10358867285059092,-0.0017151949254122084,-0.0017151949254122635
310,negative_cross_entropy,10.0,3109,0,20,0.5,1.4248106087293957,0.22769268414520702,1.3792208947656428,0.7124053043646978,3,0.085222761410321,0.08383336829122612,-0.0013893931190948755,-0.0013893931190948686
310,negative_cross_entropy,10.0,3109,0,20,0.5,1.4248106087293957,0.22769268414520702,1.3792208947656428,0.7124053043646978,4,0.07154335796812328,0.0702614168949307,-0.0012819410731925718,-0.0012819410731925763
310,negative_cross_entropy,10.0,3109,0,20,0.5,1.4248106087293957,0.22769268414520702,1.3792208947656428,0.7124053043646978,5,0.0820931457304711,0.08069441769199148,-0.0013987280384796241,-0.0013987280384796408
310,negative_cross_entropy,10.0,3109,0,20,0.5,1.4248106087293957,0.22769268414520702,1.3792208947656428,0.7124053043646978,6,0.06839550984364043,0.06714657352955267,-0.0012489363140877618,-0.0012489363140877404
310,negative_cross_entropy,10.0,3109,0,20,0.5,1.4248106087293957,0.22769268414520702,1.3792208947656428,0.7124053043646978,7,0.0660286836429495,0.06483732648668505,-0.0011913571562644498,-0.0011913571562644745
311,accuracy,10.0,3109,0,20,0.5,1.4248106087293957,0.22769268414520702,1.3792208947656428,0.7124053043646978,0,0.037980952380952435,0.02300000000000002,-0.014980952380952414,-0.014980952380952497
311,accuracy,10.0,3109,0,20,0.5,1.4248106087293957,0.22769268414520702,1.3792208947656428,0.7124053043646978,1,0.03927142857142857,0.019000000000000017,-0.02027142857142855,-0.020271428571428662
311,accuracy,10.0,3109,0,20,0.5,1.4248106087293957,0.22769268414520702,1.3792208947656428,0.7124053043646978,2,0.04982857142857143,0.02600000000000001,-0.02382857142857142,-0.023828571428571504
311,accuracy,10.0,3109,0,20,0.5,1.4248106087293957,0.22769268414520702,1.3792208947656428,0.7124053043646978,3,0.035295238095238116,0.015000000000000013,-0.020295238095238102,-0.020295238095238137
311,accuracy,10.0,3109,0,20,0.5,1.4248106087293957,0.22769268414520702,1.3792208947656428,0.7124053043646978,4,0.028238095238095257,0.015000000000000013,-0.013238095238095243,-0.013238095238095299
311,accuracy,10.0,3109,0,20,0.5,1.4248106087293957,0.22769268414520702,1.3792208947656428,0.7124053043646978,5,0.03818095238095237,0.02200000000000002,-0.01618095238095235,-0.01618095238095249
311,accuracy,10.0,3109,0,20,0.5,1.4248106087293957,0.22769268414520702,1.3792208947656428,0.7124053043646978,6,0.030338095238095247,0.015000000000000013,-0.015338095238095234,-0.015338095238095317
311,accuracy,10.0,3109,0,20,0.5,1.4248106087293957,0.22769268414520702,1.3792208947656428,0.7124053043646978,7,0.026866666666666678,0.01100000000000001,-0.015866666666666668,-0.015866666666666723
312,negative_brier,10.0,3109,0,20,1.0,1.4248106087293957,0.22769268414520702,1.3792208947656428,1.4248106087293957,0,0.03302174121418628,0.028330903056083823,-0.0046908381581024575,-0.004690838158102445
312,negative_brier,10.0,3109,0,20,1.0,1.4248106087293957,0.22769268414520702,1.3792208947656428,1.4248106087293957,1,0.03890242089285444,0.03346807200486418,-0.005434348887990263,-0.005434348887990287
312,negative_brier,10.0,3109,0,20,1.0,1.4248106087293957,0.22769268414520702,1.3792208947656428,1.4248106087293957,2,0.04677247785112461,0.04044508983261841,-0.0063273880185062,-0.006327388018506209
312,negative_brier,10.0,3109,0,20,1.0,1.4248106087293957,0.22769268414520702,1.3792208947656428,1.4248106087293957,3,0.037110946120123466,0.03208190357031171,-0.005029042549811756,-0.005029042549811751
312,negative_brier,10.0,3109,0,20,1.0,1.4248106087293957,0.22769268414520702,1.3792208947656428,1.4248106087293957,4,0.03030438686512576,0.026029450091092587,-0.004274936774033171,-0.004274936774033175
312,negative_brier,10.0,3109,0,20,1.0,1.4248106087293957,0.22769268414520702,1.3792208947656428,1.4248106087293957,5,0.03641249491075709,0.03134116873213033,-0.00507132617862676,-0.00507132617862675
312,negative_brier,10.0,3109,0,20,1.0,1.4248106087293957,0.22769268414520702,1.3792208947656428,1.4248106087293957,6,0.029681682765040816,0.025147509891049247,-0.00453417287399157,-0.004534172873991572
312,negative_brier,10.0,3109,0,20,1.0,1.4248106087293957,0.22769268414520702,1.3792208947656428,1.4248106087293957,7,0.028879658615877712,0.02484723695877572,-0.004032421657101992,-0.00403242165710198
313,negative_cross_entropy,10.0,3109,0,20,1.0,1.4248106087293957,0.22769268414520702,1.3792208947656428,1.4248106087293957,0,0.12070636903834919,0.11579766714953255,-0.004908701888816647,-0.004908701888816626
313,negative_cross_entropy,10.0,3109,0,20,1.0,1.4248106087293957,0.22769268414520702,1.3792208947656428,1.4248106087293957,1,0.1453586750503186,0.13901663585564827,-0.006342039194670329,-0.00634203919467037
313,negative_cross_entropy,10.0,3109,0,20,1.0,1.4248106087293957,0.22769268414520702,1.3792208947656428,1.4248106087293957,2,0.171651759723343,0.16464480700569484,-0.007006952717648174,-0.007006952717648184
313,negative_cross_entropy,10.0,3109,0,20,1.0,1.4248106087293957,0.22769268414520702,1.3792208947656428,1.4248106087293957,3,0.13996596734296066,0.1343566811930733,-0.005609286149887344,-0.005609286149887416
313,negative_cross_entropy,10.0,3109,0,20,1.0,1.4248106087293957,0.22769268414520702,1.3792208947656428,1.4248106087293957,4,0.11724033707439839,0.11199097774631939,-0.0052493593280790035,-0.005249359328079053
313,negative_cross_entropy,10.0,3109,0,20,1.0,1.4248106087293957,0.22769268414520702,1.3792208947656428,1.4248106087293957,5,0.13427502154713514,0.1288528637422096,-0.005422157804925526,-0.005422157804925585
313,negative_cross_entropy,10.0,3109,0,20,1.0,1.4248106087293957,0.22769268414520702,1.3792208947656428,1.4248106087293957,6,0.11058613758273628,0.1058629608051973,-0.004723176777538973,-0.004723176777538953
313,negative_cross_entropy,10.0,3109,0,20,1.0,1.4248106087293957,0.22769268414520702,1.3792208947656428,1.4248106087293957,7,0.10838663539944704,0.10356575226620446,-0.004820883133242582,-0.004820883133242594
314,accuracy,10.0,3109,0,20,1.0,1.4248106087293957,0.22769268414520702,1.3792208947656428,1.4248106087293957,0,0.049526190476190474,0.024000000000000007,-0.025526190476190466,-0.025526190476190633
314,accuracy,10.0,3109,0,20,1.0,1.4248106087293957,0.22769268414520702,1.3792208947656428,1.4248106087293957,1,0.06604047619047623,0.03800000000000002,-0.028040476190476213,-0.028040476190476324
314,accuracy,10.0,3109,0,20,1.0,1.4248106087293957,0.22769268414520702,1.3792208947656428,1.4248106087293957,2,0.07798809523809534,0.05500000000000002,-0.02298809523809532,-0.022988095238095432
314,accuracy,10.0,3109,0,20,1.0,1.4248106087293957,0.22769268414520702,1.3792208947656428,1.4248106087293957,3,0.05979761904761913,0.032000000000000015,-0.027797619047619113,-0.027797619047619224
314,accuracy,10.0,3109,0,20,1.0,1.4248106087293957,0.22769268414520702,1.3792208947656428,1.4248106087293957,4,0.05082619047619055,0.025000000000000015,-0.025826190476190537,-0.025826190476190614
314,accuracy,10.0,3109,0,20,1.0,1.4248106087293957,0.22769268414520702,1.3792208947656428,1.4248106087293957,5,0.05605000000000006,0.029000000000000012,-0.027050000000000046,-0.027050000000000088
314,accuracy,10.0,3109,0,20,1.0,1.4248106087293957,0.22769268414520702,1.3792208947656428,1.4248106087293957,6,0.041807142857142876,0.02100000000000001,-0.020807142857142864,-0.020807142857142982
314,accuracy,10.0,3109,0,20,1.0,1.4248106087293957,0.22769268414520702,1.3792208947656428,1.4248106087293957,7,0.04796428571428579,0.028000000000000018,-0.019964285714285775,-0.019964285714285865
315,negative_brier,10.0,3109,15,20,0.0625,0.8758135481147767,0.1344864577420238,0.8266187660959875,0.054738346757173546,0,0.0010551636087679861,0.001055082900045523,-8.070872246305344e-08,-8.070872246264865e-08
315,negative_brier,10.0,3109,15,20,0.0625,0.8758135481147767,0.1344864577420238,0.8266187660959875,0.054738346757173546,1,0.001237284789725215,0.0012371708702352269,-1.1391948998820851e-07,-1.1391948998864426e-07
315,negative_brier,10.0,3109,15,20,0.0625,0.8758135481147767,0.1344864577420238,0.8266187660959875,0.054738346757173546,2,0.0014494501029705638,0.0014493303466486807,-1.1975632188319062e-07,-1.1975632188370482e-07
315,negative_brier,10.0,3109,15,20,0.0625,0.8758135481147767,0.1344864577420238,0.8266187660959875,0.054738346757173546,3,0.001237315545724085,0.0012372093385945582,-1.0620712952678912e-07,-1.0620712952673956e-07
315,negative_brier,10.0,3109,15,20,0.0625,0.8758135481147767,0.1344864577420238,0.8266187660959875,0.054738346757173546,4,0.0009983282415057268,0.0009982337066023472,-9.45349033795815e-08,-9.453490337921595e-08
315,negative_brier,10.0,3109,15,20,0.0625,0.8758135481147767,0.1344864577420238,0.8266187660959875,0.054738346757173546,5,0.0011866076253690154,0.0011865088150359027,-9.881033311270188e-08,-9.881033311300751e-08
315,negative_brier,10.0,3109,15,20,0.0625,0.8758135481147767,0.1344864577420238,0.8266187660959875,0.054738346757173546,6,0.0009007699780670365,0.0009007049325526206,-6.504551441585162e-08,-6.504551441566781e-08
315,negative_brier,10.0,3109,15,20,0.0625,0.8758135481147767,0.1344864577420238,0.8266187660959875,0.054738346757173546,7,0.000977823836961234,0.0009777245405520052,-9.929640922890816e-08,-9.929640922887302e-08
316,negative_cross_entropy,10.0,3109,15,20,0.0625,0.8758135481147767,0.1344864577420238,0.8266187660959875,0.054738346757173546,0,0.0029005213057743985,0.00290044730588912,-7.399988527848067e-08,-7.399988527924068e-08
316,negative_cross_entropy,10.0,3109,15,20,0.0625,0.8758135481147767,0.1344864577420238,0.8266187660959875,0.054738346757173546,1,0.003403342358573693,0.003403242962267017,-9.939630667621033e-08,-9.939630667685882e-08
316,negative_cross_entropy,10.0,3109,15,20,0.0625,0.8758135481147767,0.1344864577420238,0.8266187660959875,0.054738346757173546,2,0.003980838053671925,0.003980734811379172,-1.0324229275313068e-07,-1.0324229275091688e-07
316,negative_cross_entropy,10.0,3109,15,20,0.0625,0.8758135481147767,0.1344864577420238,0.8266187660959875,0.054738346757173546,3,0.0034587688397558374,0.0034586676631954694,-1.0117656036806935e-07,-1.0117656036841221e-07
316,negative_cross_entropy,10.0,3109,15,20,0.0625,0.8758135481147767,0.1344864577420238,0.8266187660959875,0.054738346757173546,4,0.0028618434784397763,0.0028617507523516217,-9.272608815459257e-08,-9.27260881554228e-08
316,negative_cross_entropy,10.0,3109,15,20,0.0625,0.8758135481147767,0.1344864577420238,0.8266187660959875,0.054738346757173546,5,0.003276912614124561,0.0032768209672989768,-9.164682558421983e-08,-9.164682558616111e-08
316,negative_cross_entropy,10.0,3109,15,20,0.0625,0.8758135481147767,0.1344864577420238,0.8266187660959875,0.054738346757173546,6,0.0025533194566498946,0.0025532673174863962,-5.213916349838463e-08,-5.2139163499892174e-08
316,negative_cross_entropy,10.0,3109,15,20,0.0625,0.8758135481147767,0.1344864577420238,0.8266187660959875,0.054738346757173546,7,0.00266184326369997,0.0026617494569929345,-9.380670703542857e-08,-9.380670703551536e-08
317,accuracy,10.0,3109,15,20,0.0625,0.8758135481147767,0.1344864577420238,0.8266187660959875,0.054738346757173546,0,0.0007214285714285716,0.0,-0.0007214285714285716,-0.0007214285714285725
317,accuracy,10.0,3109,15,20,0.0625,0.8758135481147767,0.1344864577420238,0.8266187660959875,0.054738346757173546,1,0.0013785714285714313,0.0,-0.0013785714285714313,-0.0013785714285714265
317,accuracy,10.0,3109,15,20,0.0625,0.8758135481147767,0.1344864577420238,0.8266187660959875,0.054738346757173546,2,0.0014119047619047635,0.0,-0.0014119047619047635,-0.0014119047619047622
317,accuracy,10.0,3109,15,20,0.0625,0.8758135481147767,0.1344864577420238,0.8266187660959875,0.054738346757173546,3,0.001192857142857143,0.0,-0.001192857142857143,-0.0011928571428571448
317,accuracy,10.0,3109,15,20,0.0625,0.8758135481147767,0.1344864577420238,0.8266187660959875,0.054738346757173546,4,0.0012452380952380979,0.0,-0.0012452380952380979,-0.0012452380952380927
317,accuracy,10.0,3109,15,20,0.0625,0.8758135481147767,0.1344864577420238,0.8266187660959875,0.054738346757173546,5,0.0008833333333333349,0.0,-0.0008833333333333349,-0.0008833333333333349
317,accuracy,10.0,3109,15,20,0.0625,0.8758135481147767,0.1344864577420238,0.8266187660959875,0.054738346757173546,6,0.0005976190476190473,0.0,-0.0005976190476190473,-0.0005976190476190465
317,accuracy,10.0,3109,15,20,0.0625,0.8758135481147767,0.1344864577420238,0.8266187660959875,0.054738346757173546,7,0.0005690476190476192,-0.0010000000000000009,-0.00156904761904762,-0.0015690476190476144
318,negative_brier,10.0,3109,15,20,0.125,0.8758135481147767,0.1344864577420238,0.8266187660959875,0.10947669351434709,0,0.0021059711922046497,0.0021053213024431194,-6.498897615302146e-07,-6.498897615307763e-07
318,negative_brier,10.0,3109,15,20,0.125,0.8758135481147767,0.1344864577420238,0.8266187660959875,0.10947669351434709,1,0.0024688093894286067,0.002467887134246227,-9.222551823795562e-07,-9.222551823805433e-07
318,negative_brier,10.0,3109,15,20,0.125,0.8758135481147767,0.1344864577420238,0.8266187660959875,0.10947669351434709,2,0.0028882573625733337,0.002887291660937652,-9.657016356817531e-07,-9.6570163568222e-07
318,negative_brier,10.0,3109,15,20,0.125,0.8758135481147767,0.1344864577420238,0.8266187660959875,0.10947669351434709,3,0.0024724396125162555,0.0024715766503234926,-8.629621927628769e-07,-8.629621927623897e-07
318,negative_brier,10.0,3109,15,20,0.125,0.8758135481147767,0.1344864577420238,0.8266187660959875,0.10947669351434709,4,0.001994832351123969,0.001994064182625266,-7.681684987032207e-07,-7.681684987040757e-07
318,negative_brier,10.0,3109,15,20,0.125,0.8758135481147767,0.1344864577420238,0.8266187660959875,0.10947669351434709,5,0.0023684391797198687,0.0023676408032302643,-7.983764896044541e-07,-7.98376489603781e-07
318,negative_brier,10.0,3109,15,20,0.125,0.8758135481147767,0.1344864577420238,0.8266187660959875,0.10947669351434709,6,0.0017926689027881642,0.0017921513730749794,-5.17529713184783e-07,-5.175297131845701e-07
318,negative_brier,10.0,3109,15,20,0.125,0.8758135481147767,0.1344864577420238,0.8266187660959875,0.10947669351434709,7,0.001954803460279543,0.0019539950528944527,-8.084073850902172e-07,-8.08407385090238e-07
319,negative_cross_entropy,10.0,3109,15,20,0.125,0.8758135481147767,0.1344864577420238,0.8266187660959875,0.10947669351434709,0,0.005746475754342608,0.0057459074012888856,-5.683530537228115e-07,-5.683530537254054e-07
319,negative_cross_entropy,10.0,3109,15,20,0.125,0.8758135481147767,0.1344864577420238,0.8266187660959875,0.10947669351434709,1,0.006730249785746527,0.0067294877971766365,-7.619885698901749e-07,-7.619885698927933e-07
319,negative_cross_entropy,10.0,3109,15,20,0.125,0.8758135481147767,0.1344864577420238,0.8266187660959875,0.10947669351434709,2,0.007873753812468118,0.007872963017534484,-7.907949336333209e-07,-7.907949336395328e-07
319,negative_cross_entropy,10.0,3109,15,20,0.125,0.8758135481147767,0.1344864577420238,0.8266187660959875,0.10947669351434709,3,0.006847999540205375,0.006847218571751856,-7.809684535184727e-07,-7.809684535210417e-07
319,negative_cross_entropy,10.0,3109,15,20,0.125,0.8758135481147767,0.1344864577420238,0.8266187660959875,0.10947669351434709,4,0.005665111460242258,0.005664396110244718,-7.153499975397215e-07,-7.153499975400188e-07
319,negative_cross_entropy,10.0,3109,15,20,0.125,0.8758135481147767,0.1344864577420238,0.8266187660959875,0.10947669351434709,5,0.006490243461179168,0.00648953667283414,-7.067883450286375e-07,-7.067883450319006e-07
319,negative_cross_entropy,10.0,3109,15,20,0.125,0.8758135481147767,0.1344864577420238,0.8266187660959875,0.10947669351434709,6,0.0050500528411573905,0.005049661554823337,-3.912863340534492e-07,-3.912863340547297e-07
319,negative_cross_entropy,10.0,3109,15,20,0.125,0.8758135481147767,0.1344864577420238,0.8266187660959875,0.10947669351434709,7,0.005268897132861037,0.005268171657154541,-7.254757064959275e-07,-7.254757064970428e-07
320,accuracy,10.0,3109,15,20,0.125,0.8758135481147767,0.1344864577420238,0.8266187660959875,0.10947669351434709,0,0.0025166666666666692,0.0020000000000000018,-0.0005166666666666674,-0.0005166666666666549
320,accuracy,10.0,3109,15,20,0.125,0.8758135481147767,0.1344864577420238,0.8266187660959875,0.10947669351434709,1,0.003921428571428574,0.0050000000000000044,0.0010785714285714305,0.0010785714285714357
320,accuracy,10.0,3109,15,20,0.125,0.8758135481147767,0.1344864577420238,0.8266187660959875,0.10947669351434709,2,0.003911904761904762,0.0050000000000000044,0.0010880952380952422,0.001088095238095249
320,accuracy,10.0,3109,15,20,0.125,0.8758135481147767,0.1344864577420238,0.8266187660959875,0.10947669351434709,3,0.0030595238095238093,0.0030000000000000027,-5.9523809523806624e-05,-5.9523809523800986e-05
320,accuracy,10.0,3109,15,20,0.125,0.8758135481147767,0.1344864577420238,0.8266187660959875,0.10947669351434709,4,0.003035714285714288,0.0050000000000000044,0.0019642857142857166,0.001964285714285724
320,accuracy,10.0,3109,15,20,0.125,0.8758135481147767,0.1344864577420238,0.8266187660959875,0.10947669351434709,5,0.0031214285714285723,0.0030000000000000027,-0.00012142857142856964,-0.00012142857142855706
320,accuracy,10.0,3109,15,20,0.125,0.8758135481147767,0.1344864577420238,0.8266187660959875,0.10947669351434709,6,0.003430952380952382,0.0040000000000000036,0.0005690476190476214,0.0005690476190476357
320,accuracy,10.0,3109,15,20,0.125,0.8758135481147767,0.1344864577420238,0.8266187660959875,0.10947669351434709,7,0.0030023809523809513,0.0020000000000000018,-0.0010023809523809495,-0.001002380952380942
321,negative_brier,10.0,3109,15,20,0.25,0.8758135481147767,0.1344864577420238,0.8266187660959875,0.21895338702869419,0,0.0041881185415311535,0.004182883338279264,-5.235203251889413e-06,-5.2352032518896534e-06
321,negative_brier,10.0,3109,15,20,0.25,0.8758135481147767,0.1344864577420238,0.8266187660959875,0.21895338702869419,1,0.004904584790573108,0.004897090989924191,-7.4938006489168665e-06,-7.493800648916431e-06
321,negative_brier,10.0,3109,15,20,0.25,0.8758135481147767,0.1344864577420238,0.8266187660959875,0.21895338702869419,2,0.005723542885658579,0.005715749231396394,-7.79365426218509e-06,-7.79365426218106e-06
321,negative_brier,10.0,3109,15,20,0.25,0.8758135481147767,0.1344864577420238,0.8266187660959875,0.21895338702869419,3,0.004926701852538088,0.004919640351535082,-7.061501003006489e-06,-7.0615010030041695e-06
321,negative_brier,10.0,3109,15,20,0.25,0.8758135481147767,0.1344864577420238,0.8266187660959875,0.21895338702869419,4,0.003974549072344881,0.0039682621293380405,-6.286943006840462e-06,-6.286943006840927e-06
321,negative_brier,10.0,3109,15,20,0.25,0.8758135481147767,0.1344864577420238,0.8266187660959875,0.21895338702869419,5,0.00470969273894145,0.0047032223832148,-6.470355726650133e-06,-6.4703557266488845e-06
321,negative_brier,10.0,3109,15,20,0.25,0.8758135481147767,0.1344864577420238,0.8266187660959875,0.21895338702869419,6,0.0035447405799065405,0.0035406729296617034,-4.067650244837101e-06,-4.067650244838061e-06
321,negative_brier,10.0,3109,15,20,0.25,0.8758135481147767,0.1344864577420238,0.8266187660959875,0.21895338702869419,7,0.0038977507649697054,0.0038911121550450622,-6.638609924643126e-06,-6.638609924644731e-06
322,negative_cross_entropy,10.0,3109,15,20,0.25,0.8758135481147767,0.1344864577420238,0.8266187660959875,0.21895338702869419,0,0.01126939126081061,0.011265213402535834,-4.177858274775209e-06,-4.17785827477683e-06
322,negative_cross_entropy,10.0,3109,15,20,0.25,0.8758135481147767,0.1344864577420238,0.8266187660959875,0.21895338702869419,1,0.013147103219860748,0.013141537425135352,-5.565794725395645e-06,-5.565794725395252e-06
322,negative_cross_entropy,10.0,3109,15,20,0.25,0.8758135481147767,0.1344864577420238,0.8266187660959875,0.21895338702869419,2,0.015387987626085453,0.015382219085364857,-5.7685407205965156e-06,-5.768540720596254e-06
322,negative_cross_entropy,10.0,3109,15,20,0.25,0.8758135481147767,0.1344864577420238,0.8266187660959875,0.21895338702869419,3,0.013409725344359446,0.013403931768047994,-5.7935763114521505e-06,-5.7935763114522335e-06
322,negative_cross_entropy,10.0,3109,15,20,0.25,0.8758135481147767,0.1344864577420238,0.8266187660959875,0.21895338702869419,4,0.011089081365991382,0.011083783509751921,-5.297856239460871e-06,-5.297856239469944e-06
322,negative_cross_entropy,10.0,3109,15,20,0.25,0.8758135481147767,0.1344864577420238,0.8266187660959875,0.21895338702869419,5,0.012719338363664467,0.012714103390625398,-5.234973039069252e-06,-5.234973039068625e-06
322,negative_cross_entropy,10.0,3109,15,20,0.25,0.8758135481147767,0.1344864577420238,0.8266187660959875,0.21895338702869419,6,0.009870264773365276,0.009867537001605031,-2.7277717602452317e-06,-2.7277717602493458e-06
322,negative_cross_entropy,10.0,3109,15,20,0.25,0.8758135481147767,0.1344864577420238,0.8266187660959875,0.21895338702869419,7,0.010311476184618373,0.01030607289460217,-5.403290016203072e-06,-5.403290016205089e-06
323,accuracy,10.0,3109,15,20,0.25,0.8758135481147767,0.1344864577420238,0.8266187660959875,0.21895338702869419,0,0.005345238095238096,0.0030000000000000027,-0.002345238095238093,-0.0023452380952380635
323,accuracy,10.0,3109,15,20,0.25,0.8758135481147767,0.1344864577420238,0.8266187660959875,0.21895338702869419,1,0.007250000000000011,0.006000000000000005,-0.0012500000000000054,-0.0012499999999999699
323,accuracy,10.0,3109,15,20,0.25,0.8758135481147767,0.1344864577420238,0.8266187660959875,0.21895338702869419,2,0.006854761904761918,0.0050000000000000044,-0.0018547619047619137,-0.00185476190476188
323,accuracy,10.0,3109,15,20,0.25,0.8758135481147767,0.1344864577420238,0.8266187660959875,0.21895338702869419,3,0.00545476190476192,0.0040000000000000036,-0.0014547619047619162,-0.0014547619047618685
323,accuracy,10.0,3109,15,20,0.25,0.8758135481147767,0.1344864577420238,0.8266187660959875,0.21895338702869419,4,0.006854761904761911,0.0020000000000000018,-0.0048547619047619095,-0.004854761904761869
323,accuracy,10.0,3109,15,20,0.25,0.8758135481147767,0.1344864577420238,0.8266187660959875,0.21895338702869419,5,0.004988095238095249,0.0030000000000000027,-0.0019880952380952463,-0.0019880952380951986
323,accuracy,10.0,3109,15,20,0.25,0.8758135481147767,0.1344864577420238,0.8266187660959875,0.21895338702869419,6,0.0056547619047619116,0.0020000000000000018,-0.00365476190476191,-0.003654761904761876
323,accuracy,10.0,3109,15,20,0.25,0.8758135481147767,0.1344864577420238,0.8266187660959875,0.21895338702869419,7,0.007597619047619061,0.0050000000000000044,-0.002597619047619057,-0.0025976190476190222
324,negative_brier,10.0,3109,15,20,0.5,0.8758135481147767,0.1344864577420238,0.8266187660959875,0.43790677405738837,0,0.008229858390043792,0.00818834035673438,-4.151803330941159e-05,-4.151803330941214e-05
324,negative_brier,10.0,3109,15,20,0.5,0.8758135481147767,0.1344864577420238,0.8266187660959875,0.43790677405738837,1,0.009596282419455553,0.00953637222027881,-5.991019917674263e-05,-5.991019917674168e-05
324,negative_brier,10.0,3109,15,20,0.5,0.8758135481147767,0.1344864577420238,0.8266187660959875,0.43790677405738837,2,0.011152260637748521,0.01109054973503909,-6.171090270943105e-05,-6.171090270942716e-05
324,negative_brier,10.0,3109,15,20,0.5,0.8758135481147767,0.1344864577420238,0.8266187660959875,0.43790677405738837,3,0.009703743559238906,0.009646496282360362,-5.724727687854425e-05,-5.7247276878541086e-05
324,negative_brier,10.0,3109,15,20,0.5,0.8758135481147767,0.1344864577420238,0.8266187660959875,0.43790677405738837,4,0.007824683428467956,0.007773708283073,-5.097514539495647e-05,-5.09751453949546e-05
324,negative_brier,10.0,3109,15,20,0.5,0.8758135481147767,0.1344864577420238,0.8266187660959875,0.43790677405738837,5,0.009245511184909669,0.00919379464070641,-5.171654420325911e-05,-5.171654420326095e-05
324,negative_brier,10.0,3109,15,20,0.5,0.8758135481147767,0.1344864577420238,0.8266187660959875,0.43790677405738837,6,0.006888048357243021,0.006857436281536511,-3.061207570650981e-05,-3.061207570651258e-05
324,negative_brier,10.0,3109,15,20,0.5,0.8758135481147767,0.1344864577420238,0.8266187660959875,0.43790677405738837,7,0.007678317018551096,0.007624183515899607,-5.413350265148862e-05,-5.413350265148893e-05
325,negative_cross_entropy,10.0,3109,15,20,0.5,0.8758135481147767,0.1344864577420238,0.8266187660959875,0.43790677405738837,0,0.021608104411821927,0.02158046314720241,-2.764126461951566e-05,-2.7641264619502978e-05
325,negative_cross_entropy,10.0,3109,15,20,0.5,0.8758135481147767,0.1344864577420238,0.8266187660959875,0.43790677405738837,1,0.02498883501537442,0.02495294219198807,-3.589282338635133e-05,-3.589282338633194e-05
325,negative_cross_entropy,10.0,3109,15,20,0.5,0.8758135481147767,0.1344864577420238,0.8266187660959875,0.43790677405738837,2,0.02928524395291511,0.02924807329284329,-3.717066007181968e-05,-3.7170660071805806e-05
325,negative_cross_entropy,10.0,3109,15,20,0.5,0.8758135481147767,0.1344864577420238,0.8266187660959875,0.43790677405738837,3,0.025617372979477762,0.02557846324594859,-3.89097335291716e-05,-3.890973352916036e-05
325,negative_cross_entropy,10.0,3109,15,20,0.5,0.8758135481147767,0.1344864577420238,0.8266187660959875,0.43790677405738837,4,0.021166111520285052,0.02113074623807154,-3.5365282213511984e-05,-3.536528221350961e-05
325,negative_cross_entropy,10.0,3109,15,20,0.5,0.8758135481147767,0.1344864577420238,0.8266187660959875,0.43790677405738837,5,0.024346522310112483,0.024311430699644032,-3.509161046845108e-05,-3.509161046843115e-05
325,negative_cross_entropy,10.0,3109,15,20,0.5,0.8758135481147767,0.1344864577420238,0.8266187660959875,0.43790677405738837,6,0.01879969028955329,0.01878410201884173,-1.5588270711557745e-05,-1.5588270711541776e-05
325,negative_cross_entropy,10.0,3109,15,20,0.5,0.8758135481147767,0.1344864577420238,0.8266187660959875,0.43790677405738837,7,0.019667229656355516,0.019630619952154427,-3.660970420108975e-05,-3.660970420108806e-05
326,accuracy,10.0,3109,15,20,0.5,0.8758135481147767,0.1344864577420238,0.8266187660959875,0.43790677405738837,0,0.008064285714285697,0.007999999999999952,-6.428571428574587e-05,-6.428571428577709e-05
326,accuracy,10.0,3109,15,20,0.5,0.8758135481147767,0.1344864577420238,0.8266187660959875,0.43790677405738837,1,0.013940476190476187,0.013999999999999957,5.952380952376976e-05,5.9523809523742005e-05
326,accuracy,10.0,3109,15,20,0.5,0.8758135481147767,0.1344864577420238,0.8266187660959875,0.43790677405738837,2,0.011207142857142853,0.007999999999999952,-0.0032071428571429014,-0.0032071428571429153
326,accuracy,10.0,3109,15,20,0.5,0.8758135481147767,0.1344864577420238,0.8266187660959875,0.43790677405738837,3,0.008240476190476177,0.006999999999999951,-0.0012404761904762258,-0.0012404761904762501
326,accuracy,10.0,3109,15,20,0.5,0.8758135481147767,0.1344864577420238,0.8266187660959875,0.43790677405738837,4,0.015416666666666672,0.01699999999999996,0.0015833333333332873,0.00158333333333327
326,accuracy,10.0,3109,15,20,0.5,0.8758135481147767,0.1344864577420238,0.8266187660959875,0.43790677405738837,5,0.006969047619047607,0.006999999999999951,3.0952380952343345e-05,3.095238095231212e-05
326,accuracy,10.0,3109,15,20,0.5,0.8758135481147767,0.1344864577420238,0.8266187660959875,0.43790677405738837,6,0.008697619047619037,0.00599999999999995,-0.0026976190476190876,-0.0026976190476191222
326,accuracy,10.0,3109,15,20,0.5,0.8758135481147767,0.1344864577420238,0.8266187660959875,0.43790677405738837,7,0.011464285714285708,0.008999999999999952,-0.0024642857142857556,-0.002464285714285787
327,negative_brier,10.0,3109,15,20,1.0,0.8758135481147767,0.1344864577420238,0.8266187660959875,0.8758135481147767,0,0.01549578904455988,0.015204170447884635,-0.00029161859667524437,-0.00029161859667523266
327,negative_brier,10.0,3109,15,20,1.0,0.8758135481147767,0.1344864577420238,0.8266187660959875,0.8758135481147767,1,0.017744179384500552,0.017330329623615526,-0.000413849760885026,-0.0004138497608850326
327,negative_brier,10.0,3109,15,20,1.0,0.8758135481147767,0.1344864577420238,0.8266187660959875,0.8758135481147767,2,0.020522030742531786,0.020099048495716865,-0.0004229822468149215,-0.0004229822468149253
327,negative_brier,10.0,3109,15,20,1.0,0.8758135481147767,0.1344864577420238,0.8266187660959875,0.8758135481147767,3,0.018224876707470913,0.017816924808429835,-0.00040795189904107784,-0.0004079518990410857
327,negative_brier,10.0,3109,15,20,1.0,0.8758135481147767,0.1344864577420238,0.8266187660959875,0.8758135481147767,4,0.01466751756502173,0.014303703307802784,-0.0003638142572189463,-0.00036381425721895117
327,negative_brier,10.0,3109,15,20,1.0,0.8758135481147767,0.1344864577420238,0.8266187660959875,0.8758135481147767,5,0.017310593758809535,0.016947184498150414,-0.0003634092606591213,-0.000363409260659126
327,negative_brier,10.0,3109,15,20,1.0,0.8758135481147767,0.1344864577420238,0.8266187660959875,0.8758135481147767,6,0.012707963222680557,0.01251825382725652,-0.00018970939542403698,-0.00018970939542403597
327,negative_brier,10.0,3109,15,20,1.0,0.8758135481147767,0.1344864577420238,0.8266187660959875,0.8758135481147767,7,0.014354153273110236,0.013964446487871096,-0.0003897067852391394,-0.0003897067852391347
328,negative_cross_entropy,10.0,3109,15,20,1.0,0.8758135481147767,0.1344864577420238,0.8266187660959875,0.8758135481147767,0,0.039304554326692366,0.039189172816932016,-0.00011538150976034972,-0.00011538150976039306
328,negative_cross_entropy,10.0,3109,15,20,1.0,0.8758135481147767,0.1344864577420238,0.8266187660959875,0.8758135481147767,1,0.04450922804740877,0.04437963829244285,-0.0001295897549659225,-0.00012958975496594804
328,negative_cross_entropy,10.0,3109,15,20,1.0,0.8758135481147767,0.1344864577420238,0.8266187660959875,0.8758135481147767,2,0.0523609528057711,0.052226996990156205,-0.00013395581561489317,-0.000133955815614917
328,negative_cross_entropy,10.0,3109,15,20,1.0,0.8758135481147767,0.1344864577420238,0.8266187660959875,0.8758135481147767,3,0.04611739882791992,0.04594876084146593,-0.0001686379864539872,-0.0001686379864539844
328,negative_cross_entropy,10.0,3109,15,20,1.0,0.8758135481147767,0.1344864577420238,0.8266187660959875,0.8758135481147767,4,0.03803576728301548,0.03788452053007185,-0.00015124675294362483,-0.00015124675294365478
328,negative_cross_entropy,10.0,3109,15,20,1.0,0.8758135481147767,0.1344864577420238,0.8266187660959875,0.8758135481147767,5,0.044070031470639495,0.04391650066309627,-0.00015353080754322568,-0.00015353080754326436
328,negative_cross_entropy,10.0,3109,15,20,1.0,0.8758135481147767,0.1344864577420238,0.8266187660959875,0.8758135481147767,6,0.033769860686117856,0.03374983267875897,-2.002800735888266e-05,-2.0028007358925903e-05
328,negative_cross_entropy,10.0,3109,15,20,1.0,0.8758135481147767,0.1344864577420238,0.8266187660959875,0.8758135481147767,7,0.03523502601739377,0.03506974975694066,-0.0001652762604531094,-0.00016527626045313642
329,accuracy,10.0,3109,15,20,1.0,0.8758135481147767,0.1344864577420238,0.8266187660959875,0.8758135481147767,0,0.013614285714285732,0.01200000000000001,-0.0016142857142857209,-0.0016142857142856862
329,accuracy,10.0,3109,15,20,1.0,0.8758135481147767,0.1344864577420238,0.8266187660959875,0.8758135481147767,1,0.017647619047619065,0.02100000000000002,0.003352380952380954,0.0033523809523810077
329,accuracy,10.0,3109,15,20,1.0,0.8758135481147767,0.1344864577420238,0.8266187660959875,0.8758135481147767,2,0.018038095238095242,0.018000000000000016,-3.809523809522597e-05,-3.809523809520515e-05
329,accuracy,10.0,3109,15,20,1.0,0.8758135481147767,0.1344864577420238,0.8266187660959875,0.8758135481147767,3,0.01254761904761905,0.010000000000000009,-0.0025476190476190416,-0.0025476190476190173
329,accuracy,10.0,3109,15,20,1.0,0.8758135481147767,0.1344864577420238,0.8266187660959875,0.8758135481147767,4,0.02552857142857144,0.028000000000000025,0.002471428571428586,0.002471428571428621
329,accuracy,10.0,3109,15,20,1.0,0.8758135481147767,0.1344864577420238,0.8266187660959875,0.8758135481147767,5,0.013857142857142853,0.014000000000000012,0.00014285714285715984,0.00014285714285717024
329,accuracy,10.0,3109,15,20,1.0,0.8758135481147767,0.1344864577420238,0.8266187660959875,0.8758135481147767,6,0.017228571428571426,0.013000000000000012,-0.004228571428571415,-0.004228571428571384
329,accuracy,10.0,3109,15,20,1.0,0.8758135481147767,0.1344864577420238,0.8266187660959875,0.8758135481147767,7,0.017538095238095228,0.017000000000000015,-0.0005380952380952125,-0.0005380952380951952
330,negative_brier,10.0,3253,0,20,0.0625,1.4232061592067393,0.2124709289822828,1.384478644193391,0.08895038495042121,0,0.001951836525290026,0.0019517866498242609,-4.98754657652159e-08,-4.987546576520764e-08
330,negative_brier,10.0,3253,0,20,0.0625,1.4232061592067393,0.2124709289822828,1.384478644193391,0.08895038495042121,1,0.0020296697826916827,0.0020296592400226854,-1.0542668997352844e-08,-1.0542668997988913e-08
330,negative_brier,10.0,3253,0,20,0.0625,1.4232061592067393,0.2124709289822828,1.384478644193391,0.08895038495042121,2,0.002026805605078965,0.0020267842662526903,-2.133882627455147e-08,-2.133882627436147e-08
330,negative_brier,10.0,3253,0,20,0.0625,1.4232061592067393,0.2124709289822828,1.384478644193391,0.08895038495042121,3,0.00211536449645393,0.0021153268967396555,-3.759971427437503e-08,-3.7599714273962e-08
330,negative_brier,10.0,3253,0,20,0.0625,1.4232061592067393,0.2124709289822828,1.384478644193391,0.08895038495042121,4,0.0018231818489956,0.0018231430596673537,-3.8789328246375404e-08,-3.878932824610695e-08
330,negative_brier,10.0,3253,0,20,0.0625,1.4232061592067393,0.2124709289822828,1.384478644193391,0.08895038495042121,5,0.0016585747999226664,0.0016585490940447256,-2.570587794080252e-08,-2.5705877940680668e-08
330,negative_brier,10.0,3253,0,20,0.0625,1.4232061592067393,0.2124709289822828,1.384478644193391,0.08895038495042121,6,0.001947431247603816,0.0019473916405766678,-3.9607027148237314e-08,-3.9607027148875454e-08
330,negative_brier,10.0,3253,0,20,0.0625,1.4232061592067393,0.2124709289822828,1.384478644193391,0.08895038495042121,7,0.002410152281183749,0.0024101133909987804,-3.8890184968654734e-08,-3.889018496881582e-08
331,negative_cross_entropy,10.0,3253,0,20,0.0625,1.4232061592067393,0.2124709289822828,1.384478644193391,0.08895038495042121,0,0.010508966308353514,0.010506181505073542,-2.7848032799725198e-06,-2.78480327997176e-06
331,negative_cross_entropy,10.0,3253,0,20,0.0625,1.4232061592067393,0.2124709289822828,1.384478644193391,0.08895038495042121,1,0.011309872109261538,0.011306857726516073,-3.0143827454646305e-06,-3.014382745466133e-06
331,negative_cross_entropy,10.0,3253,0,20,0.0625,1.4232061592067393,0.2124709289822828,1.384478644193391,0.08895038495042121,2,0.011185265287267494,0.011182279988648736,-2.9852986187586805e-06,-2.9852986187528e-06
331,negative_cross_entropy,10.0,3253,0,20,0.0625,1.4232061592067393,0.2124709289822828,1.384478644193391,0.08895038495042121,3,0.011976177471321093,0.01197301569099496,-3.1617803261333594e-06,-3.1617803261287833e-06
331,negative_cross_entropy,10.0,3253,0,20,0.0625,1.4232061592067393,0.2124709289822828,1.384478644193391,0.08895038495042121,4,0.010079802008630753,0.010077065100000171,-2.736908630581944e-06,-2.7369086305803092e-06
331,negative_cross_entropy,10.0,3253,0,20,0.0625,1.4232061592067393,0.2124709289822828,1.384478644193391,0.08895038495042121,5,0.009169126915923512,0.00916645647618397,-2.670439739541411e-06,-2.6704397395404033e-06
331,negative_cross_entropy,10.0,3253,0,20,0.0625,1.4232061592067393,0.2124709289822828,1.384478644193391,0.08895038495042121,6,0.010788652747839796,0.010785839017748433,-2.8137300913631813e-06,-2.813730091360307e-06
331,negative_cross_entropy,10.0,3253,0,20,0.0625,1.4232061592067393,0.2124709289822828,1.384478644193391,0.08895038495042121,7,0.0132155146266647,0.01321219931629436,-3.3153103703408016e-06,-3.315310370342156e-06
332,accuracy,10.0,3253,0,20,0.0625,1.4232061592067393,0.2124709289822828,1.384478644193391,0.08895038495042121,0,0.0015595238095238093,0.0020000000000000018,0.0004404761904761925,0.00044047619047617864
332,accuracy,10.0,3253,0,20,0.0625,1.4232061592067393,0.2124709289822828,1.384478644193391,0.08895038495042121,1,0.0015119047619047612,0.0020000000000000018,0.0004880952380952406,0.000488095238095225
332,accuracy,10.0,3253,0,20,0.0625,1.4232061592067393,0.2124709289822828,1.384478644193391,0.08895038495042121,2,0.0014642857142857148,0.0020000000000000018,0.0005357142857142869,0.0005357142857142713
332,accuracy,10.0,3253,0,20,0.0625,1.4232061592067393,0.2124709289822828,1.384478644193391,0.08895038495042121,3,0.0016071428571428573,0.0020000000000000018,0.00039285714285714445,0.0003928571428571323
332,accuracy,10.0,3253,0,20,0.0625,1.4232061592067393,0.2124709289822828,1.384478644193391,0.08895038495042121,4,0.0016071428571428573,0.0020000000000000018,0.00039285714285714445,0.0003928571428571323
332,accuracy,10.0,3253,0,20,0.0625,1.4232061592067393,0.2124709289822828,1.384478644193391,0.08895038495042121,5,0.0015119047619047647,0.0020000000000000018,0.0004880952380952371,0.000488095238095225
332,accuracy,10.0,3253,0,20,0.0625,1.4232061592067393,0.2124709289822828,1.384478644193391,0.08895038495042121,6,0.0013214285714285724,0.0020000000000000018,0.0006785714285714294,0.0006785714285714173
332,accuracy,10.0,3253,0,20,0.0625,1.4232061592067393,0.2124709289822828,1.384478644193391,0.08895038495042121,7,0.0014166666666666668,0.0020000000000000018,0.000583333333333335,0.0005833333333333246
333,negative_brier,10.0,3253,0,20,0.125,1.4232061592067393,0.2124709289822828,1.384478644193391,0.17790076990084241,0,0.00400705527861703,0.004005770106659312,-1.285171957718205e-06,-1.285171957715339e-06
333,negative_brier,10.0,3253,0,20,0.125,1.4232061592067393,0.2124709289822828,1.384478644193391,0.17790076990084241,1,0.004183323716786832,0.004182299928331412,-1.0237884554200466e-06,-1.0237884554202613e-06
333,negative_brier,10.0,3253,0,20,0.125,1.4232061592067393,0.2124709289822828,1.384478644193391,0.17790076990084241,2,0.00416882835569219,0.004167735332009259,-1.0930236829312379e-06,-1.093023682932494e-06
333,negative_brier,10.0,3253,0,20,0.125,1.4232061592067393,0.2124709289822828,1.384478644193391,0.17790076990084241,3,0.004349794795821212,0.004348525313760732,-1.2694820604799983e-06,-1.2694820604823114e-06
333,negative_brier,10.0,3253,0,20,0.125,1.4232061592067393,0.2124709289822828,1.384478644193391,0.17790076990084241,4,0.0037472131157878018,0.0037460412165654655,-1.1718992223362472e-06,-1.171899222336086e-06
333,negative_brier,10.0,3253,0,20,0.125,1.4232061592067393,0.2124709289822828,1.384478644193391,0.17790076990084241,5,0.003417618308059216,0.00341654284320142,-1.0754648577960407e-06,-1.0754648577960246e-06
333,negative_brier,10.0,3253,0,20,0.125,1.4232061592067393,0.2124709289822828,1.384478644193391,0.17790076990084241,6,0.004001531088073816,0.004000334444306419,-1.196643767396345e-06,-1.1966437673969317e-06
333,negative_brier,10.0,3253,0,20,0.125,1.4232061592067393,0.2124709289822828,1.384478644193391,0.17790076990084241,7,0.004954833908918164,0.004953496101418375,-1.3378074997889497e-06,-1.337807499788925e-06
334,negative_cross_entropy,10.0,3253,0,20,0.125,1.4232061592067393,0.2124709289822828,1.384478644193391,0.17790076990084241,0,0.020857963932623954,0.020835399395618515,-2.256453700543934e-05,-2.2564537005429056e-05
334,negative_cross_entropy,10.0,3253,0,20,0.125,1.4232061592067393,0.2124709289822828,1.384478644193391,0.17790076990084241,1,0.02246504884951176,0.02244053278245728,-2.4516067054482227e-05,-2.451606705447925e-05
334,negative_cross_entropy,10.0,3253,0,20,0.125,1.4232061592067393,0.2124709289822828,1.384478644193391,0.17790076990084241,2,0.022210748435993317,0.022186490819799953,-2.4257616193363446e-05,-2.4257616193352973e-05
334,negative_cross_entropy,10.0,3253,0,20,0.125,1.4232061592067393,0.2124709289822828,1.384478644193391,0.17790076990084241,3,0.02376812904580912,0.02374249563128772,-2.5633414521400444e-05,-2.5633414521392383e-05
334,negative_cross_entropy,10.0,3253,0,20,0.125,1.4232061592067393,0.2124709289822828,1.384478644193391,0.17790076990084241,4,0.020002196174723562,0.019980012277732273,-2.218389699128881e-05,-2.218389699128914e-05
334,negative_cross_entropy,10.0,3253,0,20,0.125,1.4232061592067393,0.2124709289822828,1.384478644193391,0.17790076990084241,5,0.018201967616270173,0.018180233281755553,-2.1734334514619813e-05,-2.1734334514618353e-05
334,negative_cross_entropy,10.0,3253,0,20,0.125,1.4232061592067393,0.2124709289822828,1.384478644193391,0.17790076990084241,6,0.021405851910456377,0.02138308237237685,-2.2769538079527724e-05,-2.2769538079516644e-05
334,negative_cross_entropy,10.0,3253,0,20,0.125,1.4232061592067393,0.2124709289822828,1.384478644193391,0.17790076990084241,7,0.026232156834304302,0.026205270417180015,-2.688641712428677e-05,-2.6886417124289112e-05
335,accuracy,10.0,3253,0,20,0.125,1.4232061592067393,0.2124709289822828,1.384478644193391,0.17790076990084241,0,0.004164285714285718,0.008,0.0038357142857142826,0.0038357142857143034
335,accuracy,10.0,3253,0,20,0.125,1.4232061592067393,0.2124709289822828,1.384478644193391,0.17790076990084241,1,0.0040928571428571455,0.008,0.003907142857142855,0.00390714285714288
335,accuracy,10.0,3253,0,20,0.125,1.4232061592067393,0.2124709289822828,1.384478644193391,0.17790076990084241,2,0.0039309523809523865,0.008,0.004069047619047614,0.004069047619047635
335,accuracy,10.0,3253,0,20,0.125,1.4232061592067393,0.2124709289822828,1.384478644193391,0.17790076990084241,3,0.004454761904761912,0.009000000000000001,0.004545238095238089,0.004545238095238116
335,accuracy,10.0,3253,0,20,0.125,1.4232061592067393,0.2124709289822828,1.384478644193391,0.17790076990084241,4,0.0035785714285714336,0.006999999999999999,0.0034214285714285657,0.0034214285714285926
335,accuracy,10.0,3253,0,20,0.125,1.4232061592067393,0.2124709289822828,1.384478644193391,0.17790076990084241,5,0.004059523809523814,0.008,0.003940476190476186,0.003940476190476213
335,accuracy,10.0,3253,0,20,0.125,1.4232061592067393,0.2124709289822828,1.384478644193391,0.17790076990084241,6,0.0034928571428571474,0.006999999999999999,0.003507142857142852,0.003507142857142872
335,accuracy,10.0,3253,0,20,0.125,1.4232061592067393,0.2124709289822828,1.384478644193391,0.17790076990084241,7,0.00422619047619048,0.008,0.0037738095238095204,0.003773809523809544
336,negative_brier,10.0,3253,0,20,0.25,1.4232061592067393,0.2124709289822828,1.384478644193391,0.35580153980168483,0,0.008401953061712323,0.008374585038183058,-2.736802352926518e-05,-2.736802352926581e-05
336,negative_brier,10.0,3253,0,20,0.25,1.4232061592067393,0.2124709289822828,1.384478644193391,0.35580153980168483,1,0.008838679276804678,0.00881210082190581,-2.6578454898867898e-05,-2.6578454898867237e-05
336,negative_brier,10.0,3253,0,20,0.25,1.4232061592067393,0.2124709289822828,1.384478644193391,0.35580153980168483,2,0.008773821664737438,0.00874710740472795,-2.6714260009488497e-05,-2.6714260009491753e-05
336,negative_brier,10.0,3253,0,20,0.25,1.4232061592067393,0.2124709289822828,1.384478644193391,0.35580153980168483,3,0.009148207236473901,0.00911922457240888,-2.8982664065022035e-05,-2.8982664065021767e-05
336,negative_brier,10.0,3253,0,20,0.25,1.4232061592067393,0.2124709289822828,1.384478644193391,0.35580153980168483,4,0.007873458023475775,0.007847442729243204,-2.601529423257136e-05,-2.6015294232566355e-05
336,negative_brier,10.0,3253,0,20,0.25,1.4232061592067393,0.2124709289822828,1.384478644193391,0.35580153980168483,5,0.007213497690135781,0.007187935190940409,-2.5562499195372346e-05,-2.556249919537235e-05
336,negative_brier,10.0,3253,0,20,0.25,1.4232061592067393,0.2124709289822828,1.384478644193391,0.35580153980168483,6,0.008404914264449273,0.008378275457119722,-2.6638807329551137e-05,-2.663880732955545e-05
336,negative_brier,10.0,3253,0,20,0.25,1.4232061592067393,0.2124709289822828,1.384478644193391,0.35580153980168483,7,0.010418152289927275,0.010387533943319982,-3.061834660729283e-05,-3.061834660729405e-05
337,negative_cross_entropy,10.0,3253,0,20,0.25,1.4232061592067393,0.2124709289822828,1.384478644193391,0.35580153980168483,0,0.040867091726004355,0.04068496833266999,-0.0001821233933343644,-0.00018212339333432414
337,negative_cross_entropy,10.0,3253,0,20,0.25,1.4232061592067393,0.2124709289822828,1.384478644193391,0.35580153980168483,1,0.04407829720596757,0.043878670314739354,-0.00019962689122821758,-0.0001996268912281923
337,negative_cross_entropy,10.0,3253,0,20,0.25,1.4232061592067393,0.2124709289822828,1.384478644193391,0.35580153980168483,2,0.04355354998017641,0.043356402855625475,-0.00019714712455093375,-0.00019714712455092638
337,negative_cross_entropy,10.0,3253,0,20,0.25,1.4232061592067393,0.2124709289822828,1.384478644193391,0.35580153980168483,3,0.046553796521066615,0.04634650334687618,-0.00020729317419043713,-0.0002072931741904166
337,negative_cross_entropy,10.0,3253,0,20,0.25,1.4232061592067393,0.2124709289822828,1.384478644193391,0.35580153980168483,4,0.03917203280699277,0.038992746253067256,-0.00017928655392551035,-0.00017928655392551143
337,negative_cross_entropy,10.0,3253,0,20,0.25,1.4232061592067393,0.2124709289822828,1.384478644193391,0.35580153980168483,5,0.035659479219955534,0.03548239455182678,-0.00017708466812875467,-0.00017708466812873372
337,negative_cross_entropy,10.0,3253,0,20,0.25,1.4232061592067393,0.2124709289822828,1.384478644193391,0.35580153980168483,6,0.04191583490257851,0.04173234360458933,-0.00018349129798918284,-0.000183491297989149
337,negative_cross_entropy,10.0,3253,0,20,0.25,1.4232061592067393,0.2124709289822828,1.384478644193391,0.35580153980168483,7,0.05140692611073991,0.0511893066069713,-0.0002176195037686124,-0.00021761950376860057
338,accuracy,10.0,3253,0,20,0.25,1.4232061592067393,0.2124709289822828,1.384478644193391,0.35580153980168483,0,0.016930952380952387,0.017,6.904761904761442e-05,6.904761904769074e-05
338,accuracy,10.0,3253,0,20,0.25,1.4232061592067393,0.2124709289822828,1.384478644193391,0.35580153980168483,1,0.016764285714285697,0.013999999999999999,-0.0027642857142856983,-0.0027642857142856636
338,accuracy,10.0,3253,0,20,0.25,1.4232061592067393,0.2124709289822828,1.384478644193391,0.35580153980168483,2,0.01720238095238097,0.015,-0.0022023809523809695,-0.0022023809523808724
338,accuracy,10.0,3253,0,20,0.25,1.4232061592067393,0.2124709289822828,1.384478644193391,0.35580153980168483,3,0.01622142857142856,0.012999999999999998,-0.0032214285714285626,-0.0032214285714285418
338,accuracy,10.0,3253,0,20,0.25,1.4232061592067393,0.2124709289822828,1.384478644193391,0.35580153980168483,4,0.014816666666666652,0.013999999999999999,-0.000816666666666653,-0.0008166666666666322
338,accuracy,10.0,3253,0,20,0.25,1.4232061592067393,0.2124709289822828,1.384478644193391,0.35580153980168483,5,0.015107142857142868,0.012999999999999998,-0.00210714285714287,-0.0021071428571428075
338,accuracy,10.0,3253,0,20,0.25,1.4232061592067393,0.2124709289822828,1.384478644193391,0.35580153980168483,6,0.015278571428571454,0.011999999999999997,-0.003278571428571457,-0.003278571428571353
338,accuracy,10.0,3253,0,20,0.25,1.4232061592067393,0.2124709289822828,1.384478644193391,0.35580153980168483,7,0.019678571428571427,0.015,-0.004678571428571428,-0.004678571428571365
339,negative_brier,10.0,3253,0,20,0.5,1.4232061592067393,0.2124709289822828,1.384478644193391,0.7116030796033697,0,0.017853596836210392,0.017346296312840792,-0.0005073005233695999,-0.0005073005233696071
339,negative_brier,10.0,3253,0,20,0.5,1.4232061592067393,0.2124709289822828,1.384478644193391,0.7116030796033697,1,0.019042681678241392,0.018509616325857237,-0.0005330653523841558,-0.0005330653523841339
339,negative_brier,10.0,3253,0,20,0.5,1.4232061592067393,0.2124709289822828,1.384478644193391,0.7116030796033697,2,0.018774916126536884,0.018250344711905175,-0.0005245714146317089,-0.0005245714146317132
339,negative_brier,10.0,3253,0,20,0.5,1.4232061592067393,0.2124709289822828,1.384478644193391,0.7116030796033697,3,0.019533287792020373,0.018978572965953622,-0.000554714826066751,-0.0005547148260667458
339,negative_brier,10.0,3253,0,20,0.5,1.4232061592067393,0.2124709289822828,1.384478644193391,0.7116030796033697,4,0.016781001829818676,0.01629052709449691,-0.0004904747353217664,-0.0004904747353217651
339,negative_brier,10.0,3253,0,20,0.5,1.4232061592067393,0.2124709289822828,1.384478644193391,0.7116030796033697,5,0.01545414666078449,0.014958033909825863,-0.0004961127509586268,-0.0004961127509586289
339,negative_brier,10.0,3253,0,20,0.5,1.4232061592067393,0.2124709289822828,1.384478644193391,0.7116030796033697,6,0.017921174011377067,0.017417307048062103,-0.0005038669633149646,-0.0005038669633149538
339,negative_brier,10.0,3253,0,20,0.5,1.4232061592067393,0.2124709289822828,1.384478644193391,0.7116030796033697,7,0.022271845445002592,0.02168445363329885,-0.000587391811703742,-0.0005873918117037478
340,negative_cross_entropy,10.0,3253,0,20,0.5,1.4232061592067393,0.2124709289822828,1.384478644193391,0.7116030796033697,0,0.07673871548378979,0.07539405404179278,-0.0013446614419970054,-0.0013446614419970085
340,negative_cross_entropy,10.0,3253,0,20,0.5,1.4232061592067393,0.2124709289822828,1.384478644193391,0.7116030796033697,1,0.08292309707770941,0.08141275522272684,-0.0015103418549825692,-0.0015103418549825423
340,negative_cross_entropy,10.0,3253,0,20,0.5,1.4232061592067393,0.2124709289822828,1.384478644193391,0.7116030796033697,2,0.08185080608352369,0.08036580801970838,-0.0014849980638153015,-0.001484998063815341
340,negative_cross_entropy,10.0,3253,0,20,0.5,1.4232061592067393,0.2124709289822828,1.384478644193391,0.7116030796033697,3,0.08728413897361464,0.08574064433085615,-0.0015434946427584917,-0.0015434946427585056
340,negative_cross_entropy,10.0,3253,0,20,0.5,1.4232061592067393,0.2124709289822828,1.384478644193391,0.7116030796033697,4,0.07345640018379827,0.072124948257699,-0.001331451926099278,-0.0013314519260992919
340,negative_cross_entropy,10.0,3253,0,20,0.5,1.4232061592067393,0.2124709289822828,1.384478644193391,0.7116030796033697,5,0.06678446438257285,0.06544931428660661,-0.0013351500959662421,-0.001335150095966247
340,negative_cross_entropy,10.0,3253,0,20,0.5,1.4232061592067393,0.2124709289822828,1.384478644193391,0.7116030796033697,6,0.07863997549869664,0.07728282256243646,-0.0013571529362601809,-0.001357152936260176
340,negative_cross_entropy,10.0,3253,0,20,0.5,1.4232061592067393,0.2124709289822828,1.384478644193391,0.7116030796033697,7,0.09655869454518559,0.09493367556235088,-0.0016250189828347084,-0.0016250189828346854
341,accuracy,10.0,3253,0,20,0.5,1.4232061592067393,0.2124709289822828,1.384478644193391,0.7116030796033697,0,0.033697619047619025,0.018000000000000016,-0.01569761904761901,-0.015697619047619155
341,accuracy,10.0,3253,0,20,0.5,1.4232061592067393,0.2124709289822828,1.384478644193391,0.7116030796033697,1,0.037449999999999976,0.019000000000000017,-0.01844999999999996,-0.018450000000000147
341,accuracy,10.0,3253,0,20,0.5,1.4232061592067393,0.2124709289822828,1.384478644193391,0.7116030796033697,2,0.03679285714285712,0.016000000000000014,-0.020792857142857106,-0.02079285714285728
341,accuracy,10.0,3253,0,20,0.5,1.4232061592067393,0.2124709289822828,1.384478644193391,0.7116030796033697,3,0.03587380952380958,0.019000000000000017,-0.01687380952380956,-0.016873809523809624
341,accuracy,10.0,3253,0,20,0.5,1.4232061592067393,0.2124709289822828,1.384478644193391,0.7116030796033697,4,0.03136904761904758,0.016000000000000014,-0.015369047619047567,-0.015369047619047754
341,accuracy,10.0,3253,0,20,0.5,1.4232061592067393,0.2124709289822828,1.384478644193391,0.7116030796033697,5,0.031102380952380958,0.016000000000000014,-0.015102380952380944,-0.01510238095238109
341,accuracy,10.0,3253,0,20,0.5,1.4232061592067393,0.2124709289822828,1.384478644193391,0.7116030796033697,6,0.033621428571428545,0.017000000000000015,-0.01662142857142853,-0.016621428571428676
341,accuracy,10.0,3253,0,20,0.5,1.4232061592067393,0.2124709289822828,1.384478644193391,0.7116030796033697,7,0.04609285714285714,0.025000000000000022,-0.021092857142857115,-0.02109285714285733
342,negative_brier,10.0,3253,0,20,1.0,1.4232061592067393,0.2124709289822828,1.384478644193391,1.4232061592067393,0,0.03388359564359492,0.029091675782910442,-0.004791919860684481,-0.0047919198606844885
342,negative_brier,10.0,3253,0,20,1.0,1.4232061592067393,0.2124709289822828,1.384478644193391,1.4232061592067393,1,0.036773516852651886,0.03136782228729573,-0.005405694565356153,-0.005405694565356179
342,negative_brier,10.0,3253,0,20,1.0,1.4232061592067393,0.2124709289822828,1.384478644193391,1.4232061592067393,2,0.03588429796374867,0.030622401316754366,-0.0052618966469943,-0.0052618966469943134
342,negative_brier,10.0,3253,0,20,1.0,1.4232061592067393,0.2124709289822828,1.384478644193391,1.4232061592067393,3,0.03710747912137879,0.03169287392851872,-0.005414605192860071,-0.005414605192860085
342,negative_brier,10.0,3253,0,20,1.0,1.4232061592067393,0.2124709289822828,1.384478644193391,1.4232061592067393,4,0.03185065202991264,0.02713763996701829,-0.004713012062894352,-0.00471301206289438
342,negative_brier,10.0,3253,0,20,1.0,1.4232061592067393,0.2124709289822828,1.384478644193391,1.4232061592067393,5,0.029021075349492338,0.02420699733993209,-0.004814078009560248,-0.004814078009560247
342,negative_brier,10.0,3253,0,20,1.0,1.4232061592067393,0.2124709289822828,1.384478644193391,1.4232061592067393,6,0.03422734914607817,0.02936991569324493,-0.0048574334528332375,-0.004857433452833245
342,negative_brier,10.0,3253,0,20,1.0,1.4232061592067393,0.2124709289822828,1.384478644193391,1.4232061592067393,7,0.04278289262310303,0.03697455606158634,-0.0058083365615166915,-0.0058083365615167176
343,negative_cross_entropy,10.0,3253,0,20,1.0,1.4232061592067393,0.2124709289822828,1.384478644193391,1.4232061592067393,0,0.12568854136952287,0.12071428501652892,-0.00497425635299395,-0.004974256352993801
343,negative_cross_entropy,10.0,3253,0,20,1.0,1.4232061592067393,0.2124709289822828,1.384478644193391,1.4232061592067393,1,0.13522758336916765,0.12906540457095994,-0.0061621787982077125,-0.006162178798207551
343,negative_cross_entropy,10.0,3253,0,20,1.0,1.4232061592067393,0.2124709289822828,1.384478644193391,1.4232061592067393,2,0.13337169439817503,0.12740782054046806,-0.005963873857706969,-0.005963873857706881
343,negative_cross_entropy,10.0,3253,0,20,1.0,1.4232061592067393,0.2124709289822828,1.384478644193391,1.4232061592067393,3,0.14165991993760405,0.13568133191266407,-0.005978588024939974,-0.005978588024939949
343,negative_cross_entropy,10.0,3253,0,20,1.0,1.4232061592067393,0.2124709289822828,1.384478644193391,1.4232061592067393,4,0.1196371484058833,0.11454408524398596,-0.005093063161897338,-0.005093063161897429
343,negative_cross_entropy,10.0,3253,0,20,1.0,1.4232061592067393,0.2124709289822828,1.384478644193391,1.4232061592067393,5,0.10748406160948423,0.10223105180490599,-0.00525300980457824,-0.005253009804578217
343,negative_cross_entropy,10.0,3253,0,20,1.0,1.4232061592067393,0.2124709289822828,1.384478644193391,1.4232061592067393,6,0.12853263871103762,0.12335958021933002,-0.0051730584917075995,-0.005173058491707586
343,negative_cross_entropy,10.0,3253,0,20,1.0,1.4232061592067393,0.2124709289822828,1.384478644193391,1.4232061592067393,7,0.15768913536051857,0.1513458423109223,-0.006343293049596271,-0.006343293049596138
344,accuracy,10.0,3253,0,20,1.0,1.4232061592067393,0.2124709289822828,1.384478644193391,1.4232061592067393,0,0.054990476190476215,0.03700000000000002,-0.017990476190476196,-0.017990476190476258
344,accuracy,10.0,3253,0,20,1.0,1.4232061592067393,0.2124709289822828,1.384478644193391,1.4232061592067393,1,0.060780952380952435,0.03400000000000002,-0.026780952380952412,-0.026780952380952492
344,accuracy,10.0,3253,0,20,1.0,1.4232061592067393,0.2124709289822828,1.384478644193391,1.4232061592067393,2,0.058804761904761915,0.02800000000000001,-0.030804761904761904,-0.03080476190476199
344,accuracy,10.0,3253,0,20,1.0,1.4232061592067393,0.2124709289822828,1.384478644193391,1.4232061592067393,3,0.05503809523809525,0.02800000000000001,-0.027038095238095236,-0.02703809523809533
344,accuracy,10.0,3253,0,20,1.0,1.4232061592067393,0.2124709289822828,1.384478644193391,1.4232061592067393,4,0.04760476190476187,0.02100000000000001,-0.02660476190476186,-0.026604761904762016
344,accuracy,10.0,3253,0,20,1.0,1.4232061592067393,0.2124709289822828,1.384478644193391,1.4232061592067393,5,0.04252380952380953,0.022000000000000013,-0.02052380952380952,-0.020523809523809607
344,accuracy,10.0,3253,0,20,1.0,1.4232061592067393,0.2124709289822828,1.384478644193391,1.4232061592067393,6,0.0550809523809524,0.02500000000000001,-0.03008095238095239,-0.030080952380952455
344,accuracy,10.0,3253,0,20,1.0,1.4232061592067393,0.2124709289822828,1.384478644193391,1.4232061592067393,7,0.07317619047619049,0.044000000000000025,-0.029176190476190467,-0.029176190476190546
345,negative_brier,10.0,3253,15,20,0.0625,0.8680902840133943,0.13076540608543225,0.8271450390289401,0.05425564275083714,0,0.0010950432167623227,0.001094958622739839,-8.459402248378427e-08,-8.459402248404247e-08
345,negative_brier,10.0,3253,15,20,0.0625,0.8680902840133943,0.13076540608543225,0.8271450390289401,0.05425564275083714,1,0.0011907100553892446,0.0011905980980575492,-1.1195733169537536e-07,-1.1195733169459892e-07
345,negative_brier,10.0,3253,15,20,0.0625,0.8680902840133943,0.13076540608543225,0.8271450390289401,0.05425564275083714,2,0.001146810968923979,0.0011467046609813236,-1.063079426554675e-07,-1.0630794265574843e-07
345,negative_brier,10.0,3253,15,20,0.0625,0.8680902840133943,0.13076540608543225,0.8271450390289401,0.05425564275083714,3,0.0011646364518340154,0.0011645414693077782,-9.498252623719831e-08,-9.498252623677913e-08
345,negative_brier,10.0,3253,15,20,0.0625,0.8680902840133943,0.13076540608543225,0.8271450390289401,0.05425564275083714,4,0.00104173303301789,0.0010416404887455544,-9.254427233568174e-08,-9.254427233535136e-08
345,negative_brier,10.0,3253,15,20,0.0625,0.8680902840133943,0.13076540608543225,0.8271450390289401,0.05425564275083714,5,0.0008975034240066056,0.0008974263383099146,-7.708569669097418e-08,-7.708569669119206e-08
345,negative_brier,10.0,3253,15,20,0.0625,0.8680902840133943,0.13076540608543225,0.8271450390289401,0.05425564275083714,6,0.001123814988592963,0.0011237170185448564,-9.79700481066291e-08,-9.797004810608806e-08
345,negative_brier,10.0,3253,15,20,0.0625,0.8680902840133943,0.13076540608543225,0.8271450390289401,0.05425564275083714,7,0.0013986268692696533,0.0013985082079135402,-1.1866135611300968e-07,-1.1866135611247691e-07
346,negative_cross_entropy,10.0,3253,15,20,0.0625,0.8680902840133943,0.13076540608543225,0.8271450390289401,0.05425564275083714,0,0.0031324119768814758,0.0031323322132306153,-7.976365086048015e-08,-7.976365086362745e-08
346,negative_cross_entropy,10.0,3253,15,20,0.0625,0.8680902840133943,0.13076540608543225,0.8271450390289401,0.05425564275083714,1,0.00317825660255005,0.0031781582159509103,-9.838659913987899e-08,-9.83865991428735e-08
346,negative_cross_entropy,10.0,3253,15,20,0.0625,0.8680902840133943,0.13076540608543225,0.8271450390289401,0.05425564275083714,2,0.00315764660229853,0.003157556430441133,-9.017185739713593e-08,-9.017185739994865e-08
346,negative_cross_entropy,10.0,3253,15,20,0.0625,0.8680902840133943,0.13076540608543225,0.8271450390289401,0.05425564275083714,3,0.003321044587302072,0.0033209612244056164,-8.336289645562156e-08,-8.336289645937186e-08
346,negative_cross_entropy,10.0,3253,15,20,0.0625,0.8680902840133943,0.13076540608543225,0.8271450390289401,0.05425564275083714,4,0.0029287568377131964,0.002928675545188719,-8.129252447716326e-08,-8.129252447969515e-08
346,negative_cross_entropy,10.0,3253,15,20,0.0625,0.8680902840133943,0.13076540608543225,0.8271450390289401,0.05425564275083714,5,0.002430575567619332,0.002430516577168862,-5.899045047016646e-08,-5.8990450472037464e-08
346,negative_cross_entropy,10.0,3253,15,20,0.0625,0.8680902840133943,0.13076540608543225,0.8271450390289401,0.05425564275083714,6,0.003156299105870286,0.0031562106788873834,-8.842698290267847e-08,-8.842698290479317e-08
346,negative_cross_entropy,10.0,3253,15,20,0.0625,0.8680902840133943,0.13076540608543225,0.8271450390289401,0.05425564275083714,7,0.00380990191372369,0.003809795175442332,-1.0673828135807431e-07,-1.0673828136010232e-07
347,accuracy,10.0,3253,15,20,0.0625,0.8680902840133943,0.13076540608543225,0.8271450390289401,0.05425564275083714,0,0.0008476190476190484,0.0,-0.0008476190476190484,-0.0008476190476190424
347,accuracy,10.0,3253,15,20,0.0625,0.8680902840133943,0.13076540608543225,0.8271450390289401,0.05425564275083714,1,0.0008904761904761924,-0.0010000000000000009,-0.0018904761904761933,-0.0018904761904761855
347,accuracy,10.0,3253,15,20,0.0625,0.8680902840133943,0.13076540608543225,0.8271450390289401,0.05425564275083714,2,0.0010809523809523834,0.0,-0.0010809523809523834,-0.0010809523809523786
347,accuracy,10.0,3253,15,20,0.0625,0.8680902840133943,0.13076540608543225,0.8271450390289401,0.05425564275083714,3,0.0010190476190476204,0.0,-0.0010190476190476204,-0.0010190476190476173
347,accuracy,10.0,3253,15,20,0.0625,0.8680902840133943,0.13076540608543225,0.8271450390289401,0.05425564275083714,4,0.0008142857142857157,0.0,-0.0008142857142857157,-0.0008142857142857136
347,accuracy,10.0,3253,15,20,0.0625,0.8680902840133943,0.13076540608543225,0.8271450390289401,0.05425564275083714,5,0.0007428571428571445,0.0,-0.0007428571428571445,-0.0007428571428571423
347,accuracy,10.0,3253,15,20,0.0625,0.8680902840133943,0.13076540608543225,0.8271450390289401,0.05425564275083714,6,0.0011619047619047637,0.0,-0.0011619047619047637,-0.0011619047619047633
347,accuracy,10.0,3253,15,20,0.0625,0.8680902840133943,0.13076540608543225,0.8271450390289401,0.05425564275083714,7,0.0014428571428571455,0.0,-0.0014428571428571455,-0.0014428571428571416
348,negative_brier,10.0,3253,15,20,0.125,0.8680902840133943,0.13076540608543225,0.8271450390289401,0.10851128550167428,0,0.002186294815334988,0.002185614568315064,-6.802470199239116e-07,-6.802470199250102e-07
348,negative_brier,10.0,3253,15,20,0.125,0.8680902840133943,0.13076540608543225,0.8271450390289401,0.10851128550167428,1,0.0023754223933829897,0.0023745187301151827,-9.036632678070117e-07,-9.036632678098363e-07
348,negative_brier,10.0,3253,15,20,0.125,0.8680902840133943,0.13076540608543225,0.8271450390289401,0.10851128550167428,2,0.0022872929066452413,0.0022864363201027804,-8.56586542460902e-07,-8.56586542461695e-07
348,negative_brier,10.0,3253,15,20,0.125,0.8680902840133943,0.13076540608543225,0.8271450390289401,0.10851128550167428,3,0.0023225388623022286,0.0023217752746465536,-7.635876556749688e-07,-7.635876556781404e-07
348,negative_brier,10.0,3253,15,20,0.125,0.8680902840133943,0.13076540608543225,0.8271450390289401,0.10851128550167428,4,0.00207879128039011,0.002078045867003775,-7.45413386335058e-07,-7.454133863344343e-07
348,negative_brier,10.0,3253,15,20,0.125,0.8680902840133943,0.13076540608543225,0.8271450390289401,0.10851128550167428,5,0.0017852243703141276,0.0017846095721381627,-6.147981759649021e-07,-6.147981759649764e-07
348,negative_brier,10.0,3253,15,20,0.125,0.8680902840133943,0.13076540608543225,0.8271450390289401,0.10851128550167428,6,0.0022441933340417337,0.00224340189051897,-7.914435227636407e-07,-7.914435227644004e-07
348,negative_brier,10.0,3253,15,20,0.125,0.8680902840133943,0.13076540608543225,0.8271450390289401,0.10851128550167428,7,0.0027924437628106306,0.0027914858405327925,-9.579222778380823e-07,-9.579222778395236e-07
349,negative_cross_entropy,10.0,3253,15,20,0.125,0.8680902840133943,0.13076540608543225,0.8271450390289401,0.10851128550167428,0,0.006206623508950971,0.006206011848977622,-6.116599733495959e-07,-6.116599733506701e-07
349,negative_cross_entropy,10.0,3253,15,20,0.125,0.8680902840133943,0.13076540608543225,0.8271450390289401,0.10851128550167428,1,0.006284831817744097,0.006284076842770325,-7.549749737713676e-07,-7.549749737722519e-07
349,negative_cross_entropy,10.0,3253,15,20,0.125,0.8680902840133943,0.13076540608543225,0.8271450390289401,0.10851128550167428,2,0.006246046792704999,0.006245357471020174,-6.893216848245093e-07,-6.893216848235016e-07
349,negative_cross_entropy,10.0,3253,15,20,0.125,0.8680902840133943,0.13076540608543225,0.8271450390289401,0.10851128550167428,3,0.006570250105421229,0.006569613330205559,-6.367752156694745e-07,-6.367752156687974e-07
349,negative_cross_entropy,10.0,3253,15,20,0.125,0.8680902840133943,0.13076540608543225,0.8271450390289401,0.10851128550167428,4,0.005796028747900286,0.00579540638065601,-6.223672442762576e-07,-6.223672442761175e-07
349,negative_cross_entropy,10.0,3253,15,20,0.125,0.8680902840133943,0.13076540608543225,0.8271450390289401,0.10851128550167428,5,0.004803154975299339,0.004802710380821029,-4.4459447830994675e-07,-4.4459447830888087e-07
349,negative_cross_entropy,10.0,3253,15,20,0.125,0.8680902840133943,0.13076540608543225,0.8271450390289401,0.10851128550167428,6,0.006250404113742771,0.0062497250130109094,-6.791007318611778e-07,-6.791007318627889e-07
349,negative_cross_entropy,10.0,3253,15,20,0.125,0.8680902840133943,0.13076540608543225,0.8271450390289401,0.10851128550167428,7,0.007543718218667672,0.00754289729398705,-8.209246806223369e-07,-8.209246806233947e-07
350,accuracy,10.0,3253,15,20,0.125,0.8680902840133943,0.13076540608543225,0.8271450390289401,0.10851128550167428,0,0.004126190476190478,0.007000000000000006,0.0028738095238095285,0.0028738095238095224
350,accuracy,10.0,3253,15,20,0.125,0.8680902840133943,0.13076540608543225,0.8271450390289401,0.10851128550167428,1,0.00328809523809524,0.0040000000000000036,0.0007119047619047634,0.0007119047619047582
350,accuracy,10.0,3253,15,20,0.125,0.8680902840133943,0.13076540608543225,0.8271450390289401,0.10851128550167428,2,0.003859523809523814,0.0050000000000000044,0.0011404761904761905,0.0011404761904761887
350,accuracy,10.0,3253,15,20,0.125,0.8680902840133943,0.13076540608543225,0.8271450390289401,0.10851128550167428,3,0.004173809523809526,0.0050000000000000044,0.0008261904761904786,0.0008261904761904747
350,accuracy,10.0,3253,15,20,0.125,0.8680902840133943,0.13076540608543225,0.8271450390289401,0.10851128550167428,4,0.0035261904761904788,0.0040000000000000036,0.0004738095238095248,0.0004738095238095183
350,accuracy,10.0,3253,15,20,0.125,0.8680902840133943,0.13076540608543225,0.8271450390289401,0.10851128550167428,5,0.003373809523809528,0.0050000000000000044,0.0016261904761904764,0.0016261904761904716
350,accuracy,10.0,3253,15,20,0.125,0.8680902840133943,0.13076540608543225,0.8271450390289401,0.10851128550167428,6,0.0035738095238095273,0.006000000000000005,0.002426190476190478,0.0024261904761904768
350,accuracy,10.0,3253,15,20,0.125,0.8680902840133943,0.13076540608543225,0.8271450390289401,0.10851128550167428,7,0.004078571428571435,0.006000000000000005,0.0019214285714285705,0.0019214285714285718
351,negative_brier,10.0,3253,15,20,0.25,0.8680902840133943,0.13076540608543225,0.8271450390289401,0.21702257100334857,0,0.004350119277064735,0.004344660852981297,-5.458424083438357e-06,-5.458424083435416e-06
351,negative_brier,10.0,3253,15,20,0.25,0.8680902840133943,0.13076540608543225,0.8271450390289401,0.21702257100334857,1,0.004717318873109334,0.004710012310716494,-7.306562392840089e-06,-7.306562392836181e-06
351,negative_brier,10.0,3253,15,20,0.25,0.8680902840133943,0.13076540608543225,0.8271450390289401,0.21702257100334857,2,0.004540622003958401,0.004533720332164259,-6.901671794141279e-06,-6.901671794139926e-06
351,negative_brier,10.0,3253,15,20,0.25,0.8680902840133943,0.13076540608543225,0.8271450390289401,0.21702257100334857,3,0.0046105555993147,0.004604421227016875,-6.1343722978250345e-06,-6.13437229782362e-06
351,negative_brier,10.0,3253,15,20,0.25,0.8680902840133943,0.13076540608543225,0.8271450390289401,0.21702257100334857,4,0.0041317121631366865,0.004125709122359933,-6.003040776753586e-06,-6.003040776751346e-06
351,negative_brier,10.0,3253,15,20,0.25,0.8680902840133943,0.13076540608543225,0.8271450390289401,0.21702257100334857,5,0.003525686899293339,0.0035208248956612453,-4.862003632093766e-06,-4.862003632093093e-06
351,negative_brier,10.0,3253,15,20,0.25,0.8680902840133943,0.13076540608543225,0.8271450390289401,0.21702257100334857,6,0.004466658791451146,0.004460248064456107,-6.410726995038918e-06,-6.410726995037396e-06
351,negative_brier,10.0,3253,15,20,0.25,0.8680902840133943,0.13076540608543225,0.8271450390289401,0.21702257100334857,7,0.005555668896629632,0.0055479188202373075,-7.750076392324702e-06,-7.750076392323572e-06
352,negative_cross_entropy,10.0,3253,15,20,0.25,0.8680902840133943,0.13076540608543225,0.8271450390289401,0.21702257100334857,0,0.0121740531693171,0.01216957222372883,-4.480945588268559e-06,-4.4809455882691535e-06
352,negative_cross_entropy,10.0,3253,15,20,0.25,0.8680902840133943,0.13076540608543225,0.8271450390289401,0.21702257100334857,1,0.012275458777117372,0.012269929761753895,-5.529015363476761e-06,-5.529015363479422e-06
352,negative_cross_entropy,10.0,3253,15,20,0.25,0.8680902840133943,0.13076540608543225,0.8271450390289401,0.21702257100334857,2,0.012208585347663893,0.012203578568064866,-5.0067795990278025e-06,-5.006779599035321e-06
352,negative_cross_entropy,10.0,3253,15,20,0.25,0.8680902840133943,0.13076540608543225,0.8271450390289401,0.21702257100334857,3,0.012847145398805751,0.012842528252201002,-4.6171466047493365e-06,-4.617146604749124e-06
352,negative_cross_entropy,10.0,3253,15,20,0.25,0.8680902840133943,0.13076540608543225,0.8271450390289401,0.21702257100334857,4,0.011340499221649253,0.011335961567798702,-4.53765385055073e-06,-4.537653850555142e-06
352,negative_cross_entropy,10.0,3253,15,20,0.25,0.8680902840133943,0.13076540608543225,0.8271450390289401,0.21702257100334857,5,0.009370692995723219,0.009367565768330866,-3.1272273923535487e-06,-3.1272273923587686e-06
352,negative_cross_entropy,10.0,3253,15,20,0.25,0.8680902840133943,0.13076540608543225,0.8271450390289401,0.21702257100334857,6,0.012245476518538806,0.012240494235763455,-4.982282775350608e-06,-4.982282775357299e-06
352,negative_cross_entropy,10.0,3253,15,20,0.25,0.8680902840133943,0.13076540608543225,0.8271450390289401,0.21702257100334857,7,0.014774935799602096,0.014768892399195765,-6.043400406330335e-06,-6.043400406336417e-06
353,accuracy,10.0,3253,15,20,0.25,0.8680902840133943,0.13076540608543225,0.8271450390289401,0.21702257100334857,0,0.009004761904761915,0.0020000000000000018,-0.007004761904761913,-0.007004761904761871
353,accuracy,10.0,3253,15,20,0.25,0.8680902840133943,0.13076540608543225,0.8271450390289401,0.21702257100334857,1,0.0060714285714285774,0.0030000000000000027,-0.0030714285714285748,-0.0030714285714285444
353,accuracy,10.0,3253,15,20,0.25,0.8680902840133943,0.13076540608543225,0.8271450390289401,0.21702257100334857,2,0.00622857142857143,0.0040000000000000036,-0.002228571428571426,-0.0022285714285714027
353,accuracy,10.0,3253,15,20,0.25,0.8680902840133943,0.13076540608543225,0.8271450390289401,0.21702257100334857,3,0.005761904761904762,0.0020000000000000018,-0.0037619047619047606,-0.0037619047619047233
353,accuracy,10.0,3253,15,20,0.25,0.8680902840133943,0.13076540608543225,0.8271450390289401,0.21702257100334857,4,0.005114285714285713,0.0010000000000000009,-0.004114285714285712,-0.0041142857142856745
353,accuracy,10.0,3253,15,20,0.25,0.8680902840133943,0.13076540608543225,0.8271450390289401,0.21702257100334857,5,0.0035952380952380984,0.0010000000000000009,-0.0025952380952380975,-0.00259523809523806
353,accuracy,10.0,3253,15,20,0.25,0.8680902840133943,0.13076540608543225,0.8271450390289401,0.21702257100334857,6,0.004780952380952381,0.0040000000000000036,-0.0007809523809523778,-0.0007809523809523405
353,accuracy,10.0,3253,15,20,0.25,0.8680902840133943,0.13076540608543225,0.8271450390289401,0.21702257100334857,7,0.0074428571428571426,0.0050000000000000044,-0.002442857142857138,-0.0024428571428571078
354,negative_brier,10.0,3253,15,20,0.5,0.8680902840133943,0.13076540608543225,0.8271450390289401,0.43404514200669714,0,0.008551927655261091,0.008509109305507023,-4.2818349754067744e-05,-4.281834975407597e-05
354,negative_brier,10.0,3253,15,20,0.5,0.8680902840133943,0.13076540608543225,0.8271450390289401,0.43404514200669714,1,0.009223692748519124,0.009165635162716457,-5.805758580266704e-05,-5.805758580267328e-05
354,negative_brier,10.0,3253,15,20,0.5,0.8680902840133943,0.13076540608543225,0.8271450390289401,0.43404514200669714,2,0.008876282635287848,0.008821831402607672,-5.445123268017597e-05,-5.445123268018472e-05
354,negative_brier,10.0,3253,15,20,0.5,0.8680902840133943,0.13076540608543225,0.8271450390289401,0.43404514200669714,3,0.00902243084697588,0.008974076300085732,-4.8354546890148203e-05,-4.8354546890150026e-05
354,negative_brier,10.0,3253,15,20,0.5,0.8680902840133943,0.13076540608543225,0.8271450390289401,0.43404514200669714,4,0.008102677502140866,0.00805528268773037,-4.739481441049659e-05,-4.739481441049601e-05
354,negative_brier,10.0,3253,15,20,0.5,0.8680902840133943,0.13076540608543225,0.8271450390289401,0.43404514200669714,5,0.006828901278228386,0.006791752188975098,-3.714908925328813e-05,-3.714908925328789e-05
354,negative_brier,10.0,3253,15,20,0.5,0.8680902840133943,0.13076540608543225,0.8271450390289401,0.43404514200669714,6,0.008781858429900737,0.008730740964021266,-5.111746587947025e-05,-5.111746587947652e-05
354,negative_brier,10.0,3253,15,20,0.5,0.8680902840133943,0.13076540608543225,0.8271450390289401,0.43404514200669714,7,0.010913988766128061,0.010852255901576402,-6.173286455165954e-05,-6.173286455166288e-05
355,negative_cross_entropy,10.0,3253,15,20,0.5,0.8680902840133943,0.13076540608543225,0.8271450390289401,0.43404514200669714,0,0.02334681792900754,0.023317365148482927,-2.9452780524612948e-05,-2.945278052461259e-05
355,negative_cross_entropy,10.0,3253,15,20,0.5,0.8680902840133943,0.13076540608543225,0.8271450390289401,0.43404514200669714,1,0.02332297855151151,0.02328696474590075,-3.6013805610760063e-05,-3.6013805610760734e-05
355,negative_cross_entropy,10.0,3253,15,20,0.5,0.8680902840133943,0.13076540608543225,0.8271450390289401,0.43404514200669714,2,0.023239466489152722,0.0232075160510955,-3.195043805722178e-05,-3.195043805722322e-05
355,negative_cross_entropy,10.0,3253,15,20,0.5,0.8680902840133943,0.13076540608543225,0.8271450390289401,0.43404514200669714,3,0.024480797232918967,0.024451446538115262,-2.9350694803705057e-05,-2.9350694803703136e-05
355,negative_cross_entropy,10.0,3253,15,20,0.5,0.8680902840133943,0.13076540608543225,0.8271450390289401,0.43404514200669714,4,0.02163691813524615,0.021607610578957326,-2.9307556288823283e-05,-2.9307556288828084e-05
355,negative_cross_entropy,10.0,3253,15,20,0.5,0.8680902840133943,0.13076540608543225,0.8271450390289401,0.43404514200669714,5,0.017776686617949195,0.017758334826138422,-1.8351791810772983e-05,-1.8351791810779166e-05
355,negative_cross_entropy,10.0,3253,15,20,0.5,0.8680902840133943,0.13076540608543225,0.8271450390289401,0.43404514200669714,6,0.02342460770701825,0.02339200767903482,-3.260002798342876e-05,-3.2600027983416467e-05
355,negative_cross_entropy,10.0,3253,15,20,0.5,0.8680902840133943,0.13076540608543225,0.8271450390289401,0.43404514200669714,7,0.028243499420491126,0.02820357531542239,-3.992410506873517e-05,-3.992410506873669e-05
356,accuracy,10.0,3253,15,20,0.5,0.8680902840133943,0.13076540608543225,0.8271450390289401,0.43404514200669714,0,0.01645952380952381,0.014000000000000012,-0.002459523809523797,-0.0024595238095238108
356,accuracy,10.0,3253,15,20,0.5,0.8680902840133943,0.13076540608543225,0.8271450390289401,0.43404514200669714,1,0.00935,0.006000000000000005,-0.0033499999999999953,-0.0033500000000000092
356,accuracy,10.0,3253,15,20,0.5,0.8680902840133943,0.13076540608543225,0.8271450390289401,0.43404514200669714,2,0.010516666666666667,0.007000000000000006,-0.003516666666666661,-0.003516666666666668
356,accuracy,10.0,3253,15,20,0.5,0.8680902840133943,0.13076540608543225,0.8271450390289401,0.43404514200669714,3,0.00890714285714286,0.008000000000000007,-0.0009071428571428529,-0.0009071428571428598
356,accuracy,10.0,3253,15,20,0.5,0.8680902840133943,0.13076540608543225,0.8271450390289401,0.43404514200669714,4,0.008607142857142865,0.010000000000000009,0.0013928571428571436,0.001392857142857147
356,accuracy,10.0,3253,15,20,0.5,0.8680902840133943,0.13076540608543225,0.8271450390289401,0.43404514200669714,5,0.0055928571428571425,0.0040000000000000036,-0.001592857142857139,-0.0015928571428571528
356,accuracy,10.0,3253,15,20,0.5,0.8680902840133943,0.13076540608543225,0.8271450390289401,0.43404514200669714,6,0.007592857142857148,0.007000000000000006,-0.0005928571428571415,-0.000592857142857145
356,accuracy,10.0,3253,15,20,0.5,0.8680902840133943,0.13076540608543225,0.8271450390289401,0.43404514200669714,7,0.010973809523809528,0.009000000000000008,-0.00197380952380952,-0.0019738095238095235
357,negative_brier,10.0,3253,15,20,1.0,0.8680902840133943,0.13076540608543225,0.8271450390289401,0.8680902840133943,0,0.016074509126454327,0.01577791328346495,-0.0002965958429893764,-0.00029659584298937495
357,negative_brier,10.0,3253,15,20,1.0,0.8680902840133943,0.13076540608543225,0.8271450390289401,0.8680902840133943,1,0.017032918209987143,0.016629940097383555,-0.00040297811260358793,-0.00040297811260360457
357,negative_brier,10.0,3253,15,20,1.0,0.8680902840133943,0.13076540608543225,0.8271450390289401,0.8680902840133943,2,0.016429028137588737,0.016056484578043817,-0.0003725435595449203,-0.0003725435595449189
357,negative_brier,10.0,3253,15,20,1.0,0.8680902840133943,0.13076540608543225,0.8271450390289401,0.8680902840133943,3,0.01680427424858627,0.016469976147205245,-0.00033429810138102534,-0.00033429810138102837
357,negative_brier,10.0,3253,15,20,1.0,0.8680902840133943,0.13076540608543225,0.8271450390289401,0.8680902840133943,4,0.015142724056126855,0.01481460902797832,-0.0003281150281485342,-0.0003281150281485447
357,negative_brier,10.0,3253,15,20,1.0,0.8680902840133943,0.13076540608543225,0.8271450390289401,0.8680902840133943,5,0.012470650006917728,0.012229016774446766,-0.0002416332324709624,-0.00024163323247096297
357,negative_brier,10.0,3253,15,20,1.0,0.8680902840133943,0.13076540608543225,0.8271450390289401,0.8680902840133943,6,0.01647684257923608,0.01612027671255012,-0.00035656586668596224,-0.00035656586668596967
357,negative_brier,10.0,3253,15,20,1.0,0.8680902840133943,0.13076540608543225,0.8271450390289401,0.8680902840133943,7,0.02043798401244365,0.020004555757581866,-0.00043342825486178405,-0.0004334282548617761
358,negative_cross_entropy,10.0,3253,15,20,1.0,0.8680902840133943,0.13076540608543225,0.8271450390289401,0.8680902840133943,0,0.04244520744200319,0.042321446421549,-0.00012376102045418697,-0.00012376102045420372
358,negative_cross_entropy,10.0,3253,15,20,1.0,0.8680902840133943,0.13076540608543225,0.8271450390289401,0.8680902840133943,1,0.04147797533618758,0.041336779825589476,-0.0001411955105981022,-0.00014119551059811313
358,negative_cross_entropy,10.0,3253,15,20,1.0,0.8680902840133943,0.13076540608543225,0.8271450390289401,0.8680902840133943,2,0.04156525095469532,0.04145224371325085,-0.00011300724144447383,-0.0001130072414444868
358,negative_cross_entropy,10.0,3253,15,20,1.0,0.8680902840133943,0.13076540608543225,0.8271450390289401,0.8680902840133943,3,0.043920873779195534,0.04381659791902626,-0.00010427586016927698,-0.00010427586016927763
358,negative_cross_entropy,10.0,3253,15,20,1.0,0.8680902840133943,0.13076540608543225,0.8271450390289401,0.8680902840133943,4,0.03891650786243392,0.038805170119891264,-0.00011133774254265538,-0.00011133774254264806
358,negative_cross_entropy,10.0,3253,15,20,1.0,0.8680902840133943,0.13076540608543225,0.8271450390289401,0.8680902840133943,5,0.031623716910536205,0.03158243292187535,-4.128398866085764e-05,-4.128398866086027e-05
358,negative_cross_entropy,10.0,3253,15,20,1.0,0.8680902840133943,0.13076540608543225,0.8271450390289401,0.8680902840133943,6,0.04235392471371986,0.04222269360570541,-0.00013123110801445403,-0.00013123110801447065
358,negative_cross_entropy,10.0,3253,15,20,1.0,0.8680902840133943,0.13076540608543225,0.8271450390289401,0.8680902840133943,7,0.05096634236215473,0.0507976267940381,-0.00016871556811662997,-0.00016871556811661888
359,accuracy,10.0,3253,15,20,1.0,0.8680902840133943,0.13076540608543225,0.8271450390289401,0.8680902840133943,0,0.029135714285714306,0.031000000000000028,0.001864285714285721,0.0018642857142857454
359,accuracy,10.0,3253,15,20,1.0,0.8680902840133943,0.13076540608543225,0.8271450390289401,0.8680902840133943,1,0.01601190476190477,0.02400000000000002,0.007988095238095252,0.00798809523809526
359,accuracy,10.0,3253,15,20,1.0,0.8680902840133943,0.13076540608543225,0.8271450390289401,0.8680902840133943,2,0.015835714285714297,0.016000000000000014,0.0001642857142857175,0.0001642857142857522
359,accuracy,10.0,3253,15,20,1.0,0.8680902840133943,0.13076540608543225,0.8271450390289401,0.8680902840133943,3,0.018964285714285718,0.02200000000000002,0.0030357142857143013,0.0030357142857143082
359,accuracy,10.0,3253,15,20,1.0,0.8680902840133943,0.13076540608543225,0.8271450390289401,0.8680902840133943,4,0.015764285714285738,0.014000000000000012,-0.0017642857142857252,-0.0017642857142856974
359,accuracy,10.0,3253,15,20,1.0,0.8680902840133943,0.13076540608543225,0.8271450390289401,0.8680902840133943,5,0.009735714285714285,0.010000000000000009,0.00026428571428572384,0.0002642857142857377
359,accuracy,10.0,3253,15,20,1.0,0.8680902840133943,0.13076540608543225,0.8271450390289401,0.8680902840133943,6,0.012569047619047619,0.010000000000000009,-0.0025690476190476097,-0.0025690476190476028
359,accuracy,10.0,3253,15,20,1.0,0.8680902840133943,0.13076540608543225,0.8271450390289401,0.8680902840133943,7,0.02198333333333334,0.026000000000000023,0.004016666666666682,0.004016666666666696
360,negative_brier,10.0,3301,0,20,0.0625,1.4228751418853398,0.2101298533372109,1.3759242156014067,0.08892969636783374,0,0.0017779516595652326,0.0017779383668566906,-1.3292708541962767e-08,-1.3292708541429948e-08
360,negative_brier,10.0,3301,0,20,0.0625,1.4228751418853398,0.2101298533372109,1.3759242156014067,0.08892969636783374,1,0.0020924374567403018,0.0020923968107269264,-4.0646013375368606e-08,-4.064601337740897e-08
360,negative_brier,10.0,3301,0,20,0.0625,1.4228751418853398,0.2101298533372109,1.3759242156014067,0.08892969636783374,2,0.00234545578522269,0.002345390539492842,-6.524572984797569e-08,-6.524572984865722e-08
360,negative_brier,10.0,3301,0,20,0.0625,1.4228751418853398,0.2101298533372109,1.3759242156014067,0.08892969636783374,3,0.0019552000521838976,0.0019551768495169597,-2.3202666937956196e-08,-2.3202666939500932e-08
360,negative_brier,10.0,3301,0,20,0.0625,1.4228751418853398,0.2101298533372109,1.3759242156014067,0.08892969636783374,4,0.001710576351162184,0.0017105386873740858,-3.7663788098312584e-08,-3.7663788097457617e-08
360,negative_brier,10.0,3301,0,20,0.0625,1.4228751418853398,0.2101298533372109,1.3759242156014067,0.08892969636783374,5,0.0019551543877360258,0.0019551459856039233,-8.402132102482834e-09,-8.402132103164324e-09
360,negative_brier,10.0,3301,0,20,0.0625,1.4228751418853398,0.2101298533372109,1.3759242156014067,0.08892969636783374,6,0.002138154699033361,0.0021381015849719076,-5.311406145328337e-08,-5.3114061454716586e-08
360,negative_brier,10.0,3301,0,20,0.0625,1.4228751418853398,0.2101298533372109,1.3759242156014067,0.08892969636783374,7,0.0018578464213847182,0.0018578229256204781,-2.3495764240027278e-08,-2.3495764239370563e-08
361,negative_cross_entropy,10.0,3301,0,20,0.0625,1.4228751418853398,0.2101298533372109,1.3759242156014067,0.08892969636783374,0,0.010163109440489804,0.01016047571037948,-2.633730110324778e-06,-2.633730110323556e-06
361,negative_cross_entropy,10.0,3301,0,20,0.0625,1.4228751418853398,0.2101298533372109,1.3759242156014067,0.08892969636783374,1,0.011360679671466168,0.011357707174407539,-2.972497058629023e-06,-2.97249705862339e-06
361,negative_cross_entropy,10.0,3301,0,20,0.0625,1.4228751418853398,0.2101298533372109,1.3759242156014067,0.08892969636783374,2,0.013005530191150746,0.013002316280654735,-3.213910496010358e-06,-3.213910496011185e-06
361,negative_cross_entropy,10.0,3301,0,20,0.0625,1.4228751418853398,0.2101298533372109,1.3759242156014067,0.08892969636783374,3,0.010794109825050436,0.010791273390285738,-2.836434764697318e-06,-2.8364347646975007e-06
361,negative_cross_entropy,10.0,3301,0,20,0.0625,1.4228751418853398,0.2101298533372109,1.3759242156014067,0.08892969636783374,4,0.0092658644550914,0.009263309140483456,-2.5553146079451694e-06,-2.555314607946425e-06
361,negative_cross_entropy,10.0,3301,0,20,0.0625,1.4228751418853398,0.2101298533372109,1.3759242156014067,0.08892969636783374,5,0.011098518183556253,0.01109572782972612,-2.7903538301326386e-06,-2.7903538301330515e-06
361,negative_cross_entropy,10.0,3301,0,20,0.0625,1.4228751418853398,0.2101298533372109,1.3759242156014067,0.08892969636783374,6,0.011574389021168788,0.011571483726752207,-2.90529441658062e-06,-2.9052944165764402e-06
361,negative_cross_entropy,10.0,3301,0,20,0.0625,1.4228751418853398,0.2101298533372109,1.3759242156014067,0.08892969636783374,7,0.010362746768219402,0.01035996408161588,-2.782686603522086e-06,-2.782686603521772e-06
362,accuracy,10.0,3301,0,20,0.0625,1.4228751418853398,0.2101298533372109,1.3759242156014067,0.08892969636783374,0,0.001164285714285715,0.0010000000000000009,-0.00016428571428571404,-0.0001642857142857279
362,accuracy,10.0,3301,0,20,0.0625,1.4228751418853398,0.2101298533372109,1.3759242156014067,0.08892969636783374,1,0.0014595238095238081,0.0010000000000000009,-0.00045952380952380724,-0.0004595238095238263
362,accuracy,10.0,3301,0,20,0.0625,1.4228751418853398,0.2101298533372109,1.3759242156014067,0.08892969636783374,2,0.0012404761904761894,0.0010000000000000009,-0.00024047619047618853,-0.0002404761904762076
362,accuracy,10.0,3301,0,20,0.0625,1.4228751418853398,0.2101298533372109,1.3759242156014067,0.08892969636783374,3,0.0013166666666666656,0.0010000000000000009,-0.00031666666666666475,-0.00031666666666668036
362,accuracy,10.0,3301,0,20,0.0625,1.4228751418853398,0.2101298533372109,1.3759242156014067,0.08892969636783374,4,0.0011261904761904768,0.0010000000000000009,-0.00012619047619047592,-0.00012619047619048807
362,accuracy,10.0,3301,0,20,0.0625,1.4228751418853398,0.2101298533372109,1.3759242156014067,0.08892969636783374,5,0.0011071428571428569,0.0010000000000000009,-0.000107142857142856,-0.00010714285714286814
362,accuracy,10.0,3301,0,20,0.0625,1.4228751418853398,0.2101298533372109,1.3759242156014067,0.08892969636783374,6,0.0013642857142857137,0.0010000000000000009,-0.0003642857142857128,-0.0003642857142857267
362,accuracy,10.0,3301,0,20,0.0625,1.4228751418853398,0.2101298533372109,1.3759242156014067,0.08892969636783374,7,0.0012214285714285712,0.0010000000000000009,-0.00022142857142857034,-0.00022142857142858074
363,negative_brier,10.0,3301,0,20,0.125,1.4228751418853398,0.2101298533372109,1.3759242156014067,0.17785939273566748,0,0.0036543781341128725,0.003653532579882268,-8.455542306043048e-07,-8.455542306038509e-07
363,negative_brier,10.0,3301,0,20,0.125,1.4228751418853398,0.2101298533372109,1.3759242156014067,0.17785939273566748,1,0.004305476459253277,0.004304223326932477,-1.2531323207998213e-06,-1.2531323208016716e-06
363,negative_brier,10.0,3301,0,20,0.125,1.4228751418853398,0.2101298533372109,1.3759242156014067,0.17785939273566748,2,0.004815168328425298,0.004813675476560253,-1.492851865045157e-06,-1.492851865045462e-06
363,negative_brier,10.0,3301,0,20,0.125,1.4228751418853398,0.2101298533372109,1.3759242156014067,0.17785939273566748,3,0.004021362025307606,0.00402029807092108,-1.0639543865263376e-06,-1.0639543865246611e-06
363,negative_brier,10.0,3301,0,20,0.125,1.4228751418853398,0.2101298533372109,1.3759242156014067,0.17785939273566748,4,0.003517518051419331,0.003516398876256155,-1.119175163176011e-06,-1.1191751631743958e-06
363,negative_brier,10.0,3301,0,20,0.125,1.4228751418853398,0.2101298533372109,1.3759242156014067,0.17785939273566748,5,0.004019595068427699,0.004018730730008135,-8.643384195637996e-07,-8.643384195639571e-07
363,negative_brier,10.0,3301,0,20,0.125,1.4228751418853398,0.2101298533372109,1.3759242156014067,0.17785939273566748,6,0.004393838060189813,0.004392491880422844,-1.3461797669688316e-06,-1.346179766968724e-06
363,negative_brier,10.0,3301,0,20,0.125,1.4228751418853398,0.2101298533372109,1.3759242156014067,0.17785939273566748,7,0.0038193981105973506,0.003818389393577537,-1.0087170198135736e-06,-1.008717019811211e-06
364,negative_cross_entropy,10.0,3301,0,20,0.125,1.4228751418853398,0.2101298533372109,1.3759242156014067,0.17785939273566748,0,0.020181497590666928,0.020160167805487017,-2.132978517991116e-05,-2.1329785179907958e-05
364,negative_cross_entropy,10.0,3301,0,20,0.125,1.4228751418853398,0.2101298533372109,1.3759242156014067,0.17785939273566748,1,0.022563420832502,0.02253928800860172,-2.413282390027749e-05,-2.4132823900276568e-05
364,negative_cross_entropy,10.0,3301,0,20,0.125,1.4228751418853398,0.2101298533372109,1.3759242156014067,0.17785939273566748,2,0.025804297057657594,0.025778289574664548,-2.6007482993046366e-05,-2.6007482993039593e-05
364,negative_cross_entropy,10.0,3301,0,20,0.125,1.4228751418853398,0.2101298533372109,1.3759242156014067,0.17785939273566748,3,0.0214244986388091,0.021401519079120357,-2.297955968874263e-05,-2.297955968873103e-05
364,negative_cross_entropy,10.0,3301,0,20,0.125,1.4228751418853398,0.2101298533372109,1.3759242156014067,0.17785939273566748,4,0.018387251977683493,0.018366532635145205,-2.0719342538288305e-05,-2.0719342538288467e-05
364,negative_cross_entropy,10.0,3301,0,20,0.125,1.4228751418853398,0.2101298533372109,1.3759242156014067,0.17785939273566748,5,0.022034226425665805,0.022011657525920825,-2.2568899744980497e-05,-2.2568899744966416e-05
364,negative_cross_entropy,10.0,3301,0,20,0.125,1.4228751418853398,0.2101298533372109,1.3759242156014067,0.17785939273566748,6,0.022964100664952653,0.02294058280836797,-2.3517856584682334e-05,-2.3517856584681904e-05
364,negative_cross_entropy,10.0,3301,0,20,0.125,1.4228751418853398,0.2101298533372109,1.3759242156014067,0.17785939273566748,7,0.020579195165888884,0.020556622947530023,-2.2572218358860724e-05,-2.257221835885593e-05
365,accuracy,10.0,3301,0,20,0.125,1.4228751418853398,0.2101298533372109,1.3759242156014067,0.17785939273566748,0,0.003271428571428576,0.006000000000000005,0.002728571428571429,0.0027285714285714482
365,accuracy,10.0,3301,0,20,0.125,1.4228751418853398,0.2101298533372109,1.3759242156014067,0.17785939273566748,1,0.0043666666666666715,0.008000000000000007,0.0036333333333333356,0.003633333333333353
365,accuracy,10.0,3301,0,20,0.125,1.4228751418853398,0.2101298533372109,1.3759242156014067,0.17785939273566748,2,0.004576190476190479,0.008000000000000007,0.0034238095238095278,0.003423809523809551
365,accuracy,10.0,3301,0,20,0.125,1.4228751418853398,0.2101298533372109,1.3759242156014067,0.17785939273566748,3,0.0034619047619047624,0.0050000000000000044,0.001538095238095242,0.0015380952380952481
365,accuracy,10.0,3301,0,20,0.125,1.4228751418853398,0.2101298533372109,1.3759242156014067,0.17785939273566748,4,0.0037761904761904807,0.007000000000000006,0.0032238095238095255,0.003223809523809542
365,accuracy,10.0,3301,0,20,0.125,1.4228751418853398,0.2101298533372109,1.3759242156014067,0.17785939273566748,5,0.0029571428571428587,0.0050000000000000044,0.0020428571428571457,0.0020428571428571622
365,accuracy,10.0,3301,0,20,0.125,1.4228751418853398,0.2101298533372109,1.3759242156014067,0.17785939273566748,6,0.004114285714285719,0.008000000000000007,0.0038857142857142883,0.0038857142857143083
365,accuracy,10.0,3301,0,20,0.125,1.4228751418853398,0.2101298533372109,1.3759242156014067,0.17785939273566748,7,0.003476190476190479,0.006000000000000005,0.0025238095238095263,0.002523809523809546
366,negative_brier,10.0,3301,0,20,0.25,1.4228751418853398,0.2101298533372109,1.3759242156014067,0.35571878547133495,0,0.0076838922845285694,0.007662733204491179,-2.115908003739054e-05,-2.115908003739228e-05
366,negative_brier,10.0,3301,0,20,0.25,1.4228751418853398,0.2101298533372109,1.3759242156014067,0.35571878547133495,1,0.009066837650060678,0.009038881914532337,-2.7955735528341005e-05,-2.7955735528337055e-05
366,negative_brier,10.0,3301,0,20,0.25,1.4228751418853398,0.2101298533372109,1.3759242156014067,0.35571878547133495,2,0.010096264474648635,0.01006560148379848,-3.0662990850154406e-05,-3.066299085015757e-05
366,negative_brier,10.0,3301,0,20,0.25,1.4228751418853398,0.2101298533372109,1.3759242156014067,0.35571878547133495,3,0.008462641824867537,0.00843704967400244,-2.559215086509782e-05,-2.5592150865098393e-05
366,negative_brier,10.0,3301,0,20,0.25,1.4228751418853398,0.2101298533372109,1.3759242156014067,0.35571878547133495,4,0.0073971289561379555,0.00737232375073571,-2.48052054022457e-05,-2.4805205402250723e-05
366,negative_brier,10.0,3301,0,20,0.25,1.4228751418853398,0.2101298533372109,1.3759242156014067,0.35571878547133495,5,0.008456432664299908,0.008433969358307647,-2.2463305992261387e-05,-2.246330599225621e-05
366,negative_brier,10.0,3301,0,20,0.25,1.4228751418853398,0.2101298533372109,1.3759242156014067,0.35571878547133495,6,0.00922994421436965,0.009201457610011565,-2.8486604358085588e-05,-2.8486604358087963e-05
366,negative_brier,10.0,3301,0,20,0.25,1.4228751418853398,0.2101298533372109,1.3759242156014067,0.35571878547133495,7,0.008031548587971239,0.008007562296719284,-2.398629125195499e-05,-2.3986291251946016e-05
367,negative_cross_entropy,10.0,3301,0,20,0.25,1.4228751418853398,0.2101298533372109,1.3759242156014067,0.35571878547133495,0,0.039588040791701765,0.039415670142396,-0.00017237064930576695,-0.00017237064930579425
367,negative_cross_entropy,10.0,3301,0,20,0.25,1.4228751418853398,0.2101298533372109,1.3759242156014067,0.35571878547133495,1,0.04426219846835962,0.0440664894689764,-0.00019570899938321784,-0.00019570899938323516
367,negative_cross_entropy,10.0,3301,0,20,0.25,1.4228751418853398,0.2101298533372109,1.3759242156014067,0.35571878547133495,2,0.050526761002097895,0.05031711970863029,-0.00020964129346760785,-0.00020964129346763284
367,negative_cross_entropy,10.0,3301,0,20,0.25,1.4228751418853398,0.2101298533372109,1.3759242156014067,0.35571878547133495,3,0.04197839029050064,0.041792736034589106,-0.0001856542559115354,-0.00018565425591157456
367,negative_cross_entropy,10.0,3301,0,20,0.25,1.4228751418853398,0.2101298533372109,1.3759242156014067,0.35571878547133495,4,0.036007719900499106,0.03584006381923244,-0.00016765608126666914,-0.00016765608126668454
367,negative_cross_entropy,10.0,3301,0,20,0.25,1.4228751418853398,0.2101298533372109,1.3759242156014067,0.35571878547133495,5,0.04320659215430563,0.043024700347785494,-0.00018189180652013887,-0.00018189180652019676
367,negative_cross_entropy,10.0,3301,0,20,0.25,1.4228751418853398,0.2101298533372109,1.3759242156014067,0.35571878547133495,6,0.044966037054277895,0.04477634204760128,-0.00018969500667661426,-0.0001896950066766299
367,negative_cross_entropy,10.0,3301,0,20,0.25,1.4228751418853398,0.2101298533372109,1.3759242156014067,0.35571878547133495,7,0.04036294119124646,0.04018011331122273,-0.00018282788002373096,-0.00018282788002376194
368,accuracy,10.0,3301,0,20,0.25,1.4228751418853398,0.2101298533372109,1.3759242156014067,0.35571878547133495,0,0.012485714285714287,0.007999999999999993,-0.004485714285714294,-0.0044857142857142596
368,accuracy,10.0,3301,0,20,0.25,1.4228751418853398,0.2101298533372109,1.3759242156014067,0.35571878547133495,1,0.01717619047619047,0.011999999999999997,-0.005176190476190473,-0.005176190476190418
368,accuracy,10.0,3301,0,20,0.25,1.4228751418853398,0.2101298533372109,1.3759242156014067,0.35571878547133495,2,0.018561904761904745,0.013999999999999999,-0.004561904761904746,-0.0045619047619047115
368,accuracy,10.0,3301,0,20,0.25,1.4228751418853398,0.2101298533372109,1.3759242156014067,0.35571878547133495,3,0.015714285714285695,0.010999999999999996,-0.004714285714285699,-0.004714285714285671
368,accuracy,10.0,3301,0,20,0.25,1.4228751418853398,0.2101298533372109,1.3759242156014067,0.35571878547133495,4,0.015399999999999976,0.010999999999999996,-0.00439999999999998,-0.0043999999999999595
368,accuracy,10.0,3301,0,20,0.25,1.4228751418853398,0.2101298533372109,1.3759242156014067,0.35571878547133495,5,0.01420952380952379,0.010999999999999996,-0.003209523809523794,-0.0032095238095237455
368,accuracy,10.0,3301,0,20,0.25,1.4228751418853398,0.2101298533372109,1.3759242156014067,0.35571878547133495,6,0.018252380952380937,0.012999999999999998,-0.005252380952380939,-0.005252380952380897
368,accuracy,10.0,3301,0,20,0.25,1.4228751418853398,0.2101298533372109,1.3759242156014067,0.35571878547133495,7,0.01419999999999999,0.010999999999999996,-0.0031999999999999945,-0.0031999999999999806
369,negative_brier,10.0,3301,0,20,0.5,1.4228751418853398,0.2101298533372109,1.3759242156014067,0.7114375709426699,0,0.016466154751997846,0.016045889319499684,-0.0004202654324981618,-0.00042026543249815666
369,negative_brier,10.0,3301,0,20,0.5,1.4228751418853398,0.2101298533372109,1.3759242156014067,0.7114375709426699,1,0.01941973132716774,0.018887443819662397,-0.0005322875075053426,-0.0005322875075053429
369,negative_brier,10.0,3301,0,20,0.5,1.4228751418853398,0.2101298533372109,1.3759242156014067,0.7114375709426699,2,0.021465727921387113,0.020899380724479832,-0.0005663471969072804,-0.0005663471969072794
369,negative_brier,10.0,3301,0,20,0.5,1.4228751418853398,0.2101298533372109,1.3759242156014067,0.7114375709426699,3,0.018105436541946233,0.0176047921896601,-0.0005006443522861323,-0.0005006443522861169
369,negative_brier,10.0,3301,0,20,0.5,1.4228751418853398,0.2101298533372109,1.3759242156014067,0.7114375709426699,4,0.015776871831192845,0.015305937429717031,-0.00047093440147581364,-0.00047093440147580426
369,negative_brier,10.0,3301,0,20,0.5,1.4228751418853398,0.2101298533372109,1.3759242156014067,0.7114375709426699,5,0.018146214787194113,0.017694810809869066,-0.0004514039773250468,-0.00045140397732503786
369,negative_brier,10.0,3301,0,20,0.5,1.4228751418853398,0.2101298533372109,1.3759242156014067,0.7114375709426699,6,0.01968723777949415,0.01915620339710561,-0.0005310343823885406,-0.0005310343823885378
369,negative_brier,10.0,3301,0,20,0.5,1.4228751418853398,0.2101298533372109,1.3759242156014067,0.7114375709426699,7,0.017176470209008053,0.01670901673371128,-0.0004674534752967738,-0.0004674534752967638
370,negative_cross_entropy,10.0,3301,0,20,0.5,1.4228751418853398,0.2101298533372109,1.3759242156014067,0.7114375709426699,0,0.07455798787360444,0.0732660663576461,-0.001291921515958347,-0.0012919215159583406
370,negative_cross_entropy,10.0,3301,0,20,0.5,1.4228751418853398,0.2101298533372109,1.3759242156014067,0.7114375709426699,1,0.08325442751663209,0.08178805431365066,-0.0014663732029814303,-0.0014663732029814225
370,negative_cross_entropy,10.0,3301,0,20,0.5,1.4228751418853398,0.2101298533372109,1.3759242156014067,0.7114375709426699,2,0.09476796539425184,0.09321240281916221,-0.0015555625750896251,-0.0015555625750896568
370,negative_cross_entropy,10.0,3301,0,20,0.5,1.4228751418853398,0.2101298533372109,1.3759242156014067,0.7114375709426699,3,0.07881011285983541,0.07742626924646223,-0.0013838436133731813,-0.0013838436133732357
370,negative_cross_entropy,10.0,3301,0,20,0.5,1.4228751418853398,0.2101298533372109,1.3759242156014067,0.7114375709426699,4,0.06748895158635972,0.06623739721638477,-0.0012515543699749415,-0.001251554369974899
370,negative_cross_entropy,10.0,3301,0,20,0.5,1.4228751418853398,0.2101298533372109,1.3759242156014067,0.7114375709426699,5,0.08134390940859544,0.07998855023953422,-0.0013553591690612238,-0.0013553591690612014
370,negative_cross_entropy,10.0,3301,0,20,0.5,1.4228751418853398,0.2101298533372109,1.3759242156014067,0.7114375709426699,6,0.08436398493138829,0.08295522696332702,-0.0014087579680612666,-0.0014087579680612658
370,negative_cross_entropy,10.0,3301,0,20,0.5,1.4228751418853398,0.2101298533372109,1.3759242156014067,0.7114375709426699,7,0.07591251787585669,0.0745416013396003,-0.0013709165362563863,-0.0013709165362563898
371,accuracy,10.0,3301,0,20,0.5,1.4228751418853398,0.2101298533372109,1.3759242156014067,0.7114375709426699,0,0.030523809523809578,0.018000000000000016,-0.012523809523809562,-0.012523809523809576
371,accuracy,10.0,3301,0,20,0.5,1.4228751418853398,0.2101298533372109,1.3759242156014067,0.7114375709426699,1,0.04005714285714289,0.02100000000000002,-0.01905714285714287,-0.019057142857142946
371,accuracy,10.0,3301,0,20,0.5,1.4228751418853398,0.2101298533372109,1.3759242156014067,0.7114375709426699,2,0.0409571428571429,0.023000000000000013,-0.017957142857142887,-0.01795714285714299
371,accuracy,10.0,3301,0,20,0.5,1.4228751418853398,0.2101298533372109,1.3759242156014067,0.7114375709426699,3,0.03524285714285719,0.02300000000000002,-0.012242857142857166,-0.012242857142857277
371,accuracy,10.0,3301,0,20,0.5,1.4228751418853398,0.2101298533372109,1.3759242156014067,0.7114375709426699,4,0.033857142857142856,0.02100000000000002,-0.012857142857142838,-0.012857142857142956
371,accuracy,10.0,3301,0,20,0.5,1.4228751418853398,0.2101298533372109,1.3759242156014067,0.7114375709426699,5,0.032342857142857145,0.019000000000000017,-0.013342857142857129,-0.013342857142857226
371,accuracy,10.0,3301,0,20,0.5,1.4228751418853398,0.2101298533372109,1.3759242156014067,0.7114375709426699,6,0.04366666666666667,0.02100000000000002,-0.022666666666666654,-0.02266666666666675
371,accuracy,10.0,3301,0,20,0.5,1.4228751418853398,0.2101298533372109,1.3759242156014067,0.7114375709426699,7,0.03135238095238095,0.016000000000000014,-0.015352380952380937,-0.015352380952381062
372,negative_brier,10.0,3301,0,20,1.0,1.4228751418853398,0.2101298533372109,1.3759242156014067,1.4228751418853398,0,0.03206237731561377,0.027680559183271836,-0.004381818132341932,-0.004381818132341935
372,negative_brier,10.0,3301,0,20,1.0,1.4228751418853398,0.2101298533372109,1.3759242156014067,1.4228751418853398,1,0.03721761140759559,0.03195681882221507,-0.005260792585380515,-0.005260792585380493
372,negative_brier,10.0,3301,0,20,1.0,1.4228751418853398,0.2101298533372109,1.3759242156014067,1.4228751418853398,2,0.04075910937331627,0.03522896454836233,-0.005530144824953939,-0.005530144824953904
372,negative_brier,10.0,3301,0,20,1.0,1.4228751418853398,0.2101298533372109,1.3759242156014067,1.4228751418853398,3,0.03458002122386773,0.02955551949186258,-0.005024501732005152,-0.005024501732005148
372,negative_brier,10.0,3301,0,20,1.0,1.4228751418853398,0.2101298533372109,1.3759242156014067,1.4228751418853398,4,0.029745093363905274,0.02515361692207274,-0.004591476441832533,-0.00459147644183254
372,negative_brier,10.0,3301,0,20,1.0,1.4228751418853398,0.2101298533372109,1.3759242156014067,1.4228751418853398,5,0.03548321416288043,0.030761747463961486,-0.004721466698918944,-0.004721466698918929
372,negative_brier,10.0,3301,0,20,1.0,1.4228751418853398,0.2101298533372109,1.3759242156014067,1.4228751418853398,6,0.03756733076235557,0.03236198499099818,-0.005205345771357388,-0.005205345771357387
372,negative_brier,10.0,3301,0,20,1.0,1.4228751418853398,0.2101298533372109,1.3759242156014067,1.4228751418853398,7,0.03295329233065218,0.028191831612060736,-0.004761460718591445,-0.004761460718591422
373,negative_cross_entropy,10.0,3301,0,20,1.0,1.4228751418853398,0.2101298533372109,1.3759242156014067,1.4228751418853398,0,0.12265905164413489,0.11731371506107457,-0.0053453365830603145,-0.005345336583060278
373,negative_cross_entropy,10.0,3301,0,20,1.0,1.4228751418853398,0.2101298533372109,1.3759242156014067,1.4228751418853398,1,0.13603080568769008,0.13026500055266943,-0.005765805135020646,-0.005765805135020575
373,negative_cross_entropy,10.0,3301,0,20,1.0,1.4228751418853398,0.2101298533372109,1.3759242156014067,1.4228751418853398,2,0.15442693395089976,0.14843194237973623,-0.005994991571163538,-0.005994991571163412
373,negative_cross_entropy,10.0,3301,0,20,1.0,1.4228751418853398,0.2101298533372109,1.3759242156014067,1.4228751418853398,3,0.12850771098714786,0.12301585818941252,-0.0054918527977353415,-0.005491852797735258
373,negative_cross_entropy,10.0,3301,0,20,1.0,1.4228751418853398,0.2101298533372109,1.3759242156014067,1.4228751418853398,4,0.1095181785838849,0.10463961393126697,-0.004878564652617934,-0.00487856465261793
373,negative_cross_entropy,10.0,3301,0,20,1.0,1.4228751418853398,0.2101298533372109,1.3759242156014067,1.4228751418853398,5,0.13395512859033995,0.12842048109623216,-0.005534647494107786,-0.0055346474941077774
373,negative_cross_entropy,10.0,3301,0,20,1.0,1.4228751418853398,0.2101298533372109,1.3759242156014067,1.4228751418853398,6,0.13773984747433718,0.13230763646480237,-0.00543221100953481,-0.005432211009534797
373,negative_cross_entropy,10.0,3301,0,20,1.0,1.4228751418853398,0.2101298533372109,1.3759242156014067,1.4228751418853398,7,0.12407425755187013,0.11851063756798785,-0.005563619983882273,-0.005563619983882162
374,accuracy,10.0,3301,0,20,1.0,1.4228751418853398,0.2101298533372109,1.3759242156014067,1.4228751418853398,0,0.05574285714285712,0.027000000000000017,-0.028742857142857105,-0.028742857142857195
374,accuracy,10.0,3301,0,20,1.0,1.4228751418853398,0.2101298533372109,1.3759242156014067,1.4228751418853398,1,0.057523809523809546,0.034000000000000016,-0.02352380952380953,-0.02352380952380962
374,accuracy,10.0,3301,0,20,1.0,1.4228751418853398,0.2101298533372109,1.3759242156014067,1.4228751418853398,2,0.057971428571428604,0.030000000000000013,-0.02797142857142859,-0.027971428571428675
374,accuracy,10.0,3301,0,20,1.0,1.4228751418853398,0.2101298533372109,1.3759242156014067,1.4228751418853398,3,0.053152380952380965,0.02700000000000001,-0.026152380952380955,-0.026152380952380996
374,accuracy,10.0,3301,0,20,1.0,1.4228751418853398,0.2101298533372109,1.3759242156014067,1.4228751418853398,4,0.04420952380952385,0.017000000000000008,-0.027209523809523843,-0.027209523809523864
374,accuracy,10.0,3301,0,20,1.0,1.4228751418853398,0.2101298533372109,1.3759242156014067,1.4228751418853398,5,0.06129047619047619,0.03400000000000002,-0.027290476190476164,-0.02729047619047624
374,accuracy,10.0,3301,0,20,1.0,1.4228751418853398,0.2101298533372109,1.3759242156014067,1.4228751418853398,6,0.06276666666666665,0.033000000000000015,-0.029766666666666636,-0.029766666666666733
374,accuracy,10.0,3301,0,20,1.0,1.4228751418853398,0.2101298533372109,1.3759242156014067,1.4228751418853398,7,0.05134285714285715,0.022000000000000013,-0.029342857142857136,-0.029342857142857268
375,negative_brier,10.0,3301,15,20,0.0625,0.8730103900195663,0.1314153532660706,0.8243251249076945,0.05456314937622289,0,0.0010814889647309163,0.0010813858592687575,-1.0310546215874968e-07,-1.0310546215987935e-07
375,negative_brier,10.0,3301,15,20,0.0625,0.8730103900195663,0.1314153532660706,0.8243251249076945,0.05456314937622289,1,0.0011838721809985127,0.0011837815275064223,-9.065349209041833e-08,-9.065349209054434e-08
375,negative_brier,10.0,3301,15,20,0.0625,0.8730103900195663,0.1314153532660706,0.8243251249076945,0.05456314937622289,2,0.0012677893575523064,0.001267697283055369,-9.207449693741238e-08,-9.207449693793284e-08
375,negative_brier,10.0,3301,15,20,0.0625,0.8730103900195663,0.1314153532660706,0.8243251249076945,0.05456314937622289,3,0.001096707901911498,0.0010966152160971077,-9.26858143902344e-08,-9.268581439094073e-08
375,negative_brier,10.0,3301,15,20,0.0625,0.8730103900195663,0.1314153532660706,0.8243251249076945,0.05456314937622289,4,0.0009234605789831857,0.0009233867403140583,-7.383866912737472e-08,-7.383866912770108e-08
375,negative_brier,10.0,3301,15,20,0.0625,0.8730103900195663,0.1314153532660706,0.8243251249076945,0.05456314937622289,5,0.0011915100659662878,0.0011913952743455303,-1.1479162075750393e-07,-1.1479162075836305e-07
375,negative_brier,10.0,3301,15,20,0.0625,0.8730103900195663,0.1314153532660706,0.8243251249076945,0.05456314937622289,6,0.001200271271334916,0.0012001819798522217,-8.929148269430989e-08,-8.92914826953301e-08
375,negative_brier,10.0,3301,15,20,0.0625,0.8730103900195663,0.1314153532660706,0.8243251249076945,0.05456314937622289,7,0.001064591208668784,0.001064492149759677,-9.905890910690864e-08,-9.905890910850918e-08
376,negative_cross_entropy,10.0,3301,15,20,0.0625,0.8730103900195663,0.1314153532660706,0.8243251249076945,0.05456314937622289,0,0.002992315966273475,0.002992215099618667,-1.0086665480808776e-07,-1.0086665481005379e-07
376,negative_cross_entropy,10.0,3301,15,20,0.0625,0.8730103900195663,0.1314153532660706,0.8243251249076945,0.05456314937622289,1,0.003212377458720332,0.003212297516333229,-7.994238710286664e-08,-7.994238710266425e-08
376,negative_cross_entropy,10.0,3301,15,20,0.0625,0.8730103900195663,0.1314153532660706,0.8243251249076945,0.05456314937622289,2,0.003685197476292511,0.0036851148934347044,-8.258285780649716e-08,-8.25828578087688e-08
376,negative_cross_entropy,10.0,3301,15,20,0.0625,0.8730103900195663,0.1314153532660706,0.8243251249076945,0.05456314937622289,3,0.003050775949072304,0.003050691175957354,-8.477311495011866e-08,-8.477311495214668e-08
376,negative_cross_entropy,10.0,3301,15,20,0.0625,0.8730103900195663,0.1314153532660706,0.8243251249076945,0.05456314937622289,4,0.0025398942463637822,0.0025398328507066914,-6.139565709084235e-08,-6.139565709162297e-08
376,negative_cross_entropy,10.0,3301,15,20,0.0625,0.8730103900195663,0.1314153532660706,0.8243251249076945,0.05456314937622289,5,0.0032723713563987504,0.003272259703419489,-1.1165297926149509e-07,-1.1165297926324636e-07
376,negative_cross_entropy,10.0,3301,15,20,0.0625,0.8730103900195663,0.1314153532660706,0.8243251249076945,0.05456314937622289,6,0.003315018491700504,0.0033149449939444686,-7.349775603534767e-08,-7.349775603682222e-08
376,negative_cross_entropy,10.0,3301,15,20,0.0625,0.8730103900195663,0.1314153532660706,0.8243251249076945,0.05456314937622289,7,0.0029612151615553963,0.0029611248012549884,-9.036030040789761e-08,-9.036030040823633e-08
377,accuracy,10.0,3301,15,20,0.0625,0.8730103900195663,0.1314153532660706,0.8243251249076945,0.05456314937622289,0,0.0011452380952380972,-0.0010000000000000009,-0.002145238095238098,-0.0021452380952381
377,accuracy,10.0,3301,15,20,0.0625,0.8730103900195663,0.1314153532660706,0.8243251249076945,0.05456314937622289,1,0.00098809523809524,0.0,-0.00098809523809524,-0.0009880952380952393
377,accuracy,10.0,3301,15,20,0.0625,0.8730103900195663,0.1314153532660706,0.8243251249076945,0.05456314937622289,2,0.0008166666666666676,0.0,-0.0008166666666666676,-0.0008166666666666654
377,accuracy,10.0,3301,15,20,0.0625,0.8730103900195663,0.1314153532660706,0.8243251249076945,0.05456314937622289,3,0.0009785714285714291,0.0,-0.0009785714285714291,-0.0009785714285714291
377,accuracy,10.0,3301,15,20,0.0625,0.8730103900195663,0.1314153532660706,0.8243251249076945,0.05456314937622289,4,0.0008404761904761912,0.0,-0.0008404761904761912,-0.0008404761904761925
377,accuracy,10.0,3301,15,20,0.0625,0.8730103900195663,0.1314153532660706,0.8243251249076945,0.05456314937622289,5,0.0010166666666666685,-0.0010000000000000009,-0.002016666666666669,-0.002016666666666668
377,accuracy,10.0,3301,15,20,0.0625,0.8730103900195663,0.1314153532660706,0.8243251249076945,0.05456314937622289,6,0.0010214285714285727,0.0,-0.0010214285714285727,-0.0010214285714285757
377,accuracy,10.0,3301,15,20,0.0625,0.8730103900195663,0.1314153532660706,0.8243251249076945,0.05456314937622289,7,0.0011928571428571433,0.0,-0.0011928571428571433,-0.0011928571428571455
378,negative_brier,10.0,3301,15,20,0.125,0.8730103900195663,0.1314153532660706,0.8243251249076945,0.10912629875244578,0,0.0021624249458214373,0.0021615860040344326,-8.389417870046864e-07,-8.38941787005091e-07
378,negative_brier,10.0,3301,15,20,0.125,0.8730103900195663,0.1314153532660706,0.8243251249076945,0.10912629875244578,1,0.002360990779621296,0.0023602617496447653,-7.290299765304667e-07,-7.290299765293022e-07
378,negative_brier,10.0,3301,15,20,0.125,0.8730103900195663,0.1314153532660706,0.8243251249076945,0.10912629875244578,2,0.0025283013174873183,0.0025275607580177994,-7.405594695188318e-07,-7.405594695181999e-07
378,negative_brier,10.0,3301,15,20,0.125,0.8730103900195663,0.1314153532660706,0.8243251249076945,0.10912629875244578,3,0.0021860852840864106,0.0021853380619942797,-7.472220921308712e-07,-7.472220921302847e-07
378,negative_brier,10.0,3301,15,20,0.125,0.8730103900195663,0.1314153532660706,0.8243251249076945,0.10912629875244578,4,0.0018396575585294085,0.0018390664101218257,-5.911484075827537e-07,-5.9114840758257e-07
378,negative_brier,10.0,3301,15,20,0.125,0.8730103900195663,0.1314153532660706,0.8243251249076945,0.10912629875244578,5,0.0023823956726596487,0.0023814613406149543,-9.343320446944352e-07,-9.343320446965536e-07
378,negative_brier,10.0,3301,15,20,0.125,0.8730103900195663,0.1314153532660706,0.8243251249076945,0.10912629875244578,6,0.002394527337891069,0.002393809377093825,-7.179607972437538e-07,-7.179607972442245e-07
378,negative_brier,10.0,3301,15,20,0.125,0.8730103900195663,0.1314153532660706,0.8243251249076945,0.10912629875244578,7,0.002124530672235445,0.0021237300104057777,-8.006618296674782e-07,-8.006618296672676e-07
379,negative_cross_entropy,10.0,3301,15,20,0.125,0.8730103900195663,0.1314153532660706,0.8243251249076945,0.10912629875244578,0,0.005924244963172304,0.0059234643028536205,-7.806603186831171e-07,-7.806603186798541e-07
379,negative_cross_entropy,10.0,3301,15,20,0.125,0.8730103900195663,0.1314153532660706,0.8243251249076945,0.10912629875244578,1,0.006358545563153291,0.00635793480499891,-6.107581543802684e-07,-6.107581543814334e-07
379,negative_cross_entropy,10.0,3301,15,20,0.125,0.8730103900195663,0.1314153532660706,0.8243251249076945,0.10912629875244578,2,0.0072937078777474875,0.007293078927800956,-6.289499465319398e-07,-6.289499465287178e-07
379,negative_cross_entropy,10.0,3301,15,20,0.125,0.8730103900195663,0.1314153532660706,0.8243251249076945,0.10912629875244578,3,0.006036819406837567,0.006036167826049987,-6.51580787579438e-07,-6.51580787579066e-07
379,negative_cross_entropy,10.0,3301,15,20,0.125,0.8730103900195663,0.1314153532660706,0.8243251249076945,0.10912629875244578,4,0.005027432722317261,0.005026966823158063,-4.6589915919745956e-07,-4.658991591976494e-07
379,negative_cross_entropy,10.0,3301,15,20,0.125,0.8730103900195663,0.1314153532660706,0.8243251249076945,0.10912629875244578,5,0.0064777052504671065,0.006476840090401392,-8.651600657142225e-07,-8.651600657137515e-07
379,negative_cross_entropy,10.0,3301,15,20,0.125,0.8730103900195663,0.1314153532660706,0.8243251249076945,0.10912629875244578,6,0.006561674427565711,0.006561118100316898,-5.563272488127644e-07,-5.563272488102943e-07
379,negative_cross_entropy,10.0,3301,15,20,0.125,0.8730103900195663,0.1314153532660706,0.8243251249076945,0.10912629875244578,7,0.005859429094733689,0.005858734501218876,-6.945935148126858e-07,-6.945935148124543e-07
380,accuracy,10.0,3301,15,20,0.125,0.8730103900195663,0.1314153532660706,0.8243251249076945,0.10912629875244578,0,0.0036523809523809547,0.0050000000000000044,0.0013476190476190497,0.0013476190476190471
380,accuracy,10.0,3301,15,20,0.125,0.8730103900195663,0.1314153532660706,0.8243251249076945,0.10912629875244578,1,0.0040142857142857185,0.006000000000000005,0.001985714285714287,0.0019857142857142903
380,accuracy,10.0,3301,15,20,0.125,0.8730103900195663,0.1314153532660706,0.8243251249076945,0.10912629875244578,2,0.0046285714285714315,0.006000000000000005,0.0013714285714285738,0.0013714285714285703
380,accuracy,10.0,3301,15,20,0.125,0.8730103900195663,0.1314153532660706,0.8243251249076945,0.10912629875244578,3,0.0028761904761904805,0.0030000000000000027,0.00012380952380952213,0.0001238095238095243
380,accuracy,10.0,3301,15,20,0.125,0.8730103900195663,0.1314153532660706,0.8243251249076945,0.10912629875244578,4,0.002157142857142859,0.0030000000000000027,0.0008428571428571435,0.0008428571428571469
380,accuracy,10.0,3301,15,20,0.125,0.8730103900195663,0.1314153532660706,0.8243251249076945,0.10912629875244578,5,0.004409523809523811,0.007000000000000006,0.002590476190476195,0.002590476190476191
380,accuracy,10.0,3301,15,20,0.125,0.8730103900195663,0.1314153532660706,0.8243251249076945,0.10912629875244578,6,0.0019619047619047637,0.0020000000000000018,3.809523809523811e-05,3.809523809523811e-05
380,accuracy,10.0,3301,15,20,0.125,0.8730103900195663,0.1314153532660706,0.8243251249076945,0.10912629875244578,7,0.004300000000000002,0.007000000000000006,0.0027000000000000045,0.002700000000000002
381,negative_brier,10.0,3301,15,20,0.25,0.8730103900195663,0.1314153532660706,0.8243251249076945,0.21825259750489157,0,0.0043138298806368975,0.004306942744156772,-6.887136480125504e-06,-6.88713648012376e-06
381,negative_brier,10.0,3301,15,20,0.25,0.8730103900195663,0.1314153532660706,0.8243251249076945,0.21825259750489157,1,0.004687169881475435,0.004681314584830898,-5.855296644536982e-06,-5.855296644538811e-06
381,negative_brier,10.0,3301,15,20,0.25,0.8730103900195663,0.1314153532660706,0.8243251249076945,0.21825259750489157,2,0.005019715837329981,0.005013764592669834,-5.951244660146876e-06,-5.951244660147638e-06
381,negative_brier,10.0,3301,15,20,0.25,0.8730103900195663,0.1314153532660706,0.8243251249076945,0.21825259750489157,3,0.004335362991931005,0.004329329856319453,-6.033135611552276e-06,-6.033135611552808e-06
381,negative_brier,10.0,3301,15,20,0.25,0.8730103900195663,0.1314153532660706,0.8243251249076945,0.21825259750489157,4,0.0036446598792360366,0.0036399519089669874,-4.707970269049195e-06,-4.707970269049722e-06
381,negative_brier,10.0,3301,15,20,0.25,0.8730103900195663,0.1314153532660706,0.8243251249076945,0.21825259750489157,5,0.004752069313364198,0.004744396379575355,-7.672933788842491e-06,-7.672933788844104e-06
381,negative_brier,10.0,3301,15,20,0.25,0.8730103900195663,0.1314153532660706,0.8243251249076945,0.21825259750489157,6,0.004757223604520216,0.004751468163260608,-5.755441259607495e-06,-5.755441259606646e-06
381,negative_brier,10.0,3301,15,20,0.25,0.8730103900195663,0.1314153532660706,0.8243251249076945,0.21825259750489157,7,0.004222410772859748,0.004215919702152238,-6.4910707075101215e-06,-6.491070707508766e-06
382,negative_cross_entropy,10.0,3301,15,20,0.25,0.8730103900195663,0.1314153532660706,0.8243251249076945,0.21825259750489157,0,0.011599208668573752,0.011593384964619924,-5.823703953827808e-06,-5.823703953824106e-06
382,negative_cross_entropy,10.0,3301,15,20,0.25,0.8730103900195663,0.1314153532660706,0.8243251249076945,0.21825259750489157,1,0.012446116789137766,0.01244168017534053,-4.436613797235284e-06,-4.436613797229962e-06
382,negative_cross_entropy,10.0,3301,15,20,0.25,0.8730103900195663,0.1314153532660706,0.8243251249076945,0.21825259750489157,2,0.01427445576529091,0.014269926383016052,-4.529382274858981e-06,-4.529382274860386e-06
382,negative_cross_entropy,10.0,3301,15,20,0.25,0.8730103900195663,0.1314153532660706,0.8243251249076945,0.21825259750489157,3,0.01180855559109671,0.011803766486269907,-4.789104826803323e-06,-4.789104826796994e-06
382,negative_cross_entropy,10.0,3301,15,20,0.25,0.8730103900195663,0.1314153532660706,0.8243251249076945,0.21825259750489157,4,0.0098414061312281,0.009838075454962958,-3.330676265142149e-06,-3.3306762651344346e-06
382,negative_cross_entropy,10.0,3301,15,20,0.25,0.8730103900195663,0.1314153532660706,0.8243251249076945,0.21825259750489157,5,0.012678257021113455,0.012671787755383801,-6.469265729653825e-06,-6.469265729650669e-06
382,negative_cross_entropy,10.0,3301,15,20,0.25,0.8730103900195663,0.1314153532660706,0.8243251249076945,0.21825259750489157,6,0.01284434189394905,0.012840390558376269,-3.95133557278167e-06,-3.95133557277716e-06
382,negative_cross_entropy,10.0,3301,15,20,0.25,0.8730103900195663,0.1314153532660706,0.8243251249076945,0.21825259750489157,7,0.011460320384090134,0.011455212971697937,-5.107412392197502e-06,-5.107412392197335e-06
383,accuracy,10.0,3301,15,20,0.25,0.8730103900195663,0.1314153532660706,0.8243251249076945,0.21825259750489157,0,0.0066523809523809495,0.006000000000000005,-0.0006523809523809442,-0.0006523809523809338
383,accuracy,10.0,3301,15,20,0.25,0.8730103900195663,0.1314153532660706,0.8243251249076945,0.21825259750489157,1,0.010333333333333344,0.0050000000000000044,-0.005333333333333339,-0.005333333333333322
383,accuracy,10.0,3301,15,20,0.25,0.8730103900195663,0.1314153532660706,0.8243251249076945,0.21825259750489157,2,0.006428571428571441,0.0050000000000000044,-0.0014285714285714362,-0.0014285714285714058
383,accuracy,10.0,3301,15,20,0.25,0.8730103900195663,0.1314153532660706,0.8243251249076945,0.21825259750489157,3,0.005842857142857147,0.0030000000000000027,-0.0028428571428571444,-0.002842857142857119
383,accuracy,10.0,3301,15,20,0.25,0.8730103900195663,0.1314153532660706,0.8243251249076945,0.21825259750489157,4,0.003980952380952386,0.0040000000000000036,1.904761904761732e-05,1.904761904763727e-05
383,accuracy,10.0,3301,15,20,0.25,0.8730103900195663,0.1314153532660706,0.8243251249076945,0.21825259750489157,5,0.007900000000000008,0.0050000000000000044,-0.0029000000000000033,-0.0028999999999999825
383,accuracy,10.0,3301,15,20,0.25,0.8730103900195663,0.1314153532660706,0.8243251249076945,0.21825259750489157,6,0.003542857142857147,0.0030000000000000027,-0.0005428571428571444,-0.0005428571428571331
383,accuracy,10.0,3301,15,20,0.25,0.8730103900195663,0.1314153532660706,0.8243251249076945,0.21825259750489157,7,0.00731904761904763,0.0020000000000000018,-0.005319047619047629,-0.005319047619047612
384,negative_brier,10.0,3301,15,20,0.5,0.8730103900195663,0.1314153532660706,0.8243251249076945,0.43650519500978313,0,0.008511002004110991,0.008454737883346719,-5.626412076427216e-05,-5.6264120764276795e-05
384,negative_brier,10.0,3301,15,20,0.5,0.8730103900195663,0.1314153532660706,0.8243251249076945,0.43650519500978313,1,0.00917304596081501,0.009126957903840771,-4.608805697423925e-05,-4.608805697424654e-05
384,negative_brier,10.0,3301,15,20,0.5,0.8730103900195663,0.1314153532660706,0.8243251249076945,0.43650519500978313,2,0.009830012539812411,0.009783178473207033,-4.683406660537827e-05,-4.683406660537911e-05
384,negative_brier,10.0,3301,15,20,0.5,0.8730103900195663,0.1314153532660706,0.8243251249076945,0.43650519500978313,3,0.008463576961818707,0.008415622117452781,-4.7954844365925495e-05,-4.7954844365921544e-05
384,negative_brier,10.0,3301,15,20,0.5,0.8730103900195663,0.1314153532660706,0.8243251249076945,0.43650519500978313,4,0.0071070350453764225,0.007070609946425166,-3.642509895125656e-05,-3.6425098951258406e-05
384,negative_brier,10.0,3301,15,20,0.5,0.8730103900195663,0.1314153532660706,0.8243251249076945,0.43650519500978313,5,0.009368938950607579,0.009306261789680803,-6.267716092677594e-05,-6.267716092677638e-05
384,negative_brier,10.0,3301,15,20,0.5,0.8730103900195663,0.1314153532660706,0.8243251249076945,0.43650519500978313,6,0.009325799595812064,0.009281004273807958,-4.479532200410592e-05,-4.4795322004108274e-05
384,negative_brier,10.0,3301,15,20,0.5,0.8730103900195663,0.1314153532660706,0.8243251249076945,0.43650519500978313,7,0.008273364373316456,0.008221496430153685,-5.1867943162770686e-05,-5.186794316277275e-05
385,negative_cross_entropy,10.0,3301,15,20,0.5,0.8730103900195663,0.1314153532660706,0.8243251249076945,0.43650519500978313,0,0.022146579527063753,0.02210692796859981,-3.9651558463943415e-05,-3.965155846396088e-05
385,negative_cross_entropy,10.0,3301,15,20,0.5,0.8730103900195663,0.1314153532660706,0.8243251249076945,0.43650519500978313,1,0.023766733935691266,0.02373821865518977,-2.851528050149682e-05,-2.8515280501506805e-05
385,negative_cross_entropy,10.0,3301,15,20,0.5,0.8730103900195663,0.1314153532660706,0.8243251249076945,0.43650519500978313,2,0.027256005587679124,0.027227774251114,-2.8231336565123083e-05,-2.8231336565126563e-05
385,negative_cross_entropy,10.0,3301,15,20,0.5,0.8730103900195663,0.1314153532660706,0.8243251249076945,0.43650519500978313,3,0.022514609021487674,0.022483140923898914,-3.1468097588759764e-05,-3.146809758877131e-05
385,negative_cross_entropy,10.0,3301,15,20,0.5,0.8730103900195663,0.1314153532660706,0.8243251249076945,0.43650519500978313,4,0.018803013400706368,0.018782556472044742,-2.0456928661625323e-05,-2.0456928661643538e-05
385,negative_cross_entropy,10.0,3301,15,20,0.5,0.8730103900195663,0.1314153532660706,0.8243251249076945,0.43650519500978313,5,0.024183740910127965,0.024139495650136844,-4.4245259991120695e-05,-4.4245259991129856e-05
385,negative_cross_entropy,10.0,3301,15,20,0.5,0.8730103900195663,0.1314153532660706,0.8243251249076945,0.43650519500978313,6,0.02453670268075276,0.024512980780128868,-2.372190062389229e-05,-2.3721900623907824e-05
385,negative_cross_entropy,10.0,3301,15,20,0.5,0.8730103900195663,0.1314153532660706,0.8243251249076945,0.43650519500978313,7,0.0218417014523233,0.02180806203294494,-3.363941937835693e-05,-3.3639419378358376e-05
386,accuracy,10.0,3301,15,20,0.5,0.8730103900195663,0.1314153532660706,0.8243251249076945,0.43650519500978313,0,0.009590476190476194,0.008000000000000007,-0.0015904761904761873,-0.0015904761904761977
386,accuracy,10.0,3301,15,20,0.5,0.8730103900195663,0.1314153532660706,0.8243251249076945,0.43650519500978313,1,0.01574761904761907,0.015000000000000013,-0.000747619047619056,-0.0007476190476190421
386,accuracy,10.0,3301,15,20,0.5,0.8730103900195663,0.1314153532660706,0.8243251249076945,0.43650519500978313,2,0.010509523809523818,0.01200000000000001,0.001490476190476193,0.0014904761904762018
386,accuracy,10.0,3301,15,20,0.5,0.8730103900195663,0.1314153532660706,0.8243251249076945,0.43650519500978313,3,0.00808095238095239,0.006000000000000005,-0.0020809523809523847,-0.0020809523809523778
386,accuracy,10.0,3301,15,20,0.5,0.8730103900195663,0.1314153532660706,0.8243251249076945,0.43650519500978313,4,0.003652380952380953,0.0020000000000000018,-0.0016523809523809512,-0.0016523809523809468
386,accuracy,10.0,3301,15,20,0.5,0.8730103900195663,0.1314153532660706,0.8243251249076945,0.43650519500978313,5,0.01381904761904764,0.01200000000000001,-0.0018190476190476298,-0.001819047619047609
386,accuracy,10.0,3301,15,20,0.5,0.8730103900195663,0.1314153532660706,0.8243251249076945,0.43650519500978313,6,0.006971428571428578,0.008000000000000007,0.001028571428571429,0.0010285714285714342
386,accuracy,10.0,3301,15,20,0.5,0.8730103900195663,0.1314153532660706,0.8243251249076945,0.43650519500978313,7,0.013628571428571441,0.015000000000000013,0.001371428571428572,0.001371428571428572
387,negative_brier,10.0,3301,15,20,1.0,0.8730103900195663,0.1314153532660706,0.8243251249076945,0.8730103900195663,0,0.01599496852744228,0.015583939820698833,-0.0004110287067434458,-0.00041102870674344087
387,negative_brier,10.0,3301,15,20,1.0,0.8730103900195663,0.1314153532660706,0.8243251249076945,0.8730103900195663,1,0.017083310232410293,0.016762809852061356,-0.0003205003803489377,-0.00032050038034892253
387,negative_brier,10.0,3301,15,20,1.0,0.8730103900195663,0.1314153532660706,0.8243251249076945,0.8730103900195663,2,0.018372144929390117,0.01805322266241466,-0.00031892226697545836,-0.0003189222669754595
387,negative_brier,10.0,3301,15,20,1.0,0.8730103900195663,0.1314153532660706,0.8243251249076945,0.8730103900195663,3,0.01565684133806385,0.015321553497973095,-0.000335287840090754,-0.00033528784009075757
387,negative_brier,10.0,3301,15,20,1.0,0.8730103900195663,0.1314153532660706,0.8243251249076945,0.8730103900195663,4,0.013180537641691355,0.012940103863613384,-0.0002404337780779718,-0.00024043377807797238
387,negative_brier,10.0,3301,15,20,1.0,0.8730103900195663,0.1314153532660706,0.8243251249076945,0.8730103900195663,5,0.017545076178792043,0.01708800450340514,-0.0004570716753869025,-0.00045707167538689054
387,negative_brier,10.0,3301,15,20,1.0,0.8730103900195663,0.1314153532660706,0.8243251249076945,0.8730103900195663,6,0.017463452264477732,0.017171620059602266,-0.0002918322048754661,-0.00029183220487547006
387,negative_brier,10.0,3301,15,20,1.0,0.8730103900195663,0.1314153532660706,0.8243251249076945,0.8730103900195663,7,0.01537781586929246,0.015011838903242258,-0.00036597696605020213,-0.0003659769660501986
388,negative_cross_entropy,10.0,3301,15,20,1.0,0.8730103900195663,0.1314153532660706,0.8243251249076945,0.8730103900195663,0,0.03977952716472297,0.03959323906744461,-0.00018628809727836565,-0.00018628809727837175
388,negative_cross_entropy,10.0,3301,15,20,1.0,0.8730103900195663,0.1314153532660706,0.8243251249076945,0.8730103900195663,1,0.042822821116034894,0.04271396870013655,-0.0001088524158983431,-0.00010885241589834707
388,negative_cross_entropy,10.0,3301,15,20,1.0,0.8730103900195663,0.1314153532660706,0.8243251249076945,0.8730103900195663,2,0.04915744993391608,0.049069890140919004,-8.755979299707867e-05,-8.755979299708187e-05
388,negative_cross_entropy,10.0,3301,15,20,1.0,0.8730103900195663,0.1314153532660706,0.8243251249076945,0.8730103900195663,3,0.040406047568767825,0.04027838138528894,-0.00012766618347888337,-0.00012766618347890177
388,negative_cross_entropy,10.0,3301,15,20,1.0,0.8730103900195663,0.1314153532660706,0.8243251249076945,0.8730103900195663,4,0.03398222400441094,0.03392200136715784,-6.022263725310312e-05,-6.0222637253127254e-05
388,negative_cross_entropy,10.0,3301,15,20,1.0,0.8730103900195663,0.1314153532660706,0.8243251249076945,0.8730103900195663,5,0.04331140302275315,0.043102675743437846,-0.00020872727931530582,-0.00020872727931530807
388,negative_cross_entropy,10.0,3301,15,20,1.0,0.8730103900195663,0.1314153532660706,0.8243251249076945,0.8730103900195663,6,0.04432054009070384,0.044267078965469886,-5.3461125233952855e-05,-5.3461125233957734e-05
388,negative_cross_entropy,10.0,3301,15,20,1.0,0.8730103900195663,0.1314153532660706,0.8243251249076945,0.8730103900195663,7,0.039139631168566516,0.03899999642696195,-0.000139634741604569,-0.00013963474160456896
389,accuracy,10.0,3301,15,20,1.0,0.8730103900195663,0.1314153532660706,0.8243251249076945,0.8730103900195663,0,0.017833333333333343,0.02200000000000002,0.004166666666666676,0.0041666666666667004
389,accuracy,10.0,3301,15,20,1.0,0.8730103900195663,0.1314153532660706,0.8243251249076945,0.8730103900195663,1,0.02539523809523809,0.029000000000000026,0.003604761904761937,0.0036047619047619474
389,accuracy,10.0,3301,15,20,1.0,0.8730103900195663,0.1314153532660706,0.8243251249076945,0.8730103900195663,2,0.018814285714285724,0.019000000000000017,0.00018571428571429252,0.00018571428571431334
389,accuracy,10.0,3301,15,20,1.0,0.8730103900195663,0.1314153532660706,0.8243251249076945,0.8730103900195663,3,0.0195761904761905,0.026000000000000023,0.006423809523809523,0.006423809523809561
389,accuracy,10.0,3301,15,20,1.0,0.8730103900195663,0.1314153532660706,0.8243251249076945,0.8730103900195663,4,0.008366666666666658,0.01200000000000001,0.003633333333333353,0.0036333333333333634
389,accuracy,10.0,3301,15,20,1.0,0.8730103900195663,0.1314153532660706,0.8243251249076945,0.8730103900195663,5,0.023647619047619067,0.030000000000000027,0.00635238095238096,0.006352380952380995
389,accuracy,10.0,3301,15,20,1.0,0.8730103900195663,0.1314153532660706,0.8243251249076945,0.8730103900195663,6,0.006642857142857136,0.010000000000000009,0.0033571428571428728,0.0033571428571428884
389,accuracy,10.0,3301,15,20,1.0,0.8730103900195663,0.1314153532660706,0.8243251249076945,0.8730103900195663,7,0.023723809523809532,0.029000000000000026,0.005276190476190493,0.005276190476190507
390,negative_brier,10.0,3463,0,20,0.0625,1.4187205623438488,0.20972335779868626,1.3866638937022802,0.08867003514649055,0,0.0018617303177857012,0.0018617186848471357,-1.1632938565556139e-08,-1.1632938565473529e-08
390,negative_brier,10.0,3463,0,20,0.0625,1.4187205623438488,0.20972335779868626,1.3866638937022802,0.08867003514649055,1,0.0021935838628983043,0.002193543439525103,-4.0423373201276674e-08,-4.0423373201008205e-08
390,negative_brier,10.0,3463,0,20,0.0625,1.4187205623438488,0.20972335779868626,1.3866638937022802,0.08867003514649055,2,0.0018532583710531155,0.0018532319379356843,-2.643311743121858e-08,-2.6433117431530418e-08
390,negative_brier,10.0,3463,0,20,0.0625,1.4187205623438488,0.20972335779868626,1.3866638937022802,0.08867003514649055,3,0.0024231666979966024,0.002423127716955853,-3.8981040749452855e-08,-3.898104074938678e-08
390,negative_brier,10.0,3463,0,20,0.0625,1.4187205623438488,0.20972335779868626,1.3866638937022802,0.08867003514649055,4,0.001656489074020828,0.0016564459737585246,-4.310026230336904e-08,-4.310026230318937e-08
390,negative_brier,10.0,3463,0,20,0.0625,1.4187205623438488,0.20972335779868626,1.3866638937022802,0.08867003514649055,5,0.0020119929294492933,0.0020119473667923327,-4.556265696068623e-08,-4.5562656960413626e-08
390,negative_brier,10.0,3463,0,20,0.0625,1.4187205623438488,0.20972335779868626,1.3866638937022802,0.08867003514649055,6,0.0021568041582088328,0.002156784143582613,-2.001462621982128e-08,-2.001462621999063e-08
390,negative_brier,10.0,3463,0,20,0.0625,1.4187205623438488,0.20972335779868626,1.3866638937022802,0.08867003514649055,7,0.0017973710815600227,0.001797334820935803,-3.626062421960459e-08,-3.626062421977598e-08
391,negative_cross_entropy,10.0,3463,0,20,0.0625,1.4187205623438488,0.20972335779868626,1.3866638937022802,0.08867003514649055,0,0.010244107733514357,0.01024131498532288,-2.7927481914772484e-06,-2.7927481914782225e-06
391,negative_cross_entropy,10.0,3463,0,20,0.0625,1.4187205623438488,0.20972335779868626,1.3866638937022802,0.08867003514649055,1,0.012318303544130814,0.012315200285339056,-3.1032587917579485e-06,-3.103258791765332e-06
391,negative_cross_entropy,10.0,3463,0,20,0.0625,1.4187205623438488,0.20972335779868626,1.3866638937022802,0.08867003514649055,2,0.010329757626305594,0.010326980916061768,-2.776710243826766e-06,-2.776710243829987e-06
391,negative_cross_entropy,10.0,3463,0,20,0.0625,1.4187205623438488,0.20972335779868626,1.3866638937022802,0.08867003514649055,3,0.013175838794438914,0.01317251399115893,-3.3248032799849253e-06,-3.3248032799846445e-06
391,negative_cross_entropy,10.0,3463,0,20,0.0625,1.4187205623438488,0.20972335779868626,1.3866638937022802,0.08867003514649055,4,0.008734126753436601,0.008731730025972384,-2.3967274642173325e-06,-2.396727464225641e-06
391,negative_cross_entropy,10.0,3463,0,20,0.0625,1.4187205623438488,0.20972335779868626,1.3866638937022802,0.08867003514649055,5,0.011269423086737491,0.011266450934908523,-2.972151828968192e-06,-2.972151828970059e-06
391,negative_cross_entropy,10.0,3463,0,20,0.0625,1.4187205623438488,0.20972335779868626,1.3866638937022802,0.08867003514649055,6,0.012249135070638198,0.012245954355037059,-3.1807156011393056e-06,-3.1807156011349443e-06
391,negative_cross_entropy,10.0,3463,0,20,0.0625,1.4187205623438488,0.20972335779868626,1.3866638937022802,0.08867003514649055,7,0.009951646161562688,0.009948939162647719,-2.706998914969727e-06,-2.706998914973428e-06
392,accuracy,10.0,3463,0,20,0.0625,1.4187205623438488,0.20972335779868626,1.3866638937022802,0.08867003514649055,0,0.0013642857142857154,0.0010000000000000009,-0.00036428571428571456,-0.00036428571428571976
392,accuracy,10.0,3463,0,20,0.0625,1.4187205623438488,0.20972335779868626,1.3866638937022802,0.08867003514649055,1,0.0013261904761904773,0.0010000000000000009,-0.00032619047619047645,-0.0003261904761904799
392,accuracy,10.0,3463,0,20,0.0625,1.4187205623438488,0.20972335779868626,1.3866638937022802,0.08867003514649055,2,0.001211904761904763,0.0010000000000000009,-0.0002119047619047621,-0.00021190476190477425
392,accuracy,10.0,3463,0,20,0.0625,1.4187205623438488,0.20972335779868626,1.3866638937022802,0.08867003514649055,3,0.0014214285714285735,0.0010000000000000009,-0.0004214285714285726,-0.00042142857142857953
392,accuracy,10.0,3463,0,20,0.0625,1.4187205623438488,0.20972335779868626,1.3866638937022802,0.08867003514649055,4,0.000983333333333336,0.0010000000000000009,1.666666666666483e-05,1.6666666666657892e-05
392,accuracy,10.0,3463,0,20,0.0625,1.4187205623438488,0.20972335779868626,1.3866638937022802,0.08867003514649055,5,0.0011738095238095249,0.0010000000000000009,-0.000173809523809524,-0.00017380952380952747
392,accuracy,10.0,3463,0,20,0.0625,1.4187205623438488,0.20972335779868626,1.3866638937022802,0.08867003514649055,6,0.0013642857142857154,0.0010000000000000009,-0.00036428571428571456,-0.00036428571428571976
392,accuracy,10.0,3463,0,20,0.0625,1.4187205623438488,0.20972335779868626,1.3866638937022802,0.08867003514649055,7,0.001154761904761905,0.0010000000000000009,-0.00015476190476190407,-0.00015476190476190754
393,negative_brier,10.0,3463,0,20,0.125,1.4187205623438488,0.20972335779868626,1.3866638937022802,0.1773400702929811,0,0.003833323602366471,0.0038323606074427974,-9.629949236735803e-07,-9.629949236749144e-07
393,negative_brier,10.0,3463,0,20,0.125,1.4187205623438488,0.20972335779868626,1.3866638937022802,0.1773400702929811,1,0.004504634108529572,0.004503408862653047,-1.2252458765254007e-06,-1.2252458765197423e-06
393,negative_brier,10.0,3463,0,20,0.125,1.4187205623438488,0.20972335779868626,1.3866638937022802,0.1773400702929811,2,0.003811917519110196,0.0038108536811984894,-1.0638379117065312e-06,-1.0638379117084934e-06
393,negative_brier,10.0,3463,0,20,0.125,1.4187205623438488,0.20972335779868626,1.3866638937022802,0.1773400702929811,3,0.004988187784727378,0.004986815456210492,-1.3723285168867894e-06,-1.3723285168823621e-06
393,negative_brier,10.0,3463,0,20,0.125,1.4187205623438488,0.20972335779868626,1.3866638937022802,0.1773400702929811,4,0.0034040844726738596,0.0034029414463404573,-1.1430263334023631e-06,-1.1430263334049116e-06
393,negative_brier,10.0,3463,0,20,0.125,1.4187205623438488,0.20972335779868626,1.3866638937022802,0.1773400702929811,5,0.004136662060987197,0.0041354263894851084,-1.235671502088781e-06,-1.235671502083131e-06
393,negative_brier,10.0,3463,0,20,0.125,1.4187205623438488,0.20972335779868626,1.3866638937022802,0.1773400702929811,6,0.0044362910628074495,0.004435187532182083,-1.1035306253662572e-06,-1.1035306253585172e-06
393,negative_brier,10.0,3463,0,20,0.125,1.4187205623438488,0.20972335779868626,1.3866638937022802,0.1773400702929811,7,0.0036915810707901925,0.0036904939762512634,-1.0870945389290787e-06,-1.087094538930665e-06
394,negative_cross_entropy,10.0,3463,0,20,0.125,1.4187205623438488,0.20972335779868626,1.3866638937022802,0.1773400702929811,0,0.02034350865761151,0.020320812572357738,-2.2696085253771925e-05,-2.269608525377688e-05
394,negative_cross_entropy,10.0,3463,0,20,0.125,1.4187205623438488,0.20972335779868626,1.3866638937022802,0.1773400702929811,1,0.024451863904157167,0.02442673906703452,-2.5124837122646876e-05,-2.5124837122649146e-05
394,negative_cross_entropy,10.0,3463,0,20,0.125,1.4187205623438488,0.20972335779868626,1.3866638937022802,0.1773400702929811,2,0.0204988344627973,0.020476334553752196,-2.2499909045105293e-05,-2.249990904510654e-05
394,negative_cross_entropy,10.0,3463,0,20,0.125,1.4187205623438488,0.20972335779868626,1.3866638937022802,0.1773400702929811,3,0.026154615224833144,0.026127643958574476,-2.6971266258668525e-05,-2.6971266258659e-05
394,negative_cross_entropy,10.0,3463,0,20,0.125,1.4187205623438488,0.20972335779868626,1.3866638937022802,0.1773400702929811,4,0.017323372218237074,0.01730399712150099,-1.937509673608298e-05,-1.937509673608559e-05
394,negative_cross_entropy,10.0,3463,0,20,0.125,1.4187205623438488,0.20972335779868626,1.3866638937022802,0.1773400702929811,5,0.022370897539986456,0.022346829071168584,-2.406846881787203e-05,-2.406846881786743e-05
394,negative_cross_entropy,10.0,3463,0,20,0.125,1.4187205623438488,0.20972335779868626,1.3866638937022802,0.1773400702929811,6,0.024317203170571976,0.024291394456928517,-2.580871364345899e-05,-2.580871364345984e-05
394,negative_cross_entropy,10.0,3463,0,20,0.125,1.4187205623438488,0.20972335779868626,1.3866638937022802,0.1773400702929811,7,0.01975748209215252,0.019735551352559222,-2.1930739593299664e-05,-2.193073959330528e-05
395,accuracy,10.0,3463,0,20,0.125,1.4187205623438488,0.20972335779868626,1.3866638937022802,0.1773400702929811,0,0.003876190476190478,0.006999999999999999,0.0031238095238095213,0.0031238095238095356
395,accuracy,10.0,3463,0,20,0.125,1.4187205623438488,0.20972335779868626,1.3866638937022802,0.1773400702929811,1,0.0041809523809523816,0.008,0.0038190476190476186,0.003819047619047637
395,accuracy,10.0,3463,0,20,0.125,1.4187205623438488,0.20972335779868626,1.3866638937022802,0.1773400702929811,2,0.0036714285714285746,0.005999999999999998,0.0023285714285714238,0.0023285714285714437
395,accuracy,10.0,3463,0,20,0.125,1.4187205623438488,0.20972335779868626,1.3866638937022802,0.1773400702929811,3,0.004909523809523812,0.009000000000000001,0.004090476190476189,0.0040904761904762155
395,accuracy,10.0,3463,0,20,0.125,1.4187205623438488,0.20972335779868626,1.3866638937022802,0.1773400702929811,4,0.0032666666666666703,0.005999999999999998,0.002733333333333328,0.0027333333333333446
395,accuracy,10.0,3463,0,20,0.125,1.4187205623438488,0.20972335779868626,1.3866638937022802,0.1773400702929811,5,0.004352380952380957,0.009000000000000001,0.004647619047619044,0.004647619047619067
395,accuracy,10.0,3463,0,20,0.125,1.4187205623438488,0.20972335779868626,1.3866638937022802,0.1773400702929811,6,0.004195238095238098,0.008,0.003804761904761902,0.003804761904761922
395,accuracy,10.0,3463,0,20,0.125,1.4187205623438488,0.20972335779868626,1.3866638937022802,0.1773400702929811,7,0.0035476190476190503,0.006999999999999999,0.003452380952380949,0.0034523809523809637
396,negative_brier,10.0,3463,0,20,0.25,1.4187205623438488,0.20972335779868626,1.3866638937022802,0.3546801405859622,0,0.008083661569698449,0.008059013334786369,-2.464823491207975e-05,-2.46482349120796e-05
396,negative_brier,10.0,3463,0,20,0.25,1.4187205623438488,0.20972335779868626,1.3866638937022802,0.3546801405859622,1,0.009453067710300576,0.009425822788635962,-2.7244921664613606e-05,-2.7244921664612955e-05
396,negative_brier,10.0,3463,0,20,0.25,1.4187205623438488,0.20972335779868626,1.3866638937022802,0.3546801405859622,2,0.008022147817337556,0.007997056149596449,-2.5091667741106854e-05,-2.5091667741113566e-05
396,negative_brier,10.0,3463,0,20,0.25,1.4187205623438488,0.20972335779868626,1.3866638937022802,0.3546801405859622,3,0.010512825921118355,0.01048132979273736,-3.149612838099572e-05,-3.149612838099674e-05
396,negative_brier,10.0,3463,0,20,0.25,1.4187205623438488,0.20972335779868626,1.3866638937022802,0.3546801405859622,4,0.007149554131784238,0.007125015974916604,-2.453815686763363e-05,-2.4538156867630405e-05
396,negative_brier,10.0,3463,0,20,0.25,1.4187205623438488,0.20972335779868626,1.3866638937022802,0.3546801405859622,5,0.008698501544166405,0.008671768374664268,-2.673316950213729e-05,-2.6733169502132375e-05
396,negative_brier,10.0,3463,0,20,0.25,1.4187205623438488,0.20972335779868626,1.3866638937022802,0.3546801405859622,6,0.009337985816696894,0.00931076248019469,-2.7223336502204404e-05,-2.722333650221369e-05
396,negative_brier,10.0,3463,0,20,0.25,1.4187205623438488,0.20972335779868626,1.3866638937022802,0.3546801405859622,7,0.007748300977670505,0.007724237104597298,-2.4063873073206996e-05,-2.4063873073203248e-05
397,negative_cross_entropy,10.0,3463,0,20,0.25,1.4187205623438488,0.20972335779868626,1.3866638937022802,0.3546801405859622,0,0.03989736066797536,0.039712838564123,-0.00018452210385236367,-0.0001845221038523619
397,negative_cross_entropy,10.0,3463,0,20,0.25,1.4187205623438488,0.20972335779868626,1.3866638937022802,0.3546801405859622,1,0.04792505656474846,0.04772228941525447,-0.00020276714949398617,-0.00020276714949397652
397,negative_cross_entropy,10.0,3463,0,20,0.25,1.4187205623438488,0.20972335779868626,1.3866638937022802,0.3546801405859622,2,0.04014750022241737,0.03996561493120354,-0.0001818852912138305,-0.00018188529121381945
397,negative_cross_entropy,10.0,3463,0,20,0.25,1.4187205623438488,0.20972335779868626,1.3866638937022802,0.3546801405859622,3,0.05125603147513323,0.05103758279801829,-0.00021844867711494353,-0.0002184486771149347
397,negative_cross_entropy,10.0,3463,0,20,0.25,1.4187205623438488,0.20972335779868626,1.3866638937022802,0.3546801405859622,4,0.03389502759222394,0.033739290608670425,-0.000155736983553513,-0.00015573698355347316
397,negative_cross_entropy,10.0,3463,0,20,0.25,1.4187205623438488,0.20972335779868626,1.3866638937022802,0.3546801405859622,5,0.04384270009242674,0.04364841281016685,-0.0001942872822598904,-0.00019428728225988207
397,negative_cross_entropy,10.0,3463,0,20,0.25,1.4187205623438488,0.20972335779868626,1.3866638937022802,0.3546801405859622,6,0.04766077235977935,0.047451512541187624,-0.0002092598185917255,-0.00020925981859172015
397,negative_cross_entropy,10.0,3463,0,20,0.25,1.4187205623438488,0.20972335779868626,1.3866638937022802,0.3546801405859622,7,0.03873053467155047,0.038553385522188455,-0.00017714914936201726,-0.00017714914936201246
398,accuracy,10.0,3463,0,20,0.25,1.4187205623438488,0.20972335779868626,1.3866638937022802,0.3546801405859622,0,0.016180952380952393,0.013999999999999999,-0.0021809523809523945,-0.0021809523809523113
398,accuracy,10.0,3463,0,20,0.25,1.4187205623438488,0.20972335779868626,1.3866638937022802,0.3546801405859622,1,0.016061904761904756,0.011999999999999997,-0.00406190476190476,-0.004061904761904683
398,accuracy,10.0,3463,0,20,0.25,1.4187205623438488,0.20972335779868626,1.3866638937022802,0.3546801405859622,2,0.014933333333333347,0.012999999999999998,-0.0019333333333333494,-0.0019333333333332592
398,accuracy,10.0,3463,0,20,0.25,1.4187205623438488,0.20972335779868626,1.3866638937022802,0.3546801405859622,3,0.020700000000000003,0.016,-0.004700000000000003,-0.0046999999999999265
398,accuracy,10.0,3463,0,20,0.25,1.4187205623438488,0.20972335779868626,1.3866638937022802,0.3546801405859622,4,0.015233333333333356,0.012999999999999998,-0.002233333333333358,-0.002233333333333254
398,accuracy,10.0,3463,0,20,0.25,1.4187205623438488,0.20972335779868626,1.3866638937022802,0.3546801405859622,5,0.015547619047619046,0.011999999999999997,-0.0035476190476190494,-0.003547619047618966
398,accuracy,10.0,3463,0,20,0.25,1.4187205623438488,0.20972335779868626,1.3866638937022802,0.3546801405859622,6,0.017042857142857144,0.013999999999999999,-0.0030428571428571458,-0.0030428571428570694
398,accuracy,10.0,3463,0,20,0.25,1.4187205623438488,0.20972335779868626,1.3866638937022802,0.3546801405859622,7,0.0143,0.013999999999999999,-0.00030000000000000165,-0.0002999999999999392
399,negative_brier,10.0,3463,0,20,0.5,1.4187205623438488,0.20972335779868626,1.3866638937022802,0.7093602811719244,0,0.017353379688889923,0.01686101606382523,-0.0004923636250646936,-0.0004923636250646666
399,negative_brier,10.0,3463,0,20,0.5,1.4187205623438488,0.20972335779868626,1.3866638937022802,0.7093602811719244,1,0.02016172707049536,0.01964284471751887,-0.0005188823529764901,-0.0005188823529764715
399,negative_brier,10.0,3463,0,20,0.5,1.4187205623438488,0.20972335779868626,1.3866638937022802,0.7093602811719244,2,0.01715799902458826,0.01667026191846227,-0.00048773710612598845,-0.0004877371061259639
399,negative_brier,10.0,3463,0,20,0.5,1.4187205623438488,0.20972335779868626,1.3866638937022802,0.7093602811719244,3,0.022542416762482458,0.021935671347620422,-0.0006067454148620359,-0.0006067454148620194
399,negative_brier,10.0,3463,0,20,0.5,1.4187205623438488,0.20972335779868626,1.3866638937022802,0.7093602811719244,4,0.01521574699538561,0.014758705914919235,-0.00045704108046637493,-0.0004570410804663788
399,negative_brier,10.0,3463,0,20,0.5,1.4187205623438488,0.20972335779868626,1.3866638937022802,0.7093602811719244,5,0.018595726013750674,0.018092413759283776,-0.0005033122544668978,-0.0005033122544668749
399,negative_brier,10.0,3463,0,20,0.5,1.4187205623438488,0.20972335779868626,1.3866638937022802,0.7093602811719244,6,0.019999510695130826,0.019460144340438745,-0.0005393663546920807,-0.0005393663546920577
399,negative_brier,10.0,3463,0,20,0.5,1.4187205623438488,0.20972335779868626,1.3866638937022802,0.7093602811719244,7,0.016514104732604302,0.016058926759327408,-0.00045517797327689416,-0.0004551779732768809
400,negative_cross_entropy,10.0,3463,0,20,0.5,1.4187205623438488,0.20972335779868626,1.3866638937022802,0.7093602811719244,0,0.0749888337098223,0.0735963579339658,-0.0013924757758565082,-0.0013924757758564817
400,negative_cross_entropy,10.0,3463,0,20,0.5,1.4187205623438488,0.20972335779868626,1.3866638937022802,0.7093602811719244,1,0.09008855742007206,0.0885786151455018,-0.0015099422745702556,-0.0015099422745702559
400,negative_cross_entropy,10.0,3463,0,20,0.5,1.4187205623438488,0.20972335779868626,1.3866638937022802,0.7093602811719244,2,0.07529312143424992,0.07393603871540733,-0.0013570827188425921,-0.0013570827188425804
400,negative_cross_entropy,10.0,3463,0,20,0.5,1.4187205623438488,0.20972335779868626,1.3866638937022802,0.7093602811719244,3,0.09624399217358584,0.09460955698215934,-0.0016344351914265032,-0.001634435191426442
400,negative_cross_entropy,10.0,3463,0,20,0.5,1.4187205623438488,0.20972335779868626,1.3866638937022802,0.7093602811719244,4,0.0634743944507092,0.06233176062784185,-0.0011426338228673477,-0.001142633822867317
400,negative_cross_entropy,10.0,3463,0,20,0.5,1.4187205623438488,0.20972335779868626,1.3866638937022802,0.7093602811719244,5,0.08233801713834088,0.08089243423829617,-0.0014455829000447062,-0.0014455829000446854
400,negative_cross_entropy,10.0,3463,0,20,0.5,1.4187205623438488,0.20972335779868626,1.3866638937022802,0.7093602811719244,6,0.08948475043583184,0.08791074783708364,-0.0015740025987482087,-0.001574002598748161
400,negative_cross_entropy,10.0,3463,0,20,0.5,1.4187205623438488,0.20972335779868626,1.3866638937022802,0.7093602811719244,7,0.07277319922751406,0.07145478552078444,-0.0013184137067296237,-0.0013184137067295892
401,accuracy,10.0,3463,0,20,0.5,1.4187205623438488,0.20972335779868626,1.3866638937022802,0.7093602811719244,0,0.03524523809523808,0.02100000000000002,-0.01424523809523806,-0.014245238095238241
401,accuracy,10.0,3463,0,20,0.5,1.4187205623438488,0.20972335779868626,1.3866638937022802,0.7093602811719244,1,0.037588095238095254,0.018000000000000016,-0.019588095238095238,-0.019588095238095377
401,accuracy,10.0,3463,0,20,0.5,1.4187205623438488,0.20972335779868626,1.3866638937022802,0.7093602811719244,2,0.030973809523809487,0.015000000000000013,-0.015973809523809473,-0.01597380952380964
401,accuracy,10.0,3463,0,20,0.5,1.4187205623438488,0.20972335779868626,1.3866638937022802,0.7093602811719244,3,0.048178571428571404,0.026000000000000023,-0.02217857142857138,-0.022178571428571575
401,accuracy,10.0,3463,0,20,0.5,1.4187205623438488,0.20972335779868626,1.3866638937022802,0.7093602811719244,4,0.030630952380952384,0.017000000000000015,-0.013630952380952369,-0.013630952380952549
401,accuracy,10.0,3463,0,20,0.5,1.4187205623438488,0.20972335779868626,1.3866638937022802,0.7093602811719244,5,0.036064285714285715,0.019000000000000017,-0.0170642857142857,-0.017064285714285837
401,accuracy,10.0,3463,0,20,0.5,1.4187205623438488,0.20972335779868626,1.3866638937022802,0.7093602811719244,6,0.037630952380952376,0.02100000000000002,-0.016630952380952357,-0.016630952380952524
401,accuracy,10.0,3463,0,20,0.5,1.4187205623438488,0.20972335779868626,1.3866638937022802,0.7093602811719244,7,0.03168809523809525,0.017000000000000015,-0.014688095238095236,-0.014688095238095333
402,negative_brier,10.0,3463,0,20,1.0,1.4187205623438488,0.20972335779868626,1.3866638937022802,1.4187205623438488,0,0.03322690493633247,0.028198718265304956,-0.005028186671027515,-0.005028186671027489
402,negative_brier,10.0,3463,0,20,1.0,1.4187205623438488,0.20972335779868626,1.3866638937022802,1.4187205623438488,1,0.0387838603918631,0.03354970740386076,-0.0052341529880023385,-0.005234152988002311
402,negative_brier,10.0,3463,0,20,1.0,1.4187205623438488,0.20972335779868626,1.3866638937022802,1.4187205623438488,2,0.03273427422842019,0.027865244400169464,-0.004869029828250729,-0.004869029828250709
402,negative_brier,10.0,3463,0,20,1.0,1.4187205623438488,0.20972335779868626,1.3866638937022802,1.4187205623438488,3,0.043182237698543534,0.03714190653189359,-0.006040331166649947,-0.0060403311666499425
402,negative_brier,10.0,3463,0,20,1.0,1.4187205623438488,0.20972335779868626,1.3866638937022802,1.4187205623438488,4,0.028741168561404688,0.02443031610211749,-0.004310852459287199,-0.004310852459287214
402,negative_brier,10.0,3463,0,20,1.0,1.4187205623438488,0.20972335779868626,1.3866638937022802,1.4187205623438488,5,0.03574064817661353,0.030744007736468904,-0.004996640440144626,-0.004996640440144617
402,negative_brier,10.0,3463,0,20,1.0,1.4187205623438488,0.20972335779868626,1.3866638937022802,1.4187205623438488,6,0.0382861315550508,0.032734255998996487,-0.0055518755560543115,-0.005551875556054296
402,negative_brier,10.0,3463,0,20,1.0,1.4187205623438488,0.20972335779868626,1.3866638937022802,1.4187205623438488,7,0.031588469596259265,0.0270659653393297,-0.0045225042569295645,-0.004522504256929559
403,negative_cross_entropy,10.0,3463,0,20,1.0,1.4187205623438488,0.20972335779868626,1.3866638937022802,1.4187205623438488,0,0.1221267796736748,0.11646020544828761,-0.005666574225387189,-0.005666574225387153
403,negative_cross_entropy,10.0,3463,0,20,1.0,1.4187205623438488,0.20972335779868626,1.3866638937022802,1.4187205623438488,1,0.1476387399547172,0.1416539587540605,-0.005984781200656708,-0.00598478120065666
403,negative_cross_entropy,10.0,3463,0,20,1.0,1.4187205623438488,0.20972335779868626,1.3866638937022802,1.4187205623438488,2,0.12245099413922009,0.11710884127669008,-0.0053421528625300085,-0.005342152862530048
403,negative_cross_entropy,10.0,3463,0,20,1.0,1.4187205623438488,0.20972335779868626,1.3866638937022802,1.4187205623438488,3,0.156793440932403,0.1503969786917685,-0.006396462240634504,-0.0063964622406344
403,negative_cross_entropy,10.0,3463,0,20,1.0,1.4187205623438488,0.20972335779868626,1.3866638937022802,1.4187205623438488,4,0.10346715879191454,0.09929413409322829,-0.004173024698686245,-0.004173024698686334
403,negative_cross_entropy,10.0,3463,0,20,1.0,1.4187205623438488,0.20972335779868626,1.3866638937022802,1.4187205623438488,5,0.13436851548930784,0.12870951291627974,-0.0056590025730280935,-0.005659002573028025
403,negative_cross_entropy,10.0,3463,0,20,1.0,1.4187205623438488,0.20972335779868626,1.3866638937022802,1.4187205623438488,6,0.14535908944034978,0.13895929465162415,-0.006399794788725627,-0.006399794788725578
403,negative_cross_entropy,10.0,3463,0,20,1.0,1.4187205623438488,0.20972335779868626,1.3866638937022802,1.4187205623438488,7,0.11895521059879753,0.11378433772376373,-0.005170872875033802,-0.005170872875033754
404,accuracy,10.0,3463,0,20,1.0,1.4187205623438488,0.20972335779868626,1.3866638937022802,1.4187205623438488,0,0.05569523809523815,0.032000000000000015,-0.023695238095238137,-0.023695238095238207
404,accuracy,10.0,3463,0,20,1.0,1.4187205623438488,0.20972335779868626,1.3866638937022802,1.4187205623438488,1,0.06351428571428572,0.033000000000000015,-0.030514285714285702,-0.03051428571428577
404,accuracy,10.0,3463,0,20,1.0,1.4187205623438488,0.20972335779868626,1.3866638937022802,1.4187205623438488,2,0.04881904761904759,0.01900000000000001,-0.02981904761904758,-0.029819047619047717
404,accuracy,10.0,3463,0,20,1.0,1.4187205623438488,0.20972335779868626,1.3866638937022802,1.4187205623438488,3,0.06614285714285711,0.03900000000000002,-0.027142857142857094,-0.027142857142857246
404,accuracy,10.0,3463,0,20,1.0,1.4187205623438488,0.20972335779868626,1.3866638937022802,1.4187205623438488,4,0.041895238095238076,0.015000000000000006,-0.02689523809523807,-0.026895238095238222
404,accuracy,10.0,3463,0,20,1.0,1.4187205623438488,0.20972335779868626,1.3866638937022802,1.4187205623438488,5,0.056357142857142904,0.026000000000000016,-0.030357142857142888,-0.030357142857143
404,accuracy,10.0,3463,0,20,1.0,1.4187205623438488,0.20972335779868626,1.3866638937022802,1.4187205623438488,6,0.06264285714285717,0.034000000000000016,-0.02864285714285715,-0.02864285714285722
404,accuracy,10.0,3463,0,20,1.0,1.4187205623438488,0.20972335779868626,1.3866638937022802,1.4187205623438488,7,0.052933333333333325,0.02900000000000002,-0.023933333333333306,-0.023933333333333418
405,negative_brier,10.0,3463,15,20,0.0625,0.8650920508259079,0.12746095261041449,0.8309590627067673,0.054068253176619244,0,0.001068113697915006,0.0010680107131950667,-1.0298471993935854e-07,-1.029847199391603e-07
405,negative_brier,10.0,3463,15,20,0.0625,0.8650920508259079,0.12746095261041449,0.8309590627067673,0.054068253176619244,1,0.0012712327896419148,0.0012711167739468676,-1.1601569504713326e-07,-1.1601569504764749e-07
405,negative_brier,10.0,3463,15,20,0.0625,0.8650920508259079,0.12746095261041449,0.8309590627067673,0.054068253176619244,2,0.0010448104815377153,0.001044711227722539,-9.925381517627424e-08,-9.925381517677819e-08
405,negative_brier,10.0,3463,15,20,0.0625,0.8650920508259079,0.12746095261041449,0.8309590627067673,0.054068253176619244,3,0.0013808071096815455,0.001380693360265417,-1.1374941612848216e-07,-1.137494161286226e-07
405,negative_brier,10.0,3463,15,20,0.0625,0.8650920508259079,0.12746095261041449,0.8309590627067673,0.054068253176619244,4,0.0009198690317049107,0.0009197867527696579,-8.227893525281516e-08,-8.227893525286373e-08
405,negative_brier,10.0,3463,15,20,0.0625,0.8650920508259079,0.12746095261041449,0.8309590627067673,0.054068253176619244,5,0.0011724289052398324,0.0011723247105284162,-1.0419471141616399e-07,-1.0419471141627967e-07
405,negative_brier,10.0,3463,15,20,0.0625,0.8650920508259079,0.12746095261041449,0.8309590627067673,0.054068253176619244,6,0.0012019056207578033,0.0012017957059816675,-1.099147761357902e-07,-1.0991477613604634e-07
405,negative_brier,10.0,3463,15,20,0.0625,0.8650920508259079,0.12746095261041449,0.8309590627067673,0.054068253176619244,7,0.0010393645354768236,0.001039267880970307,-9.665450651646923e-08,-9.665450651693186e-08
406,negative_cross_entropy,10.0,3463,15,20,0.0625,0.8650920508259079,0.12746095261041449,0.8309590627067673,0.054068253176619244,0,0.002894914925497379,0.0028948246676420153,-9.025785536369638e-08,-9.025785536213925e-08
406,negative_cross_entropy,10.0,3463,15,20,0.0625,0.8650920508259079,0.12746095261041449,0.8309590627067673,0.054068253176619244,1,0.0036418500231430234,0.0036417392447503083,-1.1077839271508155e-07,-1.107783927156185e-07
406,negative_cross_entropy,10.0,3463,15,20,0.0625,0.8650920508259079,0.12746095261041449,0.8309590627067673,0.054068253176619244,2,0.0029092539492901635,0.0029091673547509966,-8.659453916686627e-08,-8.659453916571806e-08
406,negative_cross_entropy,10.0,3463,15,20,0.0625,0.8650920508259079,0.12746095261041449,0.8309590627067673,0.054068253176619244,3,0.003754002828087313,0.003753904358529625,-9.84695576878962e-08,-9.846955768714034e-08
406,negative_cross_entropy,10.0,3463,15,20,0.0625,0.8650920508259079,0.12746095261041449,0.8309590627067673,0.054068253176619244,4,0.0025126723938429106,0.0025126001535886733,-7.224025423734418e-08,-7.2240254237307e-08
406,negative_cross_entropy,10.0,3463,15,20,0.0625,0.8650920508259079,0.12746095261041449,0.8309590627067673,0.054068253176619244,5,0.0032296432283138907,0.003229546824260021,-9.640405386956638e-08,-9.640405386889312e-08
406,negative_cross_entropy,10.0,3463,15,20,0.0625,0.8650920508259079,0.12746095261041449,0.8309590627067673,0.054068253176619244,6,0.0033719801655347657,0.003371884693630034,-9.547190473174066e-08,-9.547190473112113e-08
406,negative_cross_entropy,10.0,3463,15,20,0.0625,0.8650920508259079,0.12746095261041449,0.8309590627067673,0.054068253176619244,7,0.0029145344335733065,0.0029144444793899327,-8.995418337379851e-08,-8.995418337458324e-08
407,accuracy,10.0,3463,15,20,0.0625,0.8650920508259079,0.12746095261041449,0.8309590627067673,0.054068253176619244,0,0.0013023809523809546,0.0,-0.0013023809523809546,-0.0013023809523809542
407,accuracy,10.0,3463,15,20,0.0625,0.8650920508259079,0.12746095261041449,0.8309590627067673,0.054068253176619244,1,0.0010976190476190482,0.0,-0.0010976190476190482,-0.0010976190476190448
407,accuracy,10.0,3463,15,20,0.0625,0.8650920508259079,0.12746095261041449,0.8309590627067673,0.054068253176619244,2,0.0008214285714285715,0.0,-0.0008214285714285715,-0.0008214285714285667
407,accuracy,10.0,3463,15,20,0.0625,0.8650920508259079,0.12746095261041449,0.8309590627067673,0.054068253176619244,3,0.000997619047619048,0.0,-0.000997619047619048,-0.0009976190476190467
407,accuracy,10.0,3463,15,20,0.0625,0.8650920508259079,0.12746095261041449,0.8309590627067673,0.054068253176619244,4,0.0007880952380952379,0.0,-0.0007880952380952379,-0.0007880952380952396
407,accuracy,10.0,3463,15,20,0.0625,0.8650920508259079,0.12746095261041449,0.8309590627067673,0.054068253176619244,5,0.0007214285714285716,-0.0010000000000000009,-0.0017214285714285725,-0.0017214285714285647
407,accuracy,10.0,3463,15,20,0.0625,0.8650920508259079,0.12746095261041449,0.8309590627067673,0.054068253176619244,6,0.0012404761904761907,0.0,-0.0012404761904761907,-0.001240476190476186
407,accuracy,10.0,3463,15,20,0.0625,0.8650920508259079,0.12746095261041449,0.8309590627067673,0.054068253176619244,7,0.0010309523809523828,0.0,-0.0010309523809523828,-0.0010309523809523772
408,negative_brier,10.0,3463,15,20,0.125,0.8650920508259079,0.12746095261041449,0.8309590627067673,0.10813650635323849,0,0.0021291508637196004,0.0021283198835980732,-8.309801215271827e-07,-8.309801215281946e-07
408,negative_brier,10.0,3463,15,20,0.125,0.8650920508259079,0.12746095261041449,0.8309590627067673,0.10813650635323849,1,0.0025404591421980495,0.0025395178102874394,-9.413319106100701e-07,-9.413319106101777e-07
408,negative_brier,10.0,3463,15,20,0.125,0.8650920508259079,0.12746095261041449,0.8309590627067673,0.10813650635323849,2,0.002084120759480316,0.002083319319606425,-8.014398738911445e-07,-8.014398738912891e-07
408,negative_brier,10.0,3463,15,20,0.125,0.8650920508259079,0.12746095261041449,0.8309590627067673,0.10813650635323849,3,0.002753417935891963,0.002752501825417808,-9.161104741551088e-07,-9.161104741549687e-07
408,negative_brier,10.0,3463,15,20,0.125,0.8650920508259079,0.12746095261041449,0.8309590627067673,0.10813650635323849,4,0.0018345573234310158,0.0018338953557959226,-6.619676350932534e-07,-6.619676350929007e-07
408,negative_brier,10.0,3463,15,20,0.125,0.8650920508259079,0.12746095261041449,0.8309590627067673,0.10813650635323849,5,0.0023420365754970897,0.002341192557479832,-8.440180172576695e-07,-8.440180172579009e-07
408,negative_brier,10.0,3463,15,20,0.125,0.8650920508259079,0.12746095261041449,0.8309590627067673,0.10813650635323849,6,0.0023964592504157303,0.002395571898318294,-8.873520974364731e-07,-8.873520974368657e-07
408,negative_brier,10.0,3463,15,20,0.125,0.8650920508259079,0.12746095261041449,0.8309590627067673,0.10813650635323849,7,0.0020758187905722627,0.002075036623248483,-7.821673237797845e-07,-7.821673237786075e-07
409,negative_cross_entropy,10.0,3463,15,20,0.125,0.8650920508259079,0.12746095261041449,0.8309590627067673,0.10813650635323849,0,0.005725725146513125,0.005725033244107891,-6.91902405233584e-07,-6.919024052299245e-07
409,negative_cross_entropy,10.0,3463,15,20,0.125,0.8650920508259079,0.12746095261041449,0.8309590627067673,0.10813650635323849,1,0.007211795362029979,0.007210940866924309,-8.544951056697891e-07,-8.544951056645353e-07
409,negative_cross_entropy,10.0,3463,15,20,0.125,0.8650920508259079,0.12746095261041449,0.8309590627067673,0.10813650635323849,2,0.005755416190890977,0.005754752368141602,-6.638227493744112e-07,-6.638227493701733e-07
409,negative_cross_entropy,10.0,3463,15,20,0.125,0.8650920508259079,0.12746095261041449,0.8309590627067673,0.10813650635323849,3,0.007428308720996109,0.007427555911081241,-7.528099148683756e-07,-7.528099148662858e-07
409,negative_cross_entropy,10.0,3463,15,20,0.125,0.8650920508259079,0.12746095261041449,0.8309590627067673,0.10813650635323849,4,0.004977454054338485,0.004976899612592844,-5.544417456407671e-07,-5.544417456384461e-07
409,negative_cross_entropy,10.0,3463,15,20,0.125,0.8650920508259079,0.12746095261041449,0.8309590627067673,0.10813650635323849,5,0.00639348612466167,0.006392743884549912,-7.422401117583577e-07,-7.42240111757862e-07
409,negative_cross_entropy,10.0,3463,15,20,0.125,0.8650920508259079,0.12746095261041449,0.8309590627067673,0.10813650635323849,6,0.006666208522359072,0.006665478062939045,-7.30459420026329e-07,-7.304594200240906e-07
409,negative_cross_entropy,10.0,3463,15,20,0.125,0.8650920508259079,0.12746095261041449,0.8309590627067673,0.10813650635323849,7,0.0057696576140841655,0.0057689661662464475,-6.914478377180108e-07,-6.91447837714021e-07
410,accuracy,10.0,3463,15,20,0.125,0.8650920508259079,0.12746095261041449,0.8309590627067673,0.10813650635323849,0,0.00331904761904762,0.006000000000000005,0.0026809523809523854,0.0026809523809523915
410,accuracy,10.0,3463,15,20,0.125,0.8650920508259079,0.12746095261041449,0.8309590627067673,0.10813650635323849,1,0.0043190476190476225,0.0050000000000000044,0.0006809523809523819,0.000680952380952388
410,accuracy,10.0,3463,15,20,0.125,0.8650920508259079,0.12746095261041449,0.8309590627067673,0.10813650635323849,2,0.003419047619047622,0.0040000000000000036,0.0005809523809523817,0.0005809523809523921
410,accuracy,10.0,3463,15,20,0.125,0.8650920508259079,0.12746095261041449,0.8309590627067673,0.10813650635323849,3,0.0034999999999999996,0.0040000000000000036,0.0005000000000000039,0.0005000000000000091
410,accuracy,10.0,3463,15,20,0.125,0.8650920508259079,0.12746095261041449,0.8309590627067673,0.10813650635323849,4,0.00170952380952381,0.0030000000000000027,0.0012904761904761926,0.0012904761904762013
410,accuracy,10.0,3463,15,20,0.125,0.8650920508259079,0.12746095261041449,0.8309590627067673,0.10813650635323849,5,0.0037380952380952383,0.0040000000000000036,0.0002619047619047653,0.00026190476190477395
410,accuracy,10.0,3463,15,20,0.125,0.8650920508259079,0.12746095261041449,0.8309590627067673,0.10813650635323849,6,0.004328571428571433,0.006000000000000005,0.001671428571428572,0.0016714285714285841
410,accuracy,10.0,3463,15,20,0.125,0.8650920508259079,0.12746095261041449,0.8309590627067673,0.10813650635323849,7,0.0036666666666666653,0.006000000000000005,0.00233333333333334,0.0023333333333333452
411,negative_brier,10.0,3463,15,20,0.25,0.8650920508259079,0.12746095261041449,0.8309590627067673,0.21627301270647697,0,0.004221816327251042,0.004215104334697128,-6.711992553913582e-06,-6.711992553911268e-06
411,negative_brier,10.0,3463,15,20,0.25,0.8650920508259079,0.12746095261041449,0.8309590627067673,0.21627301270647697,1,0.0050633260164149995,0.005055640435071673,-7.68558134332624e-06,-7.68558134332652e-06
411,negative_brier,10.0,3463,15,20,0.25,0.8650920508259079,0.12746095261041449,0.8309590627067673,0.21627301270647697,2,0.004138545801939208,0.004132062289675387,-6.483512263821475e-06,-6.483512263819708e-06
411,negative_brier,10.0,3463,15,20,0.25,0.8650920508259079,0.12746095261041449,0.8309590627067673,0.21627301270647697,3,0.00546486751984327,0.005457491965120076,-7.375554723194032e-06,-7.375554723192452e-06
411,negative_brier,10.0,3463,15,20,0.25,0.8650920508259079,0.12746095261041449,0.8309590627067673,0.21627301270647697,4,0.003642153945413394,0.0036368376044241812,-5.316340989212562e-06,-5.3163409892140306e-06
411,negative_brier,10.0,3463,15,20,0.25,0.8650920508259079,0.12746095261041449,0.8309590627067673,0.21627301270647697,5,0.004664236503923229,0.00465736279415202,-6.873709771208943e-06,-6.873709771210158e-06
411,negative_brier,10.0,3463,15,20,0.25,0.8650920508259079,0.12746095261041449,0.8309590627067673,0.21627301270647697,6,0.004754540455838399,0.00474736343551152,-7.177020326878773e-06,-7.177020326878022e-06
411,negative_brier,10.0,3463,15,20,0.25,0.8650920508259079,0.12746095261041449,0.8309590627067673,0.21627301270647697,7,0.004132256972876485,0.004125904882278542,-6.352090597943477e-06,-6.352090597942586e-06
412,negative_cross_entropy,10.0,3463,15,20,0.25,0.8650920508259079,0.12746095261041449,0.8309590627067673,0.21627301270647697,0,0.01118871934199289,0.011183662396684224,-5.056945308666225e-06,-5.056945308669813e-06
412,negative_cross_entropy,10.0,3463,15,20,0.25,0.8650920508259079,0.12746095261041449,0.8309590627067673,0.21627301270647697,1,0.014127693926924053,0.014121362883666722,-6.331043257331789e-06,-6.331043257328834e-06
412,negative_cross_entropy,10.0,3463,15,20,0.25,0.8650920508259079,0.12746095261041449,0.8309590627067673,0.21627301270647697,2,0.01125258084631084,0.01124773216757513,-4.848678735710002e-06,-4.8486787357077395e-06
412,negative_cross_entropy,10.0,3463,15,20,0.25,0.8650920508259079,0.12746095261041449,0.8309590627067673,0.21627301270647697,3,0.014530915162103546,0.014525444725064118,-5.470437039427692e-06,-5.470437039431378e-06
412,negative_cross_entropy,10.0,3463,15,20,0.25,0.8650920508259079,0.12746095261041449,0.8309590627067673,0.21627301270647697,4,0.00975839827264744,0.009754330328035077,-4.067944612363983e-06,-4.067944612362332e-06
412,negative_cross_entropy,10.0,3463,15,20,0.25,0.8650920508259079,0.12746095261041449,0.8309590627067673,0.21627301270647697,5,0.01251663082741998,0.012511154820329162,-5.476007090818302e-06,-5.476007090819229e-06
412,negative_cross_entropy,10.0,3463,15,20,0.25,0.8650920508259079,0.12746095261041449,0.8309590627067673,0.21627301270647697,6,0.013014581122554015,0.013009269535146362,-5.311587407652932e-06,-5.3115874076491515e-06
412,negative_cross_entropy,10.0,3463,15,20,0.25,0.8650920508259079,0.12746095261041449,0.8309590627067673,0.21627301270647697,7,0.011295225366246942,0.011290140165639673,-5.085200607268803e-06,-5.085200607276468e-06
413,accuracy,10.0,3463,15,20,0.25,0.8650920508259079,0.12746095261041449,0.8309590627067673,0.21627301270647697,0,0.006671428571428573,0.0040000000000000036,-0.0026714285714285694,-0.002671428571428552
413,accuracy,10.0,3463,15,20,0.25,0.8650920508259079,0.12746095261041449,0.8309590627067673,0.21627301270647697,1,0.007904761904761911,0.0050000000000000044,-0.0029047619047619065,-0.0029047619047618666
413,accuracy,10.0,3463,15,20,0.25,0.8650920508259079,0.12746095261041449,0.8309590627067673,0.21627301270647697,2,0.005504761904761912,0.0040000000000000036,-0.001504761904761908,-0.0015047619047618786
413,accuracy,10.0,3463,15,20,0.25,0.8650920508259079,0.12746095261041449,0.8309590627067673,0.21627301270647697,3,0.006295238095238104,0.0040000000000000036,-0.0022952380952381,-0.0022952380952380603
413,accuracy,10.0,3463,15,20,0.25,0.8650920508259079,0.12746095261041449,0.8309590627067673,0.21627301270647697,4,0.003952380952380956,0.0050000000000000044,0.001047619047619048,0.0010476190476190732
413,accuracy,10.0,3463,15,20,0.25,0.8650920508259079,0.12746095261041449,0.8309590627067673,0.21627301270647697,5,0.006571428571428579,0.006000000000000005,-0.0005714285714285734,-0.0005714285714285439
413,accuracy,10.0,3463,15,20,0.25,0.8650920508259079,0.12746095261041449,0.8309590627067673,0.21627301270647697,6,0.006995238095238103,0.0050000000000000044,-0.0019952380952380985,-0.0019952380952380656
413,accuracy,10.0,3463,15,20,0.25,0.8650920508259079,0.12746095261041449,0.8309590627067673,0.21627301270647697,7,0.008104761904761906,0.0040000000000000036,-0.004104761904761903,-0.004104761904761877
414,negative_brier,10.0,3463,15,20,0.5,0.8650920508259079,0.12746095261041449,0.8309590627067673,0.43254602541295395,0,0.008232387081597065,0.008179221108810086,-5.316597278697856e-05,-5.316597278696966e-05
414,negative_brier,10.0,3463,15,20,0.5,0.8650920508259079,0.12746095261041449,0.8309590627067673,0.43254602541295395,1,0.009978248883618066,0.00991608658414117,-6.21622994768957e-05,-6.216229947689526e-05
414,negative_brier,10.0,3463,15,20,0.5,0.8650920508259079,0.12746095261041449,0.8309590627067673,0.43254602541295395,2,0.008096657411571551,0.008045164029304663,-5.149338226688796e-05,-5.149338226689056e-05
414,negative_brier,10.0,3463,15,20,0.5,0.8650920508259079,0.12746095261041449,0.8309590627067673,0.43254602541295395,3,0.010689009691558586,0.01063085504192407,-5.815464963451582e-05,-5.8154649634516624e-05
414,negative_brier,10.0,3463,15,20,0.5,0.8650920508259079,0.12746095261041449,0.8309590627067673,0.43254602541295395,4,0.007127203884477433,0.0070855051923938706,-4.169869208356207e-05,-4.1698692083566854e-05
414,negative_brier,10.0,3463,15,20,0.5,0.8650920508259079,0.12746095261041449,0.8309590627067673,0.43254602541295395,5,0.009179506757227148,0.009124070164532039,-5.543659269510899e-05,-5.543659269511003e-05
414,negative_brier,10.0,3463,15,20,0.5,0.8650920508259079,0.12746095261041449,0.8309590627067673,0.43254602541295395,6,0.00928364900793991,0.009226641091494903,-5.700791644500797e-05,-5.7007916445006456e-05
414,negative_brier,10.0,3463,15,20,0.5,0.8650920508259079,0.12746095261041449,0.8309590627067673,0.43254602541295395,7,0.008124403777628223,0.008073561999861978,-5.084177776624489e-05,-5.084177776624482e-05
415,negative_cross_entropy,10.0,3463,15,20,0.5,0.8650920508259079,0.12746095261041449,0.8309590627067673,0.43254602541295395,0,0.02128392986680681,0.021251143946355855,-3.278592045095549e-05,-3.278592045093952e-05
415,negative_cross_entropy,10.0,3463,15,20,0.5,0.8650920508259079,0.12746095261041449,0.8309590627067673,0.43254602541295395,1,0.027014103349526475,0.026971637251181013,-4.246609834546167e-05,-4.246609834545426e-05
415,negative_cross_entropy,10.0,3463,15,20,0.5,0.8650920508259079,0.12746095261041449,0.8309590627067673,0.43254602541295395,2,0.021432725224707502,0.021401443859924263,-3.1281364783239396e-05,-3.1281364783224204e-05
415,negative_cross_entropy,10.0,3463,15,20,0.5,0.8650920508259079,0.12746095261041449,0.8309590627067673,0.43254602541295395,3,0.02771309102668553,0.027678094024661704,-3.499700202382744e-05,-3.499700202381613e-05
415,negative_cross_entropy,10.0,3463,15,20,0.5,0.8650920508259079,0.12746095261041449,0.8309590627067673,0.43254602541295395,4,0.018696940483933746,0.01867019648261603,-2.6744001317715455e-05,-2.6744001317711253e-05
415,negative_cross_entropy,10.0,3463,15,20,0.5,0.8650920508259079,0.12746095261041449,0.8309590627067673,0.43254602541295395,5,0.023902473229230267,0.023866141753710712,-3.6331475519554846e-05,-3.6331475519547575e-05
415,negative_cross_entropy,10.0,3463,15,20,0.5,0.8650920508259079,0.12746095261041449,0.8309590627067673,0.43254602541295395,6,0.02471233917510581,0.024678480741430642,-3.3858433675169886e-05,-3.385843367515646e-05
415,negative_cross_entropy,10.0,3463,15,20,0.5,0.8650920508259079,0.12746095261041449,0.8309590627067673,0.43254602541295395,7,0.021569818904729653,0.021536307599564486,-3.35113051651674e-05,-3.35113051651554e-05
416,accuracy,10.0,3463,15,20,0.5,0.8650920508259079,0.12746095261041449,0.8309590627067673,0.43254602541295395,0,0.010730952380952404,0.006000000000000005,-0.004730952380952398,-0.004730952380952405
416,accuracy,10.0,3463,15,20,0.5,0.8650920508259079,0.12746095261041449,0.8309590627067673,0.43254602541295395,1,0.01403571428571429,0.013000000000000012,-0.0010357142857142787,-0.0010357142857143134
416,accuracy,10.0,3463,15,20,0.5,0.8650920508259079,0.12746095261041449,0.8309590627067673,0.43254602541295395,2,0.008050000000000005,0.006000000000000005,-0.0020499999999999997,-0.002050000000000031
416,accuracy,10.0,3463,15,20,0.5,0.8650920508259079,0.12746095261041449,0.8309590627067673,0.43254602541295395,3,0.00835476190476191,0.006000000000000005,-0.0023547619047619046,-0.002354761904761936
416,accuracy,10.0,3463,15,20,0.5,0.8650920508259079,0.12746095261041449,0.8309590627067673,0.43254602541295395,4,0.005507142857142856,0.0030000000000000027,-0.0025071428571428536,-0.0025071428571428883
416,accuracy,10.0,3463,15,20,0.5,0.8650920508259079,0.12746095261041449,0.8309590627067673,0.43254602541295395,5,0.007254761904761906,0.0050000000000000044,-0.0022547619047619018,-0.00225476190476194
416,accuracy,10.0,3463,15,20,0.5,0.8650920508259079,0.12746095261041449,0.8309590627067673,0.43254602541295395,6,0.011688095238095258,0.010000000000000009,-0.001688095238095249,-0.0016880952380952663
416,accuracy,10.0,3463,15,20,0.5,0.8650920508259079,0.12746095261041449,0.8309590627067673,0.43254602541295395,7,0.014378571428571449,0.013000000000000012,-0.0013785714285714373,-0.0013785714285714581
417,negative_brier,10.0,3463,15,20,1.0,0.8650920508259079,0.12746095261041449,0.8309590627067673,0.8650920508259079,0,0.015145221555435772,0.014779982868907415,-0.0003652386865283571,-0.0003652386865283604
417,negative_brier,10.0,3463,15,20,1.0,0.8650920508259079,0.12746095261041449,0.8309590627067673,0.8650920508259079,1,0.018770807240462945,0.018324837616172707,-0.0004459696242902385,-0.0004459696242902339
417,negative_brier,10.0,3463,15,20,1.0,0.8650920508259079,0.12746095261041449,0.8309590627067673,0.8650920508259079,2,0.015023415498561978,0.014669992364020279,-0.00035342313454169924,-0.00035342313454170656
417,negative_brier,10.0,3463,15,20,1.0,0.8650920508259079,0.12746095261041449,0.8309590627067673,0.8650920508259079,3,0.019889023072069942,0.019490446311755727,-0.00039857676031421554,-0.00039857676031422254
417,negative_brier,10.0,3463,15,20,1.0,0.8650920508259079,0.12746095261041449,0.8309590627067673,0.8650920508259079,4,0.013274283018411975,0.012992457628900167,-0.00028182538951180766,-0.0002818253895118025
417,negative_brier,10.0,3463,15,20,1.0,0.8650920508259079,0.12746095261041449,0.8309590627067673,0.8650920508259079,5,0.01723445842845233,0.016837680156106205,-0.0003967782723461252,-0.00039677827234611905
417,negative_brier,10.0,3463,15,20,1.0,0.8650920508259079,0.12746095261041449,0.8309590627067673,0.8650920508259079,6,0.01714013034923797,0.016748370611450458,-0.0003917597377875101,-0.00039175973778749965
417,negative_brier,10.0,3463,15,20,1.0,0.8650920508259079,0.12746095261041449,0.8309590627067673,0.8650920508259079,7,0.015220510810037625,0.014862505149408456,-0.0003580056606291692,-0.0003580056606291743
418,negative_cross_entropy,10.0,3463,15,20,1.0,0.8650920508259079,0.12746095261041449,0.8309590627067673,0.8650920508259079,0,0.03798969334021524,0.03786414783687053,-0.00012554550334471087,-0.00012554550334470686
418,negative_cross_entropy,10.0,3463,15,20,1.0,0.8650920508259079,0.12746095261041449,0.8309590627067673,0.8650920508259079,1,0.04875370437253313,0.04856539745733046,-0.0001883069152026698,-0.00018830691520263734
418,negative_cross_entropy,10.0,3463,15,20,1.0,0.8650920508259079,0.12746095261041449,0.8309590627067673,0.8650920508259079,2,0.03839409867209589,0.038278730857753906,-0.0001153678143419809,-0.00011536781434195937
418,negative_cross_entropy,10.0,3463,15,20,1.0,0.8650920508259079,0.12746095261041449,0.8309590627067673,0.8650920508259079,3,0.049821867979901936,0.04969491097704681,-0.00012695700285512285,-0.00012695700285510428
418,negative_cross_entropy,10.0,3463,15,20,1.0,0.8650920508259079,0.12746095261041449,0.8309590627067673,0.8650920508259079,4,0.03394478622497122,0.033837411400506334,-0.00010737482446488561,-0.00010737482446486573
418,negative_cross_entropy,10.0,3463,15,20,1.0,0.8650920508259079,0.12746095261041449,0.8309590627067673,0.8650920508259079,5,0.0430219858721818,0.04286729704220038,-0.00015468882998141698,-0.0001546888299814126
418,negative_cross_entropy,10.0,3463,15,20,1.0,0.8650920508259079,0.12746095261041449,0.8309590627067673,0.8650920508259079,6,0.043952525920690814,0.04383558954641553,-0.00011693637427528242,-0.00011693637427525435
418,negative_cross_entropy,10.0,3463,15,20,1.0,0.8650920508259079,0.12746095261041449,0.8309590627067673,0.8650920508259079,7,0.03883090345861218,0.03869284423628172,-0.00013805922233046247,-0.00013805922233041835
419,accuracy,10.0,3463,15,20,1.0,0.8650920508259079,0.12746095261041449,0.8309590627067673,0.8650920508259079,0,0.018392857142857152,0.020000000000000018,0.001607142857142866,0.0016071428571429146
419,accuracy,10.0,3463,15,20,1.0,0.8650920508259079,0.12746095261041449,0.8309590627067673,0.8650920508259079,1,0.023859523809523813,0.027000000000000024,0.003140476190476211,0.0031404761904762508
419,accuracy,10.0,3463,15,20,1.0,0.8650920508259079,0.12746095261041449,0.8309590627067673,0.8650920508259079,2,0.013645238095238096,0.014000000000000012,0.00035476190476191674,0.000354761904761941
419,accuracy,10.0,3463,15,20,1.0,0.8650920508259079,0.12746095261041449,0.8309590627067673,0.8650920508259079,3,0.014330952380952396,0.017000000000000015,0.0026690476190476195,0.002669047619047668
419,accuracy,10.0,3463,15,20,1.0,0.8650920508259079,0.12746095261041449,0.8309590627067673,0.8650920508259079,4,0.008930952380952388,0.006000000000000005,-0.002930952380952383,-0.0029309523809523466
419,accuracy,10.0,3463,15,20,1.0,0.8650920508259079,0.12746095261041449,0.8309590627067673,0.8650920508259079,5,0.015521428571428582,0.016000000000000014,0.00047857142857143237,0.00047857142857146706
419,accuracy,10.0,3463,15,20,1.0,0.8650920508259079,0.12746095261041449,0.8309590627067673,0.8650920508259079,6,0.019064285714285728,0.019000000000000017,-6.428571428571117e-05,-6.428571428566954e-05
419,accuracy,10.0,3463,15,20,1.0,0.8650920508259079,0.12746095261041449,0.8309590627067673,0.8650920508259079,7,0.026254761904761885,0.028000000000000025,0.00174523809523814,0.0017452380952381608
420,negative_brier,10.0,3559,0,20,0.0625,1.419529555530466,0.206436540304818,1.3870984397602524,0.08872059722065412,0,0.002088631476822102,0.0020886177502484338,-1.3726573668080416e-08,-1.3726573668588437e-08
420,negative_brier,10.0,3559,0,20,0.0625,1.419529555530466,0.206436540304818,1.3870984397602524,0.08872059722065412,1,0.0020642406335668177,0.0020642092107153176,-3.142285150007154e-08,-3.142285150190127e-08
420,negative_brier,10.0,3559,0,20,0.0625,1.419529555530466,0.206436540304818,1.3870984397602524,0.08872059722065412,2,0.0018935898019994065,0.0018935951494288283,5.347429421790825e-09,5.3474294226767845e-09
420,negative_brier,10.0,3559,0,20,0.0625,1.419529555530466,0.206436540304818,1.3870984397602524,0.08872059722065412,3,0.0018349435349778425,0.001834887713701272,-5.582127657051232e-08,-5.582127656949833e-08
420,negative_brier,10.0,3559,0,20,0.0625,1.419529555530466,0.206436540304818,1.3870984397602524,0.08872059722065412,4,0.0019326832917874283,0.0019326168964377555,-6.639534967287607e-08,-6.639534967233291e-08
420,negative_brier,10.0,3559,0,20,0.0625,1.419529555530466,0.206436540304818,1.3870984397602524,0.08872059722065412,5,0.001946784247038065,0.001946757703442381,-2.654359568384987e-08,-2.6543595683209674e-08
420,negative_brier,10.0,3559,0,20,0.0625,1.419529555530466,0.206436540304818,1.3870984397602524,0.08872059722065412,6,0.00231107002035427,0.0023110433825789256,-2.663777534444786e-08,-2.6637775345426737e-08
420,negative_brier,10.0,3559,0,20,0.0625,1.419529555530466,0.206436540304818,1.3870984397602524,0.08872059722065412,7,0.0018653337049396623,0.0018653033435377386,-3.0361401923617234e-08,-3.036140192208283e-08
421,negative_cross_entropy,10.0,3559,0,20,0.0625,1.419529555530466,0.206436540304818,1.3870984397602524,0.08872059722065412,0,0.011768953136565672,0.011765919803278457,-3.0333332872150426e-06,-3.0333332872204767e-06
421,negative_cross_entropy,10.0,3559,0,20,0.0625,1.419529555530466,0.206436540304818,1.3870984397602524,0.08872059722065412,1,0.011372782043946539,0.011369788193668295,-2.993850278243393e-06,-2.9938502782449785e-06
421,negative_cross_entropy,10.0,3559,0,20,0.0625,1.419529555530466,0.206436540304818,1.3870984397602524,0.08872059722065412,2,0.010710142700089655,0.010707255282983441,-2.8874171062141796e-06,-2.887417106213685e-06
421,negative_cross_entropy,10.0,3559,0,20,0.0625,1.419529555530466,0.206436540304818,1.3870984397602524,0.08872059722065412,3,0.009898945870380376,0.00989624529643085,-2.700573949526372e-06,-2.700573949530682e-06
421,negative_cross_entropy,10.0,3559,0,20,0.0625,1.419529555530466,0.206436540304818,1.3870984397602524,0.08872059722065412,4,0.010642290521901146,0.01063947312917235,-2.8173927287961087e-06,-2.8173927287975626e-06
421,negative_cross_entropy,10.0,3559,0,20,0.0625,1.419529555530466,0.206436540304818,1.3870984397602524,0.08872059722065412,5,0.01094823065395886,0.010945315225513674,-2.9154284451864826e-06,-2.9154284451879526e-06
421,negative_cross_entropy,10.0,3559,0,20,0.0625,1.419529555530466,0.206436540304818,1.3870984397602524,0.08872059722065412,6,0.01285320045195032,0.012849944873948749,-3.2555780015708358e-06,-3.2555780015782354e-06
421,negative_cross_entropy,10.0,3559,0,20,0.0625,1.419529555530466,0.206436540304818,1.3870984397602524,0.08872059722065412,7,0.010093991356893445,0.010091200008064627,-2.791348828818513e-06,-2.7913488288233685e-06
422,accuracy,10.0,3559,0,20,0.0625,1.419529555530466,0.206436540304818,1.3870984397602524,0.08872059722065412,0,0.0012333333333333328,0.0010000000000000009,-0.00023333333333333192,-0.00023333333333334927
422,accuracy,10.0,3559,0,20,0.0625,1.419529555530466,0.206436540304818,1.3870984397602524,0.08872059722065412,1,0.0012523809523809527,0.0010000000000000009,-0.00025238095238095185,-0.0002523809523809692
422,accuracy,10.0,3559,0,20,0.0625,1.419529555530466,0.206436540304818,1.3870984397602524,0.08872059722065412,2,0.001442857142857145,0.0010000000000000009,-0.00044285714285714414,-0.0004428571428571615
422,accuracy,10.0,3559,0,20,0.0625,1.419529555530466,0.206436540304818,1.3870984397602524,0.08872059722065412,3,0.0010809523809523786,0.0010000000000000009,-8.095238095237774e-05,-8.095238095239682e-05
422,accuracy,10.0,3559,0,20,0.0625,1.419529555530466,0.206436540304818,1.3870984397602524,0.08872059722065412,4,0.0010809523809523786,0.0010000000000000009,-8.095238095237774e-05,-8.095238095239682e-05
422,accuracy,10.0,3559,0,20,0.0625,1.419529555530466,0.206436540304818,1.3870984397602524,0.08872059722065412,5,0.0012714285714285727,0.0010000000000000009,-0.00027142857142857177,-0.0002714285714285822
422,accuracy,10.0,3559,0,20,0.0625,1.419529555530466,0.206436540304818,1.3870984397602524,0.08872059722065412,6,0.0012904761904761891,0.0010000000000000009,-0.0002904761904761882,-0.00029047619047620904
422,accuracy,10.0,3559,0,20,0.0625,1.419529555530466,0.206436540304818,1.3870984397602524,0.08872059722065412,7,0.0013476190476190454,0.0010000000000000009,-0.0003476190476190445,-0.00034761904761906187
423,negative_brier,10.0,3559,0,20,0.125,1.419529555530466,0.206436540304818,1.3870984397602524,0.17744119444130824,0,0.004295408055356297,0.004294411809701082,-9.962456552154234e-07,-9.962456552217594e-07
423,negative_brier,10.0,3559,0,20,0.125,1.419529555530466,0.206436540304818,1.3870984397602524,0.17744119444130824,1,0.004244329740895185,0.004243152475492562,-1.1772654026232648e-06,-1.1772654026287991e-06
423,negative_brier,10.0,3559,0,20,0.125,1.419529555530466,0.206436540304818,1.3870984397602524,0.17744119444130824,2,0.003903087527381019,0.003902251183970251,-8.36343410767857e-07,-8.363434107657878e-07
423,negative_brier,10.0,3559,0,20,0.125,1.419529555530466,0.206436540304818,1.3870984397602524,0.17744119444130824,3,0.0037669365210217663,0.0037656543768374573,-1.2821441843090427e-06,-1.2821441843066259e-06
423,negative_brier,10.0,3559,0,20,0.125,1.419529555530466,0.206436540304818,1.3870984397602524,0.17744119444130824,4,0.003962362776152359,0.00396100499654406,-1.3577796082993657e-06,-1.3577796083046105e-06
423,negative_brier,10.0,3559,0,20,0.125,1.419529555530466,0.206436540304818,1.3870984397602524,0.17744119444130824,5,0.0040053745175379985,0.004004297020092085,-1.0774974459138234e-06,-1.0774974459189693e-06
423,negative_brier,10.0,3559,0,20,0.125,1.419529555530466,0.206436540304818,1.3870984397602524,0.17744119444130824,6,0.004751561053655622,0.004750391304688739,-1.1697489668829539e-06,-1.1697489668859352e-06
423,negative_brier,10.0,3559,0,20,0.125,1.419529555530466,0.206436540304818,1.3870984397602524,0.17744119444130824,7,0.003842934467574987,0.0038417826094663265,-1.151858108660534e-06,-1.15185810865929e-06
424,negative_cross_entropy,10.0,3559,0,20,0.125,1.419529555530466,0.206436540304818,1.3870984397602524,0.17744119444130824,0,0.02336638183452645,0.023341776574582696,-2.460525994375448e-05,-2.4605259943776854e-05
424,negative_cross_entropy,10.0,3559,0,20,0.125,1.419529555530466,0.206436540304818,1.3870984397602524,0.17744119444130824,1,0.022571160574800374,0.022546896615499357,-2.4263959301017157e-05,-2.4263959301034406e-05
424,negative_cross_entropy,10.0,3559,0,20,0.125,1.419529555530466,0.206436540304818,1.3870984397602524,0.17744119444130824,2,0.021279395260840328,0.021255903653288444,-2.3491607551884286e-05,-2.3491607551904384e-05
424,negative_cross_entropy,10.0,3559,0,20,0.125,1.419529555530466,0.206436540304818,1.3870984397602524,0.17744119444130824,3,0.01963772379439879,0.019615882283411823,-2.1841510986966156e-05,-2.1841510986971475e-05
424,negative_cross_entropy,10.0,3559,0,20,0.125,1.419529555530466,0.206436540304818,1.3870984397602524,0.17744119444130824,4,0.021106582999965026,0.021083827864373905,-2.2755135591120967e-05,-2.2755135591144362e-05
424,negative_cross_entropy,10.0,3559,0,20,0.125,1.419529555530466,0.206436540304818,1.3870984397602524,0.17744119444130824,5,0.021735841452755093,0.021712188224364715,-2.3653228390378006e-05,-2.3653228390408374e-05
424,negative_cross_entropy,10.0,3559,0,20,0.125,1.419529555530466,0.206436540304818,1.3870984397602524,0.17744119444130824,6,0.02552143431743196,0.025495037821913202,-2.6396495518755947e-05,-2.6396495518778356e-05
424,negative_cross_entropy,10.0,3559,0,20,0.125,1.419529555530466,0.206436540304818,1.3870984397602524,0.17744119444130824,7,0.020036115497653696,0.02001343551686574,-2.2679980787955467e-05,-2.267998078797734e-05
425,accuracy,10.0,3559,0,20,0.125,1.419529555530466,0.206436540304818,1.3870984397602524,0.17744119444130824,0,0.003628571428571428,0.006999999999999999,0.0033714285714285712,0.0033714285714285877
425,accuracy,10.0,3559,0,20,0.125,1.419529555530466,0.206436540304818,1.3870984397602524,0.17744119444130824,1,0.003928571428571428,0.006999999999999999,0.0030714285714285713,0.003071428571428586
425,accuracy,10.0,3559,0,20,0.125,1.419529555530466,0.206436540304818,1.3870984397602524,0.17744119444130824,2,0.0037285714285714283,0.006999999999999999,0.003271428571428571,0.003271428571428585
425,accuracy,10.0,3559,0,20,0.125,1.419529555530466,0.206436540304818,1.3870984397602524,0.17744119444130824,3,0.004014285714285715,0.008,0.003985714285714285,0.003985714285714304
425,accuracy,10.0,3559,0,20,0.125,1.419529555530466,0.206436540304818,1.3870984397602524,0.17744119444130824,4,0.0038047619047619063,0.006999999999999999,0.003195238095238093,0.0031952380952381156
425,accuracy,10.0,3559,0,20,0.125,1.419529555530466,0.206436540304818,1.3870984397602524,0.17744119444130824,5,0.0038761904761904775,0.008,0.004123809523809523,0.00412380952380954
425,accuracy,10.0,3559,0,20,0.125,1.419529555530466,0.206436540304818,1.3870984397602524,0.17744119444130824,6,0.00452857142857143,0.009000000000000001,0.004471428571428571,0.004471428571428588
425,accuracy,10.0,3559,0,20,0.125,1.419529555530466,0.206436540304818,1.3870984397602524,0.17744119444130824,7,0.0044904761904761906,0.008,0.0035095238095238096,0.003509523809523834
426,negative_brier,10.0,3559,0,20,0.25,1.419529555530466,0.206436540304818,1.3870984397602524,0.3548823888826165,0,0.0090404649916956,0.009015193095339213,-2.5271896356387005e-05,-2.5271896356380368e-05
426,negative_brier,10.0,3559,0,20,0.25,1.419529555530466,0.206436540304818,1.3870984397602524,0.3548823888826165,1,0.008926109141037685,0.008898724892768994,-2.7384248268690417e-05,-2.738424826868352e-05
426,negative_brier,10.0,3559,0,20,0.25,1.419529555530466,0.206436540304818,1.3870984397602524,0.3548823888826165,2,0.008249004459154014,0.008225103986325644,-2.3900472828370517e-05,-2.3900472828369812e-05
426,negative_brier,10.0,3559,0,20,0.25,1.419529555530466,0.206436540304818,1.3870984397602524,0.3548823888826165,3,0.007896772650593664,0.007870435638535234,-2.6337012058430184e-05,-2.6337012058432105e-05
426,negative_brier,10.0,3559,0,20,0.25,1.419529555530466,0.206436540304818,1.3870984397602524,0.3548823888826165,4,0.008286647283133015,0.00825992568312578,-2.6721600007235252e-05,-2.6721600007229255e-05
426,negative_brier,10.0,3559,0,20,0.25,1.419529555530466,0.206436540304818,1.3870984397602524,0.3548823888826165,5,0.0084343151607613,0.008408895973154196,-2.5419187607103946e-05,-2.541918760709527e-05
426,negative_brier,10.0,3559,0,20,0.25,1.419529555530466,0.206436540304818,1.3870984397602524,0.3548823888826165,6,0.00999457411279195,0.009966646581536343,-2.792753125560772e-05,-2.7927531255600162e-05
426,negative_brier,10.0,3559,0,20,0.25,1.419529555530466,0.206436540304818,1.3870984397602524,0.3548823888826165,7,0.00810972061537214,0.008082838110033241,-2.6882505338898105e-05,-2.6882505338896153e-05
427,negative_cross_entropy,10.0,3559,0,20,0.25,1.419529555530466,0.206436540304818,1.3870984397602524,0.3548823888826165,0,0.04581395747683554,0.045614563473070247,-0.0001993940037652922,-0.00019939400376530692
427,negative_cross_entropy,10.0,3559,0,20,0.25,1.419529555530466,0.206436540304818,1.3870984397602524,0.3548823888826165,1,0.04421701036238044,0.04402081661165491,-0.00019619375072552764,-0.00019619375072555157
427,negative_cross_entropy,10.0,3559,0,20,0.25,1.419529555530466,0.206436540304818,1.3870984397602524,0.3548823888826165,2,0.04177364207202824,0.04158221919927785,-0.00019142287275038944,-0.0001914228727503977
427,negative_cross_entropy,10.0,3559,0,20,0.25,1.419529555530466,0.206436540304818,1.3870984397602524,0.3548823888826165,3,0.03843686239920366,0.03826111952284106,-0.0001757428763626001,-0.00017574287636263147
427,negative_cross_entropy,10.0,3559,0,20,0.25,1.419529555530466,0.206436540304818,1.3870984397602524,0.3548823888826165,4,0.04129207165694264,0.04110938017456034,-0.00018269148238229949,-0.00018269148238229594
427,negative_cross_entropy,10.0,3559,0,20,0.25,1.419529555530466,0.206436540304818,1.3870984397602524,0.3548823888826165,5,0.04260778207898663,0.04241605512830904,-0.00019172695067758844,-0.0001917269506776144
427,negative_cross_entropy,10.0,3559,0,20,0.25,1.419529555530466,0.206436540304818,1.3870984397602524,0.3548823888826165,6,0.05004691571373504,0.04983326895388829,-0.00021364675984675285,-0.00021364675984675865
427,negative_cross_entropy,10.0,3559,0,20,0.25,1.419529555530466,0.206436540304818,1.3870984397602524,0.3548823888826165,7,0.03925460229132002,0.039070321725589885,-0.0001842805657301383,-0.0001842805657301565
428,accuracy,10.0,3559,0,20,0.25,1.419529555530466,0.206436540304818,1.3870984397602524,0.3548823888826165,0,0.015369047619047622,0.011999999999999997,-0.0033690476190476257,-0.0033690476190475216
428,accuracy,10.0,3559,0,20,0.25,1.419529555530466,0.206436540304818,1.3870984397602524,0.3548823888826165,1,0.01694523809523809,0.013999999999999999,-0.002945238095238091,-0.002945238095238001
428,accuracy,10.0,3559,0,20,0.25,1.419529555530466,0.206436540304818,1.3870984397602524,0.3548823888826165,2,0.014511904761904774,0.011999999999999997,-0.0025119047619047777,-0.0025119047619046875
428,accuracy,10.0,3559,0,20,0.25,1.419529555530466,0.206436540304818,1.3870984397602524,0.3548823888826165,3,0.01616904761904763,0.015,-0.001169047619047632,-0.001169047619047514
428,accuracy,10.0,3559,0,20,0.25,1.419529555530466,0.206436540304818,1.3870984397602524,0.3548823888826165,4,0.015978571428571432,0.015,-0.0009785714285714328,-0.0009785714285713287
428,accuracy,10.0,3559,0,20,0.25,1.419529555530466,0.206436540304818,1.3870984397602524,0.3548823888826165,5,0.01448333333333332,0.008999999999999994,-0.005483333333333326,-0.005483333333333229
428,accuracy,10.0,3559,0,20,0.25,1.419529555530466,0.206436540304818,1.3870984397602524,0.3548823888826165,6,0.017249999999999995,0.012999999999999998,-0.004249999999999997,-0.004249999999999893
428,accuracy,10.0,3559,0,20,0.25,1.419529555530466,0.206436540304818,1.3870984397602524,0.3548823888826165,7,0.017292857142857145,0.012999999999999998,-0.004292857142857147,-0.004292857142857015
429,negative_brier,10.0,3559,0,20,0.5,1.419529555530466,0.206436540304818,1.3870984397602524,0.709764777765233,0,0.019385047835645458,0.018879366253759355,-0.0005056815818861027,-0.0005056815818861013
429,negative_brier,10.0,3559,0,20,0.5,1.419529555530466,0.206436540304818,1.3870984397602524,0.709764777765233,1,0.019072505848971428,0.018542339508929917,-0.0005301663400415109,-0.0005301663400415165
429,negative_brier,10.0,3559,0,20,0.5,1.419529555530466,0.206436540304818,1.3870984397602524,0.709764777765233,2,0.017792294594388785,0.017298716942123094,-0.0004935776522656914,-0.0004935776522657047
429,negative_brier,10.0,3559,0,20,0.5,1.419529555530466,0.206436540304818,1.3870984397602524,0.709764777765233,3,0.016765633819482127,0.01628204341228312,-0.00048359040719900617,-0.0004835904071990088
429,negative_brier,10.0,3559,0,20,0.5,1.419529555530466,0.206436540304818,1.3870984397602524,0.709764777765233,4,0.017539573426647224,0.017057251770798754,-0.0004823216558484701,-0.0004823216558484837
429,negative_brier,10.0,3559,0,20,0.5,1.419529555530466,0.206436540304818,1.3870984397602524,0.709764777765233,5,0.018075321678371867,0.017580280987872288,-0.0004950406904995798,-0.0004950406904995867
429,negative_brier,10.0,3559,0,20,0.5,1.419529555530466,0.206436540304818,1.3870984397602524,0.709764777765233,6,0.02140796192839687,0.0208614104186009,-0.0005465515097959686,-0.0005465515097959802
429,negative_brier,10.0,3559,0,20,0.5,1.419529555530466,0.206436540304818,1.3870984397602524,0.709764777765233,7,0.01739671826092021,0.016875614454721022,-0.0005211038061991892,-0.000521103806199199
430,negative_cross_entropy,10.0,3559,0,20,0.5,1.419529555530466,0.206436540304818,1.3870984397602524,0.709764777765233,0,0.086143290074404,0.08464438982205091,-0.0014989002523530803,-0.0014989002523530708
430,negative_cross_entropy,10.0,3559,0,20,0.5,1.419529555530466,0.206436540304818,1.3870984397602524,0.709764777765233,1,0.08297441448924142,0.08151022451539769,-0.0014641899738437325,-0.001464189973843771
430,negative_cross_entropy,10.0,3559,0,20,0.5,1.419529555530466,0.206436540304818,1.3870984397602524,0.709764777765233,2,0.0786657114960591,0.07721433929537258,-0.0014513722006865154,-0.0014513722006865338
430,negative_cross_entropy,10.0,3559,0,20,0.5,1.419529555530466,0.206436540304818,1.3870984397602524,0.709764777765233,3,0.07201139861775717,0.0707171957060122,-0.0012942029117449655,-0.0012942029117450206
430,negative_cross_entropy,10.0,3559,0,20,0.5,1.419529555530466,0.206436540304818,1.3870984397602524,0.709764777765233,4,0.07731024548225429,0.07596731108505972,-0.0013429343971945729,-0.0013429343971946013
430,negative_cross_entropy,10.0,3559,0,20,0.5,1.419529555530466,0.206436540304818,1.3870984397602524,0.709764777765233,5,0.08003858821705435,0.07859777722745453,-0.0014408109895998195,-0.0014408109895998691
430,negative_cross_entropy,10.0,3559,0,20,0.5,1.419529555530466,0.206436540304818,1.3870984397602524,0.709764777765233,6,0.09412390771299504,0.09252408571233162,-0.0015998220006634284,-0.0015998220006634735
430,negative_cross_entropy,10.0,3559,0,20,0.5,1.419529555530466,0.206436540304818,1.3870984397602524,0.709764777765233,7,0.07360088028503625,0.07221451721274907,-0.0013863630722871778,-0.0013863630722871746
431,accuracy,10.0,3559,0,20,0.5,1.419529555530466,0.206436540304818,1.3870984397602524,0.709764777765233,0,0.03538333333333332,0.020000000000000018,-0.015383333333333304,-0.015383333333333443
431,accuracy,10.0,3559,0,20,0.5,1.419529555530466,0.206436540304818,1.3870984397602524,0.709764777765233,1,0.03692142857142858,0.02100000000000002,-0.01592142857142856,-0.01592142857142867
431,accuracy,10.0,3559,0,20,0.5,1.419529555530466,0.206436540304818,1.3870984397602524,0.709764777765233,2,0.031002380952380948,0.019000000000000017,-0.012002380952380931,-0.01200238095238107
431,accuracy,10.0,3559,0,20,0.5,1.419529555530466,0.206436540304818,1.3870984397602524,0.709764777765233,3,0.033507142857142874,0.018000000000000016,-0.015507142857142858,-0.015507142857142941
431,accuracy,10.0,3559,0,20,0.5,1.419529555530466,0.206436540304818,1.3870984397602524,0.709764777765233,4,0.035573809523809535,0.020000000000000018,-0.015573809523809518,-0.0155738095238096
431,accuracy,10.0,3559,0,20,0.5,1.419529555530466,0.206436540304818,1.3870984397602524,0.709764777765233,5,0.03591666666666668,0.018000000000000016,-0.017916666666666664,-0.017916666666666775
431,accuracy,10.0,3559,0,20,0.5,1.419529555530466,0.206436540304818,1.3870984397602524,0.709764777765233,6,0.04075476190476193,0.02200000000000002,-0.018754761904761913,-0.018754761904762024
431,accuracy,10.0,3559,0,20,0.5,1.419529555530466,0.206436540304818,1.3870984397602524,0.709764777765233,7,0.036940476190476204,0.020000000000000018,-0.016940476190476186,-0.016940476190476284
432,negative_brier,10.0,3559,0,20,1.0,1.419529555530466,0.206436540304818,1.3870984397602524,1.419529555530466,0,0.03747472444202453,0.03219405216974225,-0.00528067227228228,-0.005280672272282282
432,negative_brier,10.0,3559,0,20,1.0,1.419529555530466,0.206436540304818,1.3870984397602524,1.419529555530466,1,0.036332539464432885,0.031022298156056227,-0.005310241308376658,-0.005310241308376655
432,negative_brier,10.0,3559,0,20,1.0,1.419529555530466,0.206436540304818,1.3870984397602524,1.419529555530466,2,0.03441530375196178,0.029279987368258875,-0.005135316383702904,-0.005135316383702928
432,negative_brier,10.0,3559,0,20,1.0,1.419529555530466,0.206436540304818,1.3870984397602524,1.419529555530466,3,0.03166615820842668,0.027034098076043567,-0.004632060132383112,-0.0046320601323831265
432,negative_brier,10.0,3559,0,20,1.0,1.419529555530466,0.206436540304818,1.3870984397602524,1.419529555530466,4,0.03316204618571053,0.02850253220073079,-0.004659513984979741,-0.004659513984979767
432,negative_brier,10.0,3559,0,20,1.0,1.419529555530466,0.206436540304818,1.3870984397602524,1.419529555530466,5,0.03473337582494079,0.029693249032147095,-0.005040126792793698,-0.005040126792793689
432,negative_brier,10.0,3559,0,20,1.0,1.419529555530466,0.206436540304818,1.3870984397602524,1.419529555530466,6,0.04139435626697078,0.035775185848949176,-0.005619170418021603,-0.005619170418021619
432,negative_brier,10.0,3559,0,20,1.0,1.419529555530466,0.206436540304818,1.3870984397602524,1.419529555530466,7,0.03298843785486808,0.027834741538710128,-0.005153696316157953,-0.005153696316157959
433,negative_cross_entropy,10.0,3559,0,20,1.0,1.419529555530466,0.206436540304818,1.3870984397602524,1.419529555530466,0,0.14082496791865895,0.134711082428011,-0.006113885490647952,-0.006113885490648012
433,negative_cross_entropy,10.0,3559,0,20,1.0,1.419529555530466,0.206436540304818,1.3870984397602524,1.419529555530466,1,0.13514896198121149,0.12940490542681837,-0.005744056554393112,-0.005744056554393227
433,negative_cross_entropy,10.0,3559,0,20,1.0,1.419529555530466,0.206436540304818,1.3870984397602524,1.419529555530466,2,0.12850667992629716,0.12252263002580766,-0.005984049900489508,-0.005984049900489543
433,negative_cross_entropy,10.0,3559,0,20,1.0,1.419529555530466,0.206436540304818,1.3870984397602524,1.419529555530466,3,0.11727217647091229,0.11244220761308465,-0.004829968857827632,-0.004829968857827645
433,negative_cross_entropy,10.0,3559,0,20,1.0,1.419529555530466,0.206436540304818,1.3870984397602524,1.419529555530466,4,0.12577366208237156,0.12074109412108225,-0.005032567961289314,-0.0050325679612893155
433,negative_cross_entropy,10.0,3559,0,20,1.0,1.419529555530466,0.206436540304818,1.3870984397602524,1.419529555530466,5,0.13037468898506097,0.12454582055659735,-0.005828868428463613,-0.005828868428463747
433,negative_cross_entropy,10.0,3559,0,20,1.0,1.419529555530466,0.206436540304818,1.3870984397602524,1.419529555530466,6,0.15397318432608725,0.1475669091755073,-0.006406275150579954,-0.006406275150580021
433,negative_cross_entropy,10.0,3559,0,20,1.0,1.419529555530466,0.206436540304818,1.3870984397602524,1.419529555530466,7,0.11915428091592845,0.11368674234210008,-0.005467538573828368,-0.005467538573828378
434,accuracy,10.0,3559,0,20,1.0,1.419529555530466,0.206436540304818,1.3870984397602524,1.419529555530466,0,0.06458809523809526,0.03700000000000002,-0.027588095238095245,-0.02758809523809532
434,accuracy,10.0,3559,0,20,1.0,1.419529555530466,0.206436540304818,1.3870984397602524,1.419529555530466,1,0.05588333333333333,0.02700000000000001,-0.028883333333333316,-0.028883333333333434
434,accuracy,10.0,3559,0,20,1.0,1.419529555530466,0.206436540304818,1.3870984397602524,1.419529555530466,2,0.054845238095238155,0.03700000000000002,-0.017845238095238136,-0.01784523809523815
434,accuracy,10.0,3559,0,20,1.0,1.419529555530466,0.206436540304818,1.3870984397602524,1.419529555530466,3,0.047769047619047586,0.02000000000000001,-0.027769047619047575,-0.02776904761904768
434,accuracy,10.0,3559,0,20,1.0,1.419529555530466,0.206436540304818,1.3870984397602524,1.419529555530466,4,0.05300238095238098,0.024000000000000014,-0.029002380952380967,-0.029002380952381043
434,accuracy,10.0,3559,0,20,1.0,1.419529555530466,0.206436540304818,1.3870984397602524,1.419529555530466,5,0.05577857142857144,0.017000000000000008,-0.03877857142857143,-0.038778571428571496
434,accuracy,10.0,3559,0,20,1.0,1.419529555530466,0.206436540304818,1.3870984397602524,1.419529555530466,6,0.06678333333333338,0.03500000000000002,-0.03178333333333336,-0.0317833333333334
434,accuracy,10.0,3559,0,20,1.0,1.419529555530466,0.206436540304818,1.3870984397602524,1.419529555530466,7,0.04934999999999999,0.021000000000000005,-0.028349999999999986,-0.028350000000000056
435,negative_brier,10.0,3559,15,20,0.0625,0.8664520917447655,0.12661384896374173,0.8304807362625428,0.05415325573404784,0,0.0012281578840130818,0.0012280363202489264,-1.2156376415542978e-07,-1.2156376415587802e-07
435,negative_brier,10.0,3559,15,20,0.0625,0.8664520917447655,0.12661384896374173,0.8304807362625428,0.05415325573404784,1,0.0011437326170431663,0.00114362914135957,-1.0347568359624082e-07,-1.0347568359711647e-07
435,negative_brier,10.0,3559,15,20,0.0625,0.8664520917447655,0.12661384896374173,0.8304807362625428,0.05415325573404784,2,0.0011188683187354654,0.0011187652713731122,-1.0304736235318412e-07,-1.0304736235382845e-07
435,negative_brier,10.0,3559,15,20,0.0625,0.8664520917447655,0.12661384896374173,0.8304807362625428,0.05415325573404784,3,0.0010034939739181539,0.001003407497608022,-8.647631013179724e-08,-8.647631013240856e-08
435,negative_brier,10.0,3559,15,20,0.0625,0.8664520917447655,0.12661384896374173,0.8304807362625428,0.05415325573404784,4,0.0010636950925686365,0.001063605880120555,-8.92124480814712e-08,-8.921244808221673e-08
435,negative_brier,10.0,3559,15,20,0.0625,0.8664520917447655,0.12661384896374173,0.8304807362625428,0.05415325573404784,5,0.001131581577273362,0.0011314731245326004,-1.084527407615131e-07,-1.0845274076219463e-07
435,negative_brier,10.0,3559,15,20,0.0625,0.8664520917447655,0.12661384896374173,0.8304807362625428,0.05415325573404784,6,0.0013780508429880943,0.001377926580023392,-1.2426296470231454e-07,-1.242629647030787e-07
435,negative_brier,10.0,3559,15,20,0.0625,0.8664520917447655,0.12661384896374173,0.8304807362625428,0.05415325573404784,7,0.001022769733190057,0.0010226799824754607,-8.975071459638162e-08,-8.975071459638162e-08
436,negative_cross_entropy,10.0,3559,15,20,0.0625,0.8664520917447655,0.12661384896374173,0.8304807362625428,0.05415325573404784,0,0.003402539160932267,0.0034024246234853894,-1.1453744687764389e-07,-1.1453744687774302e-07
436,negative_cross_entropy,10.0,3559,15,20,0.0625,0.8664520917447655,0.12661384896374173,0.8304807362625428,0.05415325573404784,1,0.0032228818158505507,0.0032227888264213522,-9.298942919844233e-08,-9.29894291991032e-08
436,negative_cross_entropy,10.0,3559,15,20,0.0625,0.8664520917447655,0.12661384896374173,0.8304807362625428,0.05415325573404784,2,0.0030679772632875484,0.003067880324772343,-9.693851520543167e-08,-9.693851520598514e-08
436,negative_cross_entropy,10.0,3559,15,20,0.0625,0.8664520917447655,0.12661384896374173,0.8304807362625428,0.05415325573404784,3,0.0028313467030595253,0.0028312697715701107,-7.693148941457714e-08,-7.693148941540734e-08
436,negative_cross_entropy,10.0,3559,15,20,0.0625,0.8664520917447655,0.12661384896374173,0.8304807362625428,0.05415325573404784,4,0.003059190346044025,0.003059111785461921,-7.856058210388428e-08,-7.856058210525556e-08
436,negative_cross_entropy,10.0,3559,15,20,0.0625,0.8664520917447655,0.12661384896374173,0.8304807362625428,0.05415325573404784,5,0.0031144150005658856,0.003114317311518011,-9.768904787443161e-08,-9.768904787480338e-08
436,negative_cross_entropy,10.0,3559,15,20,0.0625,0.8664520917447655,0.12661384896374173,0.8304807362625428,0.05415325573404784,6,0.0037793415636160886,0.0037792278662200918,-1.1369739599679032e-07,-1.1369739599756269e-07
436,negative_cross_entropy,10.0,3559,15,20,0.0625,0.8664520917447655,0.12661384896374173,0.8304807362625428,0.05415325573404784,7,0.002745459845117882,0.00274538460550644,-7.523961144178734e-08,-7.523961144276622e-08
437,accuracy,10.0,3559,15,20,0.0625,0.8664520917447655,0.12661384896374173,0.8304807362625428,0.05415325573404784,0,0.0011785714285714316,0.0,-0.0011785714285714316,-0.0011785714285714403
437,accuracy,10.0,3559,15,20,0.0625,0.8664520917447655,0.12661384896374173,0.8304807362625428,0.05415325573404784,1,0.000854761904761905,0.0,-0.000854761904761905,-0.0008547619047619172
437,accuracy,10.0,3559,15,20,0.0625,0.8664520917447655,0.12661384896374173,0.8304807362625428,0.05415325573404784,2,0.0009119047619047639,0.0,-0.0009119047619047639,-0.00091190476190477
437,accuracy,10.0,3559,15,20,0.0625,0.8664520917447655,0.12661384896374173,0.8304807362625428,0.05415325573404784,3,0.0007404761904761916,0.0,-0.0007404761904761916,-0.0007404761904762046
437,accuracy,10.0,3559,15,20,0.0625,0.8664520917447655,0.12661384896374173,0.8304807362625428,0.05415325573404784,4,0.000892857142857144,0.0,-0.000892857142857144,-0.000892857142857157
437,accuracy,10.0,3559,15,20,0.0625,0.8664520917447655,0.12661384896374173,0.8304807362625428,0.05415325573404784,5,0.0010119047619047642,0.0,-0.0010119047619047642,-0.0010119047619047729
437,accuracy,10.0,3559,15,20,0.0625,0.8664520917447655,0.12661384896374173,0.8304807362625428,0.05415325573404784,6,0.0011547619047619076,0.0,-0.0011547619047619076,-0.0011547619047619188
437,accuracy,10.0,3559,15,20,0.0625,0.8664520917447655,0.12661384896374173,0.8304807362625428,0.05415325573404784,7,0.001254761904761907,0.0010000000000000009,-0.00025476190476190607,-0.00025476190476191735
438,negative_brier,10.0,3559,15,20,0.125,0.8664520917447655,0.12661384896374173,0.8304807362625428,0.10830651146809568,0,0.0024526074815408006,0.0024516207257460065,-9.867557947940662e-07,-9.867557947938551e-07
438,negative_brier,10.0,3559,15,20,0.125,0.8664520917447655,0.12661384896374173,0.8304807362625428,0.10830651146809568,1,0.0022817542505392777,0.002280919097667089,-8.351528721886776e-07,-8.351528721882772e-07
438,negative_brier,10.0,3559,15,20,0.125,0.8664520917447655,0.12661384896374173,0.8304807362625428,0.10830651146809568,2,0.0022325407625574402,0.0022317062149701528,-8.34547587287484e-07,-8.34547587286712e-07
438,negative_brier,10.0,3559,15,20,0.125,0.8664520917447655,0.12661384896374173,0.8304807362625428,0.10830651146809568,3,0.0020023124287612934,0.0020016156970649734,-6.967316963199695e-07,-6.967316963199655e-07
438,negative_brier,10.0,3559,15,20,0.125,0.8664520917447655,0.12661384896374173,0.8304807362625428,0.10830651146809568,4,0.0021234572447307544,0.0021227370813932667,-7.201633374876934e-07,-7.201633374883294e-07
438,negative_brier,10.0,3559,15,20,0.125,0.8664520917447655,0.12661384896374173,0.8304807362625428,0.10830651146809568,5,0.0022592862988391428,0.0022584068473094354,-8.794515297073577e-07,-8.794515297082581e-07
438,negative_brier,10.0,3559,15,20,0.125,0.8664520917447655,0.12661384896374173,0.8304807362625428,0.10830651146809568,6,0.0027519224303491113,0.002750915154203337,-1.0072761457741337e-06,-1.0072761457736664e-06
438,negative_brier,10.0,3559,15,20,0.125,0.8664520917447655,0.12661384896374173,0.8304807362625428,0.10830651146809568,7,0.002035971797192864,0.002035252082817074,-7.197143757900135e-07,-7.197143757890306e-07
439,negative_cross_entropy,10.0,3559,15,20,0.125,0.8664520917447655,0.12661384896374173,0.8304807362625428,0.10830651146809568,0,0.006733228974651962,0.006732344457559103,-8.845170928594576e-07,-8.845170928605312e-07
439,negative_cross_entropy,10.0,3559,15,20,0.125,0.8664520917447655,0.12661384896374173,0.8304807362625428,0.10830651146809568,1,0.006379718985925013,0.006379005681733552,-7.133041914613586e-07,-7.133041914596566e-07
439,negative_cross_entropy,10.0,3559,15,20,0.125,0.8664520917447655,0.12661384896374173,0.8304807362625428,0.10830651146809568,2,0.006068424910846662,0.006067678817436084,-7.460934105781372e-07,-7.460934105794176e-07
439,negative_cross_entropy,10.0,3559,15,20,0.125,0.8664520917447655,0.12661384896374173,0.8304807362625428,0.10830651146809568,3,0.005607803333981706,0.0056072143358921744,-5.889980895313132e-07,-5.889980895324945e-07
439,negative_cross_entropy,10.0,3559,15,20,0.125,0.8664520917447655,0.12661384896374173,0.8304807362625428,0.10830651146809568,4,0.006057578316233283,0.006056978021034887,-6.002951983960156e-07,-6.002951983951644e-07
439,negative_cross_entropy,10.0,3559,15,20,0.125,0.8664520917447655,0.12661384896374173,0.8304807362625428,0.10830651146809568,5,0.006160397233511051,0.0061596459331569875,-7.513003540638927e-07,-7.513003540632069e-07
439,negative_cross_entropy,10.0,3559,15,20,0.125,0.8664520917447655,0.12661384896374173,0.8304807362625428,0.10830651146809568,6,0.007479015658079591,0.007478139617040025,-8.760410395661916e-07,-8.760410395642582e-07
439,negative_cross_entropy,10.0,3559,15,20,0.125,0.8664520917447655,0.12661384896374173,0.8304807362625428,0.10830651146809568,7,0.005428549328067729,0.005427977841801046,-5.714862666827275e-07,-5.714862666808932e-07
440,accuracy,10.0,3559,15,20,0.125,0.8664520917447655,0.12661384896374173,0.8304807362625428,0.10830651146809568,0,0.00450714285714286,0.0050000000000000044,0.0004928571428571447,0.0004928571428571352
440,accuracy,10.0,3559,15,20,0.125,0.8664520917447655,0.12661384896374173,0.8304807362625428,0.10830651146809568,1,0.001959523809523811,0.0010000000000000009,-0.0009595238095238103,-0.0009595238095238129
440,accuracy,10.0,3559,15,20,0.125,0.8664520917447655,0.12661384896374173,0.8304807362625428,0.10830651146809568,2,0.004169047619047623,0.0050000000000000044,0.0008309523809523819,0.0008309523809523732
440,accuracy,10.0,3559,15,20,0.125,0.8664520917447655,0.12661384896374173,0.8304807362625428,0.10830651146809568,3,0.00199761904761905,0.0010000000000000009,-0.0009976190476190493,-0.0009976190476190493
440,accuracy,10.0,3559,15,20,0.125,0.8664520917447655,0.12661384896374173,0.8304807362625428,0.10830651146809568,4,0.0025500000000000037,0.0010000000000000009,-0.0015500000000000028,-0.0015500000000000045
440,accuracy,10.0,3559,15,20,0.125,0.8664520917447655,0.12661384896374173,0.8304807362625428,0.10830651146809568,5,0.002273809523809525,0.0020000000000000018,-0.0002738095238095234,-0.00027380952380952686
440,accuracy,10.0,3559,15,20,0.125,0.8664520917447655,0.12661384896374173,0.8304807362625428,0.10830651146809568,6,0.0048785714285714335,0.0050000000000000044,0.00012142857142857094,0.000121428571428564
440,accuracy,10.0,3559,15,20,0.125,0.8664520917447655,0.12661384896374173,0.8304807362625428,0.10830651146809568,7,0.0016642857142857134,0.0010000000000000009,-0.0006642857142857125,-0.0006642857142857162
441,negative_brier,10.0,3559,15,20,0.25,0.8664520917447655,0.12661384896374173,0.8304807362625428,0.21661302293619136,0,0.004880123479919198,0.004872061476175471,-8.062003743727203e-06,-8.062003743727503e-06
441,negative_brier,10.0,3559,15,20,0.25,0.8664520917447655,0.12661384896374173,0.8304807362625428,0.21661302293619136,1,0.004532611666548872,0.0045258593771762,-6.752289372672152e-06,-6.75228937267088e-06
441,negative_brier,10.0,3559,15,20,0.25,0.8664520917447655,0.12661384896374173,0.8304807362625428,0.21661302293619136,2,0.004435500734354314,0.004428709813298071,-6.790921056243002e-06,-6.790921056243875e-06
441,negative_brier,10.0,3559,15,20,0.25,0.8664520917447655,0.12661384896374173,0.8304807362625428,0.21661302293619136,3,0.003979441938891611,0.003973827499534011,-5.614439357600788e-06,-5.6144393575987925e-06
441,negative_brier,10.0,3559,15,20,0.25,0.8664520917447655,0.12661384896374173,0.8304807362625428,0.21661302293619136,4,0.00422427191219596,0.004218447807649739,-5.824104546221266e-06,-5.824104546216697e-06
441,negative_brier,10.0,3559,15,20,0.25,0.8664520917447655,0.12661384896374173,0.8304807362625428,0.21661302293619136,5,0.004494171489201457,0.004487001829214743,-7.169659986714164e-06,-7.169659986712625e-06
441,negative_brier,10.0,3559,15,20,0.25,0.8664520917447655,0.12661384896374173,0.8304807362625428,0.21661302293619136,6,0.005476455370590498,0.005468246402933197,-8.20896765730151e-06,-8.208967657299287e-06
441,negative_brier,10.0,3559,15,20,0.25,0.8664520917447655,0.12661384896374173,0.8304807362625428,0.21661302293619136,7,0.004026778670195222,0.004021032165798966,-5.746504396256583e-06,-5.746504396253988e-06
442,negative_cross_entropy,10.0,3559,15,20,0.25,0.8664520917447655,0.12661384896374173,0.8304807362625428,0.21661302293619136,0,0.013170381679891171,0.013163814841091526,-6.566838799645577e-06,-6.5668387996460585e-06
442,negative_cross_entropy,10.0,3559,15,20,0.25,0.8664520917447655,0.12661384896374173,0.8304807362625428,0.21661302293619136,1,0.01248880608687428,0.012483582720930975,-5.223365943305552e-06,-5.223365943296535e-06
442,negative_cross_entropy,10.0,3559,15,20,0.25,0.8664520917447655,0.12661384896374173,0.8304807362625428,0.21661302293619136,2,0.01185923078064107,0.011853728335651015,-5.502444990054464e-06,-5.502444990048073e-06
442,negative_cross_entropy,10.0,3559,15,20,0.25,0.8664520917447655,0.12661384896374173,0.8304807362625428,0.21661302293619136,3,0.010990914244736659,0.010986618661225855,-4.295583510803558e-06,-4.295583510802833e-06
442,negative_cross_entropy,10.0,3559,15,20,0.25,0.8664520917447655,0.12661384896374173,0.8304807362625428,0.21661302293619136,4,0.01186660940158132,0.011862254501400327,-4.354900180993798e-06,-4.354900180993306e-06
442,negative_cross_entropy,10.0,3559,15,20,0.25,0.8664520917447655,0.12661384896374173,0.8304807362625428,0.21661302293619136,5,0.012040010837715843,0.01203448575992827,-5.525077787572538e-06,-5.525077787570972e-06
442,negative_cross_entropy,10.0,3559,15,20,0.25,0.8664520917447655,0.12661384896374173,0.8304807362625428,0.21661302293619136,6,0.014630584096501502,0.014624110874073226,-6.4732224282753464e-06,-6.473222428273649e-06
442,negative_cross_entropy,10.0,3559,15,20,0.25,0.8664520917447655,0.12661384896374173,0.8304807362625428,0.21661302293619136,7,0.010602683853261394,0.010598593032135395,-4.090821125998789e-06,-4.090821125990466e-06
443,accuracy,10.0,3559,15,20,0.25,0.8664520917447655,0.12661384896374173,0.8304807362625428,0.21661302293619136,0,0.007992857142857142,0.0050000000000000044,-0.0029928571428571374,-0.002992857142857106
443,accuracy,10.0,3559,15,20,0.25,0.8664520917447655,0.12661384896374173,0.8304807362625428,0.21661302293619136,1,0.005669047619047622,0.0050000000000000044,-0.0006690476190476177,-0.0006690476190475692
443,accuracy,10.0,3559,15,20,0.25,0.8664520917447655,0.12661384896374173,0.8304807362625428,0.21661302293619136,2,0.010950000000000015,0.0040000000000000036,-0.006950000000000012,-0.006949999999999953
443,accuracy,10.0,3559,15,20,0.25,0.8664520917447655,0.12661384896374173,0.8304807362625428,0.21661302293619136,3,0.004921428571428577,0.0030000000000000027,-0.001921428571428574,-0.0019214285714285288
443,accuracy,10.0,3559,15,20,0.25,0.8664520917447655,0.12661384896374173,0.8304807362625428,0.21661302293619136,4,0.0048166666666666705,0.0040000000000000036,-0.0008166666666666669,-0.0008166666666666288
443,accuracy,10.0,3559,15,20,0.25,0.8664520917447655,0.12661384896374173,0.8304807362625428,0.21661302293619136,5,0.0036166666666666743,0.0030000000000000027,-0.0006166666666666716,-0.00061666666666663
443,accuracy,10.0,3559,15,20,0.25,0.8664520917447655,0.12661384896374173,0.8304807362625428,0.21661302293619136,6,0.011426190476190486,0.007000000000000006,-0.004426190476190479,-0.004426190476190431
443,accuracy,10.0,3559,15,20,0.25,0.8664520917447655,0.12661384896374173,0.8304807362625428,0.21661302293619136,7,0.0026071428571428556,0.0020000000000000018,-0.0006071428571428538,-0.0006071428571428235
444,negative_brier,10.0,3559,15,20,0.5,0.8664520917447655,0.12661384896374173,0.8304807362625428,0.4332260458723827,0,0.009576136548857618,0.009510908416147545,-6.52281327100726e-05,-6.522813271007072e-05
444,negative_brier,10.0,3559,15,20,0.5,0.8664520917447655,0.12661384896374173,0.8304807362625428,0.4332260458723827,1,0.00887716228910798,0.008823474012762622,-5.368827634535771e-05,-5.3688276345355485e-05
444,negative_brier,10.0,3559,15,20,0.5,0.8664520917447655,0.12661384896374173,0.8304807362625428,0.4332260458723827,2,0.008681219487865703,0.008626583331221904,-5.4636156643798894e-05,-5.463615664379554e-05
444,negative_brier,10.0,3559,15,20,0.5,0.8664520917447655,0.12661384896374173,0.8304807362625428,0.4332260458723827,3,0.007806538795216149,0.0077621523448992424,-4.4386450316906585e-05,-4.438645031690148e-05
444,negative_brier,10.0,3559,15,20,0.5,0.8664520917447655,0.12661384896374173,0.8304807362625428,0.4332260458723827,4,0.008302648768195666,0.008256384477582368,-4.626429061329804e-05,-4.6264290613291484e-05
444,negative_brier,10.0,3559,15,20,0.5,0.8664520917447655,0.12661384896374173,0.8304807362625428,0.4332260458723827,5,0.008818613900843663,0.008760939586965444,-5.767431387821917e-05,-5.767431387821433e-05
444,negative_brier,10.0,3559,15,20,0.5,0.8664520917447655,0.12661384896374173,0.8304807362625428,0.4332260458723827,6,0.010756524867732752,0.010690372701257889,-6.615216647486329e-05,-6.615216647486358e-05
444,negative_brier,10.0,3559,15,20,0.5,0.8664520917447655,0.12661384896374173,0.8304807362625428,0.4332260458723827,7,0.00781911511708511,0.00777456124223308,-4.4553874852030356e-05,-4.455387485202556e-05
445,negative_cross_entropy,10.0,3559,15,20,0.5,0.8664520917447655,0.12661384896374173,0.8304807362625428,0.4332260458723827,0,0.02509573721596168,0.02505157123622881,-4.416597973287001e-05,-4.416597973286517e-05
445,negative_cross_entropy,10.0,3559,15,20,0.5,0.8664520917447655,0.12661384896374173,0.8304807362625428,0.4332260458723827,1,0.023851330681730072,0.023817232993270765,-3.409768845930722e-05,-3.409768845931482e-05
445,negative_cross_entropy,10.0,3559,15,20,0.5,0.8664520917447655,0.12661384896374173,0.8304807362625428,0.4332260458723827,2,0.022555718191160482,0.022519189694770403,-3.6528496390079296e-05,-3.6528496390076084e-05
445,negative_cross_entropy,10.0,3559,15,20,0.5,0.8664520917447655,0.12661384896374173,0.8304807362625428,0.4332260458723827,3,0.02104856637498823,0.021020799889458486,-2.7766485529743395e-05,-2.776648552973306e-05
445,negative_cross_entropy,10.0,3559,15,20,0.5,0.8664520917447655,0.12661384896374173,0.8304807362625428,0.4332260458723827,4,0.022703641670541876,0.022675990817867753,-2.7650852674122872e-05,-2.7650852674102726e-05
445,negative_cross_entropy,10.0,3559,15,20,0.5,0.8664520917447655,0.12661384896374173,0.8304807362625428,0.4332260458723827,5,0.02290874836235237,0.022872542350297564,-3.62060120548055e-05,-3.6206012054792845e-05
445,negative_cross_entropy,10.0,3559,15,20,0.5,0.8664520917447655,0.12661384896374173,0.8304807362625428,0.4332260458723827,6,0.02789032674548663,0.027847257593162422,-4.306915232420855e-05,-4.3069152324201996e-05
445,negative_cross_entropy,10.0,3559,15,20,0.5,0.8664520917447655,0.12661384896374173,0.8304807362625428,0.4332260458723827,7,0.02015612881996536,0.020131019652336324,-2.5109167629034507e-05,-2.510916762902563e-05
446,accuracy,10.0,3559,15,20,0.5,0.8664520917447655,0.12661384896374173,0.8304807362625428,0.4332260458723827,0,0.011904761904761897,0.009999999999999953,-0.0019047619047619438,-0.0019047619047619438
446,accuracy,10.0,3559,15,20,0.5,0.8664520917447655,0.12661384896374173,0.8304807362625428,0.4332260458723827,1,0.00997142857142857,0.010999999999999954,0.001028571428571384,0.0010285714285713891
446,accuracy,10.0,3559,15,20,0.5,0.8664520917447655,0.12661384896374173,0.8304807362625428,0.4332260458723827,2,0.018280952380952377,0.020999999999999963,0.0027190476190475862,0.0027190476190475828
446,accuracy,10.0,3559,15,20,0.5,0.8664520917447655,0.12661384896374173,0.8304807362625428,0.4332260458723827,3,0.008966666666666668,0.008999999999999952,3.333333333328456e-05,3.333333333329497e-05
446,accuracy,10.0,3559,15,20,0.5,0.8664520917447655,0.12661384896374173,0.8304807362625428,0.4332260458723827,4,0.009347619047619039,0.010999999999999954,0.0016523809523809156,0.001652380952380919
446,accuracy,10.0,3559,15,20,0.5,0.8664520917447655,0.12661384896374173,0.8304807362625428,0.4332260458723827,5,0.005361904761904758,0.00599999999999995,0.000638095238095192,0.000638095238095205
446,accuracy,10.0,3559,15,20,0.5,0.8664520917447655,0.12661384896374173,0.8304807362625428,0.4332260458723827,6,0.018014285714285695,0.01799999999999996,-1.4285714285734025e-05,-1.4285714285749637e-05
446,accuracy,10.0,3559,15,20,0.5,0.8664520917447655,0.12661384896374173,0.8304807362625428,0.4332260458723827,7,0.0021523809523809555,0.0010000000000000009,-0.0011523809523809546,-0.0011523809523809464
447,negative_brier,10.0,3559,15,20,1.0,0.8664520917447655,0.12661384896374173,0.8304807362625428,0.8664520917447655,0,0.017782251248543057,0.017317415560466065,-0.00046483568807699147,-0.00046483568807699586
447,negative_brier,10.0,3559,15,20,1.0,0.8664520917447655,0.12661384896374173,0.8304807362625428,0.8664520917447655,1,0.01653005947572118,0.01615795767250644,-0.00037210180321474093,-0.00037210180321474917
447,negative_brier,10.0,3559,15,20,1.0,0.8664520917447655,0.12661384896374173,0.8304807362625428,0.8664520917447655,2,0.016061711954331963,0.015672694497019746,-0.0003890174573122178,-0.00038901745731221204
447,negative_brier,10.0,3559,15,20,1.0,0.8664520917447655,0.12661384896374173,0.8304807362625428,0.8664520917447655,3,0.0146287137345622,0.014323211299024752,-0.000305502435537449,-0.00030550243553745157
447,negative_brier,10.0,3559,15,20,1.0,0.8664520917447655,0.12661384896374173,0.8304807362625428,0.8664520917447655,4,0.015619363207421423,0.015301989563876073,-0.00031737364354534996,-0.0003173736435453497
447,negative_brier,10.0,3559,15,20,1.0,0.8664520917447655,0.12661384896374173,0.8304807362625428,0.8664520917447655,5,0.016423327593290186,0.016020175068187426,-0.00040315252510276026,-0.0004031525251027612
447,negative_brier,10.0,3559,15,20,1.0,0.8664520917447655,0.12661384896374173,0.8304807362625428,0.8664520917447655,6,0.020071369819578883,0.019601314540781678,-0.00047005527879720455,-0.0004700552787972046
447,negative_brier,10.0,3559,15,20,1.0,0.8664520917447655,0.12661384896374173,0.8304807362625428,0.8664520917447655,7,0.014328490427704012,0.01403727697760071,-0.0002912134501033021,-0.0002912134501033021
448,negative_cross_entropy,10.0,3559,15,20,1.0,0.8664520917447655,0.12661384896374173,0.8304807362625428,0.8664520917447655,0,0.04488467214839403,0.044689040016796744,-0.00019563213159728282,-0.0001956321315972497
448,negative_cross_entropy,10.0,3559,15,20,1.0,0.8664520917447655,0.12661384896374173,0.8304807362625428,0.8664520917447655,1,0.042984199039266015,0.04285055420378214,-0.0001336448354838718,-0.00013364483548385727
448,negative_cross_entropy,10.0,3559,15,20,1.0,0.8664520917447655,0.12661384896374173,0.8304807362625428,0.8664520917447655,2,0.04017910927842505,0.040023972309839784,-0.0001551369685852677,-0.00015513696858521396
448,negative_cross_entropy,10.0,3559,15,20,1.0,0.8664520917447655,0.12661384896374173,0.8304807362625428,0.8664520917447655,3,0.038201504572622516,0.03809779063816643,-0.00010371393445608723,-0.0001037139344560807
448,negative_cross_entropy,10.0,3559,15,20,1.0,0.8664520917447655,0.12661384896374173,0.8304807362625428,0.8664520917447655,4,0.04113202084326559,0.0410385853793358,-9.34354639297863e-05,-9.343546392976544e-05
448,negative_cross_entropy,10.0,3559,15,20,1.0,0.8664520917447655,0.12661384896374173,0.8304807362625428,0.8664520917447655,5,0.040896863400419196,0.04075572821956541,-0.0001411351808537839,-0.00014113518085376816
448,negative_cross_entropy,10.0,3559,15,20,1.0,0.8664520917447655,0.12661384896374173,0.8304807362625428,0.8664520917447655,6,0.04997398070361014,0.04979149013442441,-0.00018249056918572676,-0.00018249056918569735
448,negative_cross_entropy,10.0,3559,15,20,1.0,0.8664520917447655,0.12661384896374173,0.8304807362625428,0.8664520917447655,7,0.035993117366244005,0.03592162030219648,-7.149706404752793e-05,-7.14970640475289e-05
449,accuracy,10.0,3559,15,20,1.0,0.8664520917447655,0.12661384896374173,0.8304807362625428,0.8664520917447655,0,0.02195238095238096,0.026000000000000023,0.004047619047619064,0.00404761904761906
449,accuracy,10.0,3559,15,20,1.0,0.8664520917447655,0.12661384896374173,0.8304807362625428,0.8664520917447655,1,0.0154095238095238,0.014000000000000012,-0.0014095238095237876,-0.0014095238095237841
449,accuracy,10.0,3559,15,20,1.0,0.8664520917447655,0.12661384896374173,0.8304807362625428,0.8664520917447655,2,0.029204761904761893,0.03200000000000003,0.0027952380952381353,0.002795238095238132
449,accuracy,10.0,3559,15,20,1.0,0.8664520917447655,0.12661384896374173,0.8304807362625428,0.8664520917447655,3,0.015376190476190484,0.014000000000000012,-0.0013761904761904718,-0.001376190476190458
449,accuracy,10.0,3559,15,20,1.0,0.8664520917447655,0.12661384896374173,0.8304807362625428,0.8664520917447655,4,0.015380952380952377,0.015000000000000013,-0.0003809523809523638,-0.00038095238095235337
449,accuracy,10.0,3559,15,20,1.0,0.8664520917447655,0.12661384896374173,0.8304807362625428,0.8664520917447655,5,0.008828571428571425,0.006000000000000005,-0.00282857142857142,-0.002828571428571427
449,accuracy,10.0,3559,15,20,1.0,0.8664520917447655,0.12661384896374173,0.8304807362625428,0.8664520917447655,6,0.029057142857142844,0.03200000000000003,0.0029428571428571845,0.002942857142857167
449,accuracy,10.0,3559,15,20,1.0,0.8664520917447655,0.12661384896374173,0.8304807362625428,0.8664520917447655,7,0.002790476190476194,0.0010000000000000009,-0.001790476190476193,-0.001790476190476193
