game_id,utility,alpha,partition_seed,checkpoint_epoch,local_epochs,update_scale,base_weighted_update_norm_sum,base_max_weighted_update_norm,base_weighted_aggregate_norm,scaled_weighted_update_norm_sum,high_order_mass,relative_midpoint_gap,absolute_midpoint_gap,kendall_tau,sign_agreement,efficiency_defect,identity_residual
0,negative_brier,0.1,3109,0,20,0.0625,1.623127863764565,0.5438424982146491,1.067864723005738,0.10144549148528531,0.00011584333858161841,4.71757694256802e-05,5.6102646767977e-07,0.9999999999999998,1.0,-5.521406205577506e-07,1.3630083610301777e-18
1,negative_cross_entropy,0.1,3109,0,20,0.0625,1.623127863764565,0.5438424982146491,1.067864723005738,0.10144549148528531,0.0001630991392748375,7.681388533113482e-05,5.143129271102274e-06,0.9999999999999998,1.0,-5.143129271134583e-06,1.377847319474889e-17
2,accuracy,0.1,3109,0,20,0.0625,1.623127863764565,0.5438424982146491,1.067864723005738,0.10144549148528531,0.8349999999979125,0.984759671625557,0.008000000000000007,0.8864052604279183,0.875,0.008000000000000007,2.6020852139652106e-18
3,negative_brier,0.1,3109,0,20,0.125,1.623127863764565,0.5438424982146491,1.067864723005738,0.20289098297057062,0.0005303311104946789,0.00023795039946585567,5.775937255990068e-06,0.9999999999999998,1.0,-5.670766446919107e-06,3.3701323388880475e-18
4,negative_cross_entropy,0.1,3109,0,20,0.125,1.623127863764565,0.5438424982146491,1.067864723005738,0.20289098297057062,0.0006576429487883758,0.0003061985199198547,4.0773562150567006e-05,0.9999999999999998,1.0,-4.07735621505978e-05,2.0220370516854658e-17
5,accuracy,0.1,3109,0,20,0.125,1.623127863764565,0.5438424982146491,1.067864723005738,0.20289098297057062,0.8823529411752913,0.39642857140379384,0.006342857142857131,0.6943650748294136,1.0,0.000999999999999987,6.071532165918825e-18
6,negative_brier,0.1,3109,0,20,0.25,1.623127863764565,0.5438424982146491,1.067864723005738,0.40578196594114124,0.002840137004725193,0.0013849649055011901,6.983748852666183e-05,0.9999999999999998,1.0,-6.838868657177422e-05,1.3186608922854948e-17
7,negative_cross_entropy,0.1,3109,0,20,0.25,1.623127863764565,0.5438424982146491,1.067864723005738,0.40578196594114124,0.0026605807163990465,0.0012014532550202392,0.00031536837759421274,0.9999999999999998,1.0,-0.0003153683775942717,2.935477382004503e-17
8,accuracy,0.1,3109,0,20,0.25,1.623127863764565,0.5438424982146491,1.067864723005738,0.40578196594114124,0.9078726968166602,0.3713188220182932,0.02900000000000002,0.9285714285714285,0.875,0.029000000000000012,9.107298248878237e-18
9,negative_brier,0.1,3109,0,20,0.5,1.623127863764565,0.5438424982146491,1.067864723005738,0.8115639318822825,0.017820648948377416,0.008981666941737139,0.0009608274773941596,0.9999999999999998,1.0,-0.0009393045872345129,1.043544591017298e-17
10,negative_cross_entropy,0.1,3109,0,20,0.5,1.623127863764565,0.5438424982146491,1.067864723005738,0.8115639318822825,0.010702311903019202,0.004316189039961096,0.0021720217541671078,0.9999999999999998,1.0,-0.002172021754167197,4.710858439449517e-17
11,accuracy,0.1,3109,0,20,0.5,1.623127863764565,0.5438424982146491,1.067864723005738,0.8115639318822825,0.8587521663774446,0.20480769230670787,0.04260000000000006,0.7857142857142856,1.0,-0.031000000000000055,3.729655473350135e-17
12,negative_brier,0.1,3109,0,20,1.0,1.623127863764565,0.5438424982146491,1.067864723005738,1.623127863764565,0.10577179459386878,0.04190630908980162,0.00913918974759905,0.9999999999999998,1.0,-0.00895089674564159,4.90059381963448e-17
13,negative_cross_entropy,0.1,3109,0,20,1.0,1.623127863764565,0.5438424982146491,1.067864723005738,1.623127863764565,0.04337120579101701,0.010686325836050326,0.009397955655854402,0.9999999999999998,1.0,-0.007145625721618365,1.1687699419393738e-16
14,accuracy,0.1,3109,0,20,1.0,1.623127863764565,0.5438424982146491,1.067864723005738,1.623127863764565,0.8326996197716864,0.20509847918171217,0.07834761904761917,0.6428571428571428,1.0,-0.040999999999999925,8.847089727481716e-17
15,negative_brier,0.1,3109,15,20,0.0625,1.2128142113654492,0.4085155330399151,0.6492652891288087,0.07580088821034058,0.00043291137924512555,5.4343016225259625e-05,3.5843819190578736e-07,0.9999999999999998,1.0,3.584381919052859e-07,9.953828270320105e-19
16,negative_cross_entropy,0.1,3109,15,20,0.0625,1.2128142113654492,0.4085155330399151,0.6492652891288087,0.07580088821034058,0.00015195093032231285,1.8799210295548493e-05,3.5588673086175797e-07,0.9999999999999998,1.0,3.5588673086284217e-07,1.8173621278933048e-18
17,accuracy,0.1,3109,15,20,0.0625,1.2128142113654492,0.4085155330399151,0.6492652891288087,0.07580088821034058,0.9296874999981842,0.25185185183481895,0.003723809523809534,0.8864052604279183,0.75,0.0020000000000000018,1.0299920638612292e-17
18,negative_brier,0.1,3109,15,20,0.125,1.2128142113654492,0.4085155330399151,0.6492652891288087,0.15160177642068115,0.0017656006417982846,0.0002200403555794274,2.8951545785750566e-06,0.9999999999999998,1.0,2.88970316020265e-06,4.7660426359631344e-18
19,negative_cross_entropy,0.1,3109,15,20,0.125,1.2128142113654492,0.4085155330399151,0.6492652891288087,0.15160177642068115,0.0006174652621408783,7.520727689541208e-05,2.8242830906091265e-06,0.9999999999999998,1.0,2.8242830906188843e-06,6.822956269251796e-18
20,accuracy,0.1,3109,15,20,0.125,1.2128142113654492,0.4085155330399151,0.6492652891288087,0.15160177642068115,0.9158415841572825,0.118670886073133,0.005000000000000012,0.9819805060619657,1.0,-0.0050000000000000044,3.903127820947816e-18
21,negative_brier,0.1,3109,15,20,0.25,1.2128142113654492,0.4085155330399151,0.6492652891288087,0.3032035528413623,0.007316916108956163,0.0009141343007672394,2.39002430751442e-05,0.9999999999999998,1.0,2.3405508080220905e-05,9.723938234479368e-19
22,negative_cross_entropy,0.1,3109,15,20,0.25,1.2128142113654492,0.4085155330399151,0.6492652891288087,0.3032035528413623,0.002543908416091324,0.0003004729927662421,2.2185165109855128e-05,0.9999999999999998,1.0,2.2185165109878113e-05,1.3156115736753793e-17
23,accuracy,0.1,3109,15,20,0.25,1.2128142113654492,0.4085155330399151,0.6492652891288087,0.3032035528413623,0.899179366939684,0.18608885651572657,0.012166666666666697,0.7252406676228422,0.875,-0.01200000000000001,9.540979117872439e-18
24,negative_brier,0.1,3109,15,20,0.5,1.2128142113654492,0.4085155330399151,0.6492652891288087,0.6064071056827246,0.030946666201417034,0.00392750332423512,0.00020165590445962245,0.9999999999999998,1.0,0.0001896049001188782,1.0509984809531359e-17
25,negative_cross_entropy,0.1,3109,15,20,0.5,1.2128142113654492,0.4085155330399151,0.6492652891288087,0.6064071056827246,0.010704642753269435,0.0012391660652117495,0.00017632038407558058,0.9999999999999998,1.0,0.0001697098291884025,1.1729712253577551e-17
26,accuracy,0.1,3109,15,20,0.5,1.2128142113654492,0.4085155330399151,0.6492652891288087,0.6064071056827246,0.8764510779432516,0.17859198158306192,0.022166666666666727,0.8571428571428571,0.875,-0.0030000000000000027,1.9949319973733282e-17
27,negative_brier,0.1,3109,15,20,1.0,1.2128142113654492,0.4085155330399151,0.6492652891288087,1.2128142113654492,0.1265736485719667,0.01784768327650369,0.0017254901561686465,0.9999999999999998,1.0,0.0014750803285334957,9.269928574751063e-18
28,negative_cross_entropy,0.1,3109,15,20,1.0,1.2128142113654492,0.4085155330399151,0.6492652891288087,1.2128142113654492,0.04566666675056298,0.005644532042734518,0.0014735599859200714,0.9999999999999998,1.0,0.0011995938131184047,4.2717565595928875e-17
29,accuracy,0.1,3109,15,20,1.0,1.2128142113654492,0.4085155330399151,0.6492652891288087,1.2128142113654492,0.8600386100384022,0.24036026795568816,0.035709523809523754,0.9999999999999998,1.0,-0.032999999999999946,2.5153490401663703e-17
30,negative_brier,0.1,3253,0,20,0.0625,1.6475904532978376,0.3475425130634359,0.850623848942954,0.10297440333111485,0.00013809686858331493,2.3054272255274857e-05,2.030785433863923e-07,0.9999999999999998,1.0,-1.4737341935688875e-07,1.0676717951242447e-18
31,negative_cross_entropy,0.1,3253,0,20,0.0625,1.6475904532978376,0.3475425130634359,0.850623848942954,0.10297440333111485,6.948470912947468e-05,2.5320259625663838e-05,1.2963100772945928e-06,0.9999999999999998,1.0,-1.2963100772811487e-06,7.484065484583777e-18
32,accuracy,0.1,3253,0,20,0.0625,1.6475904532978376,0.3475425130634359,0.850623848942954,0.10297440333111485,0.8571428571406706,1.1266094418062353,0.005000000000000004,0.8660254037844386,0.75,0.0050000000000000044,1.1926223897340549e-18
33,negative_brier,0.1,3253,0,20,0.125,1.6475904532978376,0.3475425130634359,0.850623848942954,0.2059488066622297,0.0005522687312811515,9.474335036992658e-05,1.6937932597637967e-06,0.9999999999999998,1.0,-1.2682026890309395e-06,1.437467851049751e-18
34,negative_cross_entropy,0.1,3253,0,20,0.125,1.6475904532978376,0.3475425130634359,0.850623848942954,0.2059488066622297,0.0002820234551000431,0.00010034847469992343,1.0238473461712631e-05,0.9999999999999998,1.0,-1.023847346171003e-05,6.276090622680738e-18
35,accuracy,0.1,3253,0,20,0.125,1.6475904532978376,0.3475425130634359,0.850623848942954,0.2059488066622297,0.8693181818169474,0.6402502606181159,0.005847619047619044,0.8864052604279183,0.875,0.0040000000000000105,5.204170427930421e-18
36,negative_brier,0.1,3253,0,20,0.25,1.6475904532978376,0.3475425130634359,0.850623848942954,0.4118976133244594,0.0022019444371406743,0.0004018159993500289,1.4781460264621507e-05,0.9999999999999998,1.0,-1.1962544412158493e-05,2.5262757651859508e-18
37,negative_cross_entropy,0.1,3253,0,20,0.25,1.6475904532978376,0.3475425130634359,0.850623848942954,0.4118976133244594,0.0011640724211724291,0.00039195596813404633,7.925821996087202e-05,0.9999999999999998,1.0,-7.925821996090932e-05,1.559218249305716e-17
38,accuracy,0.1,3253,0,20,0.25,1.6475904532978376,0.3475425130634359,0.850623848942954,0.4118976133244594,0.8904382470110654,0.31296296295426956,0.011266666666666668,0.7142857142857142,1.0,0.009000000000000001,6.5052130349130266e-18
39,negative_brier,0.1,3253,0,20,0.5,1.6475904532978376,0.3475425130634359,0.850623848942954,0.8237952266489188,0.008884037864069777,0.001847940668202683,0.00014309562112390533,0.9999999999999998,1.0,-0.00013637639376956612,4.594306705907325e-18
40,negative_cross_entropy,0.1,3253,0,20,0.5,1.6475904532978376,0.3475425130634359,0.850623848942954,0.8237952266489188,0.004892370949068667,0.0014574678246922364,0.0005740957317084249,0.9999999999999998,1.0,-0.0005740957317084128,3.7161029461940664e-17
41,accuracy,0.1,3253,0,20,0.5,1.6475904532978376,0.3475425130634359,0.850623848942954,0.8237952266489188,0.8827225130885441,0.09092477570672573,0.012547619047619078,0.9999999999999998,1.0,0.009000000000000036,1.3010426069826053e-17
42,negative_brier,0.1,3253,0,20,1.0,1.6475904532978376,0.3475425130634359,0.850623848942954,1.6475904532978376,0.03785494845307454,0.011315148253136903,0.0018599555203538541,0.9999999999999998,1.0,-0.0018204606826407455,1.054386612742153e-17
43,negative_cross_entropy,0.1,3253,0,20,1.0,1.6475904532978376,0.3475425130634359,0.850623848942954,1.6475904532978376,0.01981703342811177,0.004819114326872853,0.0034812532555734653,0.9999999999999998,1.0,-0.0030683894680217927,7.277029456451145e-17
44,accuracy,0.1,3253,0,20,1.0,1.6475904532978376,0.3475425130634359,0.850623848942954,1.6475904532978376,0.8300613496929973,0.1758130081295452,0.05766666666666663,0.9999999999999998,1.0,-0.05100000000000027,3.469446951953614e-17
45,negative_brier,0.1,3253,15,20,0.0625,1.2836796078665895,0.260771921961767,0.5309647116252258,0.08022997549166185,0.0003813468318988507,4.634517497370618e-05,2.4050739009652913e-07,0.9999999999999998,1.0,-6.189682316692924e-08,4.254355326482732e-19
46,negative_cross_entropy,0.1,3253,15,20,0.0625,1.2836796078665895,0.260771921961767,0.5309647116252258,0.08022997549166185,0.00014001363741758898,1.3146564521306252e-05,1.9683273588745782e-07,0.9999999999999998,1.0,-9.138542533815297e-08,2.7920455872767883e-18
47,accuracy,0.1,3253,15,20,0.0625,1.2836796078665895,0.260771921961767,0.5309647116252258,0.08022997549166185,0.9045643153508205,0.7795414461359328,0.008419047619047625,0.6761234037828132,0.75,-0.008000000000000007,2.168404344971009e-18
48,negative_brier,0.1,3253,15,20,0.125,1.2836796078665895,0.260771921961767,0.5309647116252258,0.1604599509833237,0.0015480915223955707,0.00019073257494572234,1.9773605543842393e-06,0.9999999999999998,1.0,-5.490059996060559e-07,1.557111254849421e-18
49,negative_cross_entropy,0.1,3253,15,20,0.125,1.2836796078665895,0.260771921961767,0.5309647116252258,0.1604599509833237,0.0005639570423111847,5.4209868263483805e-05,1.612116010483132e-06,0.9999999999999998,1.0,-8.060917691121716e-07,3.1388923442876235e-18
50,accuracy,0.1,3253,15,20,0.125,1.2836796078665895,0.260771921961767,0.5309647116252258,0.1604599509833237,0.929914529913735,0.21810014971788355,0.006242857142857144,0.8058229640253803,0.75,0.0,1.3877787807814457e-17
51,negative_brier,0.1,3253,15,20,0.25,1.2836796078665895,0.260771921961767,0.5309647116252258,0.3209199019666474,0.006329030770033518,0.0008075997305837656,1.6686380361990896e-05,0.9999999999999998,1.0,-5.388168870246179e-06,1.362452495658542e-18
52,negative_cross_entropy,0.1,3253,15,20,0.25,1.2836796078665895,0.260771921961767,0.5309647116252258,0.3209199019666474,0.0022821273991634975,0.00023077017045915993,1.3527688869578508e-05,0.9999999999999998,1.0,-7.761273941642166e-06,7.169710382034025e-18
53,accuracy,0.1,3253,15,20,0.25,1.2836796078665895,0.260771921961767,0.5309647116252258,0.3209199019666474,0.9046538024966491,0.2419132301049516,0.015028571428571447,0.836501912571304,0.625,-0.009000000000000008,1.734723475976807e-17
54,negative_brier,0.1,3253,15,20,0.5,1.2836796078665895,0.260771921961767,0.5309647116252258,0.6418398039332948,0.025665856317776223,0.0036194707837524345,0.00014773714405671675,0.9999999999999998,1.0,-6.367688173042341e-05,3.733721231496956e-18
55,negative_cross_entropy,0.1,3253,15,20,0.5,1.2836796078665895,0.260771921961767,0.5309647116252258,0.6418398039332948,0.009271114249620344,0.0010827571938706543,0.000122947584155428,0.9999999999999998,1.0,-8.637804933975257e-05,1.5988593912372173e-17
56,accuracy,0.1,3253,15,20,0.5,1.2836796078665895,0.260771921961767,0.5309647116252258,0.6418398039332948,0.8711943793905905,0.334425118586502,0.028200000000000048,0.7857142857142856,0.875,0.02200000000000002,1.0408340855860843e-17
57,negative_brier,0.1,3253,15,20,1.0,1.2836796078665895,0.260771921961767,0.5309647116252258,1.2836796078665895,0.099560734364413,0.01792836478593795,0.0013944166619701325,0.9999999999999998,1.0,-0.0009589895409747307,7.101524229780054e-18
58,negative_cross_entropy,0.1,3253,15,20,1.0,1.2836796078665895,0.260771921961767,0.5309647116252258,1.2836796078665895,0.03735749889775021,0.005856133634595605,0.0012320907907682633,0.9999999999999998,1.0,-0.0011217999293804404,9.107298248878237e-18
59,accuracy,0.1,3253,15,20,1.0,1.2836796078665895,0.260771921961767,0.5309647116252258,1.2836796078665895,0.8686868686865316,0.22709769857402778,0.02415238095238107,0.9819805060619657,1.0,-0.02300000000000016,1.214306433183765e-17
60,negative_brier,0.1,3301,0,20,0.0625,1.646949895559287,0.36909712027883934,0.9538062954909903,0.10293436847245543,0.00012081487339128652,3.2654638582487707e-05,3.3904851081751263e-07,0.9999999999999998,1.0,-3.182811557089771e-07,1.7264649047410777e-18
61,negative_cross_entropy,0.1,3301,0,20,0.0625,1.646949895559287,0.36909712027883934,0.9538062954909903,0.10293436847245543,0.00010572318182801802,4.6522178732542675e-05,2.722673568398464e-06,0.9999999999999998,1.0,-2.7226735683782977e-06,1.1399898799740408e-17
62,accuracy,0.1,3301,0,20,0.0625,1.646949895559287,0.36909712027883934,0.9538062954909903,0.10293436847245543,0.8034682080901634,1.4999999997499978,0.009000000000000003,0.8164965809277261,1.0,0.009000000000000008,1.0842021724855044e-18
63,negative_brier,0.1,3301,0,20,0.125,1.646949895559287,0.36909712027883934,0.9538062954909903,0.20586873694491087,0.0005057387890600329,0.00014485986236948317,3.053341404827951e-06,0.9999999999999998,1.0,-3.0088560158403332e-06,2.3331522532119703e-18
64,negative_cross_entropy,0.1,3301,0,20,0.125,1.646949895559287,0.36909712027883934,0.9538062954909903,0.20586873694491087,0.0004258203543690558,0.00018329390213023784,2.1335129724658246e-05,0.9999999999999998,1.0,-2.1335129724686652e-05,1.4340267797015305e-17
65,accuracy,0.1,3301,0,20,0.125,1.646949895559287,0.36909712027883934,0.9538062954909903,0.20586873694491087,0.8288770053453773,0.4538437789146936,0.0070000000000000045,0.9258200997725515,0.875,0.007000000000000006,3.144186300207963e-18
66,negative_brier,0.1,3301,0,20,0.25,1.646949895559287,0.36909712027883934,0.9538062954909903,0.41173747388982174,0.0022490549568753952,0.0007496546521432886,3.2494391704952644e-05,0.9999999999999998,1.0,-3.2494391704940284e-05,5.8987374446789476e-18
67,negative_cross_entropy,0.1,3301,0,20,0.25,1.646949895559287,0.36909712027883934,0.9538062954909903,0.41173747388982174,0.0017164845659313642,0.0007045238917053998,0.0001617628423586496,0.9999999999999998,1.0,-0.00016176284235869254,1.3200161450011016e-17
68,accuracy,0.1,3301,0,20,0.25,1.646949895559287,0.36909712027883934,0.9538062954909903,0.41173747388982174,0.9107142857134727,0.23222222221835112,0.013933333333333294,0.9092412093166348,1.0,0.012999999999999984,1.214306433183765e-17
69,negative_brier,0.1,3301,0,20,0.5,1.646949895559287,0.36909712027883934,0.9538062954909903,0.8234749477796435,0.011522063876801587,0.004524723022066091,0.0004098486568473137,0.9999999999999998,1.0,-0.0004098486568472892,1.315950386854281e-17
70,negative_cross_entropy,0.1,3301,0,20,0.5,1.646949895559287,0.36909712027883934,0.9538062954909903,0.8234749477796435,0.006817749088878785,0.0024911514084002347,0.001100795426078811,0.9999999999999998,1.0,-0.0010861906009318467,8.142358315366138e-17
71,accuracy,0.1,3301,0,20,0.5,1.646949895559287,0.36909712027883934,0.9538062954909903,0.8234749477796435,0.8646616541349322,0.10411450825628148,0.019604761904761916,0.8571428571428571,1.0,-0.005999999999999978,2.862293735361732e-17
72,negative_brier,0.1,3301,0,20,1.0,1.646949895559287,0.36909712027883934,0.9538062954909903,1.646949895559287,0.06629106876696,0.024799145787787344,0.004563515523014498,0.9999999999999998,1.0,-0.0045635155230145386,2.190088388420719e-17
73,negative_cross_entropy,0.1,3301,0,20,1.0,1.646949895559287,0.36909712027883934,0.9538062954909903,1.646949895559287,0.025135364862465013,0.005468322736353701,0.004295355490629069,0.9999999999999998,1.0,-0.0035045016812936813,9.128982292327947e-17
74,accuracy,0.1,3301,0,20,1.0,1.646949895559287,0.36909712027883934,0.9538062954909903,1.646949895559287,0.7872044506255957,0.14577526132359742,0.047814285714285726,0.9999999999999998,0.875,-0.02300000000000013,4.683753385137379e-17
75,negative_brier,0.1,3301,15,20,0.0625,1.2601816854071917,0.2639517390975913,0.59369582483033,0.07876135533794948,0.00037372733504037784,3.273488454362537e-05,1.8363690912068714e-07,0.9999999999999998,1.0,-5.500879951547688e-08,7.000909288791554e-19
76,negative_cross_entropy,0.1,3301,15,20,0.0625,1.2601816854071917,0.2639517390975913,0.59369582483033,0.07876135533794948,0.00012230776285950722,1.5805569489246313e-05,2.6226301420086444e-07,0.9999999999999998,1.0,2.360336002205088e-07,2.22208505800325e-18
77,accuracy,0.1,3301,15,20,0.0625,1.2601816854071917,0.2639517390975913,0.59369582483033,0.07876135533794948,0.9175627240126926,0.7681564244683572,0.005238095238095241,0.7715167498104596,0.875,-0.0040000000000000036,3.469446951953614e-18
78,negative_brier,0.1,3301,15,20,0.125,1.2601816854071917,0.2639517390975913,0.59369582483033,0.15752271067589896,0.0015292670805946353,0.00013605045859039398,1.5213408134325034e-06,0.9999999999999998,1.0,-4.794606164315596e-07,4.544199413121313e-19
79,negative_cross_entropy,0.1,3301,15,20,0.125,1.2601816854071917,0.2639517390975913,0.59369582483033,0.15752271067589896,0.0004974855097617056,6.370740562434037e-05,2.098783427730152e-06,0.9999999999999998,1.0,1.8457639661129122e-06,1.2110030046894732e-17
80,accuracy,0.1,3301,15,20,0.125,1.2601816854071917,0.2639517390975913,0.59369582483033,0.15752271067589896,0.909297052153164,0.21309872921901304,0.0051904761904762045,0.9092412093166348,0.75,0.0,1.0408340855860843e-17
81,negative_brier,0.1,3301,15,20,0.25,1.2601816854071917,0.2639517390975913,0.59369582483033,0.3150454213517979,0.006372302044962047,0.0005850865962466747,1.2985707901518083e-05,0.9999999999999998,1.0,-4.459312818116956e-06,1.2626084870009414e-18
82,negative_cross_entropy,0.1,3301,15,20,0.25,1.2601816854071917,0.2639517390975913,0.59369582483033,0.3150454213517979,0.002052807931202371,0.000258342054999328,1.6765471877579294e-05,0.9999999999999998,1.0,1.4049026416218524e-05,8.361062222347199e-18
83,accuracy,0.1,3301,15,20,0.25,1.2601816854071917,0.2639517390975913,0.59369582483033,0.3150454213517979,0.8968152866236326,0.3383443575795699,0.016076190476190494,0.9999999999999998,0.875,-0.015000000000000013,7.589415207398531e-18
84,negative_brier,0.1,3301,15,20,0.5,1.2601816854071917,0.2639517390975913,0.59369582483033,0.6300908427035958,0.027328063646441855,0.0026621342912546667,0.00011593406652901379,0.9999999999999998,1.0,-4.521329372236815e-05,3.7015339795012925e-18
85,negative_cross_entropy,0.1,3301,15,20,0.5,1.2601816854071917,0.2639517390975913,0.59369582483033,0.6300908427035958,0.008654044664089975,0.001055199978726697,0.00013258603405449194,0.9999999999999998,1.0,9.984046909206068e-05,8.592302216947623e-18
86,accuracy,0.1,3301,15,20,0.5,1.2601816854071917,0.2639517390975913,0.59369582483033,0.6300908427035958,0.8705255140895389,0.16229307750027824,0.016433333333333338,0.8571428571428571,1.0,0.01400000000000004,1.9081958235744878e-17
87,negative_brier,0.1,3301,15,20,1.0,1.2601816854071917,0.2639517390975913,0.59369582483033,1.2601816854071917,0.11514894387997907,0.013017353210682068,0.0010736682207217651,0.9999999999999998,1.0,-0.0004846352748855698,1.3118846287074604e-17
88,negative_cross_entropy,0.1,3301,15,20,1.0,1.2601816854071917,0.2639517390975913,0.59369582483033,1.2601816854071917,0.03724579193977677,0.0043108008099924005,0.0010066948792994677,0.9999999999999998,1.0,0.0005782106116669627,1.759118024857731e-17
89,accuracy,0.1,3301,15,20,1.0,1.2601816854071917,0.2639517390975913,0.59369582483033,1.2601816854071917,0.854813664595942,0.42968044773017483,0.04533333333333325,0.7857142857142856,0.875,-0.042999999999999955,1.214306433183765e-17
90,negative_brier,0.1,3463,0,20,0.0625,1.618052820283065,0.34747526835704146,0.8593726102416369,0.10112830126769157,0.00012028275695074698,3.613571952527446e-05,3.3151777778590483e-07,0.9999999999999998,1.0,-3.31517777785173e-07,1.6355412118092489e-18
91,negative_cross_entropy,0.1,3463,0,20,0.0625,1.618052820283065,0.34747526835704146,0.8593726102416369,0.10112830126769157,9.033546133735448e-05,3.196061502919703e-05,1.64708765966904e-06,0.9999999999999998,1.0,-1.5402761819327537e-06,6.0303451888585845e-18
92,accuracy,0.1,3463,0,20,0.0625,1.618052820283065,0.34747526835704146,0.8593726102416369,0.10112830126769157,0.8782608695633082,1.2180974474990693,0.005,0.6813851438692469,0.875,0.0050000000000000044,2.8189256484623115e-18
93,negative_brier,0.1,3463,0,20,0.125,1.618052820283065,0.34747526835704146,0.8593726102416369,0.20225660253538313,0.0005060701322001192,0.00015356882893437156,2.8623823658522653e-06,0.9999999999999998,1.0,-2.858900030044964e-06,2.1477579168816853e-18
94,negative_cross_entropy,0.1,3463,0,20,0.125,1.618052820283065,0.34747526835704146,0.8593726102416369,0.20225660253538313,0.00036521517367193177,0.00012756908068094701,1.3094208190308262e-05,0.9999999999999998,1.0,-1.2084620270913504e-05,6.640738306473715e-18
95,accuracy,0.1,3463,0,20,0.125,1.618052820283065,0.34747526835704146,0.8593726102416369,0.20225660253538313,0.8988549618312035,0.8277027026537673,0.013999999999999992,0.8894991799933214,0.75,0.013999999999999985,7.806255641895632e-18
96,negative_brier,0.1,3463,0,20,0.25,1.618052820283065,0.34747526835704146,0.8593726102416369,0.40451320507076627,0.002233210468167806,0.0006885475765041203,2.644125916520263e-05,0.9999999999999998,1.0,-2.636455562776696e-05,3.914139249262122e-18
97,negative_cross_entropy,0.1,3463,0,20,0.25,1.618052820283065,0.34747526835704146,0.8593726102416369,0.40451320507076627,0.0014874138665936871,0.0005036060804326266,0.00010232420201329584,0.9999999999999998,1.0,-9.179346811949429e-05,1.8768556045260787e-17
98,accuracy,0.1,3463,0,20,0.25,1.618052820283065,0.34747526835704146,0.8593726102416369,0.40451320507076627,0.9138972809660765,0.4908747639932499,0.026000000000000023,0.9999999999999998,0.875,0.026000000000000023,1.5612511283791264e-17
99,negative_brier,0.1,3463,0,20,0.5,1.618052820283065,0.34747526835704146,0.8593726102416369,0.8090264101415325,0.01074860471053015,0.0032878009144936683,0.00026547367973946633,0.9999999999999998,1.0,-0.0002646306903532625,1.003564635906895e-17
100,negative_cross_entropy,0.1,3463,0,20,0.5,1.618052820283065,0.34747526835704146,0.8593726102416369,0.8090264101415325,0.006062371334312463,0.0018761103150416536,0.0007406949370873522,0.9999999999999998,1.0,-0.0006197430923140512,6.105413483808997e-17
101,accuracy,0.1,3463,0,20,0.5,1.618052820283065,0.34747526835704146,0.8593726102416369,0.8090264101415325,0.8831985624434487,0.11247626493846699,0.019180952380952382,0.8571428571428571,0.75,0.011000000000000038,1.5612511283791264e-17
102,negative_brier,0.1,3463,0,20,1.0,1.618052820283065,0.34747526835704146,0.8593726102416369,1.618052820283065,0.05799275619583936,0.012957702541185053,0.0021933815546827454,0.9999999999999998,1.0,-0.002193381554682794,3.979021973021801e-17
103,negative_cross_entropy,0.1,3463,0,20,1.0,1.618052820283065,0.34747526835704146,0.8593726102416369,1.618052820283065,0.02414448002039083,0.004785555717059089,0.003454278545572509,0.9999999999999998,1.0,-0.002099433153914476,5.976664475826343e-17
104,accuracy,0.1,3463,0,20,1.0,1.618052820283065,0.34747526835704146,0.8593726102416369,1.618052820283065,0.8131404460515937,0.20521114105955215,0.06525714285714282,0.9285714285714285,0.875,-0.05999999999999983,8.673617379884035e-17
105,negative_brier,0.1,3463,15,20,0.0625,1.2805976957843035,0.2609012870446728,0.5527102899086109,0.08003735598651897,0.0005013165248966593,6.39754337119759e-05,3.313402980022412e-07,0.9999999999999998,1.0,-5.731011276655096e-08,2.7258909906072474e-19
106,negative_cross_entropy,0.1,3463,15,20,0.0625,1.2805976957843035,0.2609012870446728,0.5527102899086109,0.08003735598651897,0.00014823710067806675,2.1105815943089453e-05,3.10298920680528e-07,0.9999999999999998,1.0,-1.1986263681595943e-07,3.7915891327899406e-18
107,accuracy,0.1,3463,15,20,0.0625,1.2805976957843035,0.2609012870446728,0.5527102899086109,0.08003735598651897,0.9014925373120873,0.621395348776515,0.006361904761904771,0.6172133998483676,0.875,0.0010000000000000009,4.228388472693467e-18
108,negative_brier,0.1,3463,15,20,0.125,1.2805976957843035,0.2609012870446728,0.5527102899086109,0.16007471197303794,0.002040605879946329,0.00025939264445848506,2.6829911517510584e-06,0.9999999999999998,1.0,-4.790467884041583e-07,7.929816573076353e-19
109,negative_cross_entropy,0.1,3463,15,20,0.125,1.2805976957843035,0.2609012870446728,0.5527102899086109,0.16007471197303794,0.0006053795020954867,8.701420646481186e-05,2.541017346672711e-06,0.9999999999999998,1.0,-1.0287635778816195e-06,3.932171786615778e-18
110,accuracy,0.1,3463,15,20,0.125,1.2805976957843035,0.2609012870446728,0.5527102899086109,0.16007471197303794,0.8921282798820814,0.23870088574832446,0.005004761904761907,0.9819805060619657,1.0,-0.0030000000000000027,3.469446951953614e-18
111,negative_brier,0.1,3463,15,20,0.25,1.2805976957843035,0.2609012870446728,0.5527102899086109,0.3201494239460759,0.008415815072553815,0.0010641087083279638,2.1923966953305376e-05,0.9999999999999998,1.0,-4.2278616523838686e-06,1.8098976500456262e-18
112,negative_cross_entropy,0.1,3463,15,20,0.25,1.2805976957843035,0.2609012870446728,0.5527102899086109,0.3201494239460759,0.002521338464848238,0.0003696988956524894,2.128083104556769e-05,0.9999999999999998,1.0,-9.4048033491001e-06,6.6941013821507356e-18
113,accuracy,0.1,3463,15,20,0.25,1.2805976957843035,0.2609012870446728,0.5527102899086109,0.3201494239460759,0.9056603773578334,0.11078599535634455,0.005228571428571409,0.9092412093166348,0.875,2.7755575615628914e-17,1.214306433183765e-17
114,negative_brier,0.1,3463,15,20,0.5,1.2805976957843035,0.2609012870446728,0.5527102899086109,0.6402988478921517,0.034826290387815276,0.004442413508232775,0.00018068450413569648,0.9999999999999998,1.0,-4.246151106318541e-05,7.62668465707772e-18
115,negative_cross_entropy,0.1,3463,15,20,0.5,1.2805976957843035,0.2609012870446728,0.5527102899086109,0.6402988478921517,0.010819461301604431,0.0016668261276261245,0.000185824765823254,0.9999999999999998,1.0,-9.567782948116665e-05,1.8082459357984804e-17
116,accuracy,0.1,3463,15,20,0.5,1.2805976957843035,0.2609012870446728,0.5527102899086109,0.6402988478921517,0.8615879828321551,0.3508021984081677,0.03009047619047618,0.9285714285714285,0.875,-0.03,1.5612511283791264e-17
117,negative_brier,0.1,3463,15,20,1.0,1.2805976957843035,0.2609012870446728,0.5527102899086109,1.2805976957843035,0.13655415452587266,0.01904691020497706,0.0014759823316847598,0.9999999999999998,1.0,-0.0005493035105370025,7.237049501340742e-18
118,negative_cross_entropy,0.1,3463,15,20,1.0,1.2805976957843035,0.2609012870446728,0.5527102899086109,1.2805976957843035,0.047380249556412596,0.008391648939244968,0.001731641063630409,0.9999999999999998,1.0,-0.0011188152076657687,2.6508743117270583e-17
119,accuracy,0.1,3463,15,20,1.0,1.2805976957843035,0.2609012870446728,0.5527102899086109,1.2805976957843035,0.8071135430913792,0.3532943409352675,0.04343333333333329,0.7142857142857142,0.875,-0.03300000000000014,1.9081958235744878e-17
120,negative_brier,0.1,3559,0,20,0.0625,1.5934493656792204,0.38520842673090083,0.9341112859749645,0.09959058535495127,0.00010567152364980231,3.916885618330856e-05,4.0000597234364174e-07,0.9999999999999998,1.0,-3.716823055444074e-07,1.4745255424921267e-18
121,negative_cross_entropy,0.1,3559,0,20,0.0625,1.5934493656792204,0.38520842673090083,0.9341112859749645,0.09959058535495127,0.00011495433711103144,5.6524801186484746e-05,3.2661417817092357e-06,0.9999999999999998,1.0,-3.266141781699261e-06,6.47577863999594e-18
122,accuracy,0.1,3559,0,20,0.0625,1.5934493656792204,0.38520842673090083,0.9341112859749645,0.09959058535495127,0.8607594936690701,0.999999999833331,0.005999999999999998,0.7791937224739796,1.0,0.006000000000000005,2.168404344971009e-18
123,negative_brier,0.1,3559,0,20,0.125,1.5934493656792204,0.38520842673090083,0.9341112859749645,0.19918117070990254,0.0004585185404185193,0.0001836288986643311,3.816656181803303e-06,0.9999999999999998,1.0,-3.7292697920854323e-06,2.4535368108404877e-18
124,negative_cross_entropy,0.1,3559,0,20,0.125,1.5934493656792204,0.38520842673090083,0.9341112859749645,0.19918117070990254,0.0004641384108486072,0.00022668147121794304,2.6058719001732095e-05,0.9999999999999998,1.0,-2.6058719001742503e-05,1.1238433144170057e-17
125,accuracy,0.1,3559,0,20,0.125,1.5934493656792204,0.38520842673090083,0.9341112859749645,0.19918117070990254,0.8621621621609971,0.5042801556008172,0.006171428571428569,0.9636241116594316,0.875,0.006000000000000005,1.0299920638612292e-17
126,negative_brier,0.1,3559,0,20,0.25,1.5934493656792204,0.38520842673090083,0.9341112859749645,0.3983623414198051,0.002174599766231271,0.0010183735185432417,4.3746300224308194e-05,0.9999999999999998,1.0,-4.374630022430104e-05,6.227386228213616e-18
127,negative_cross_entropy,0.1,3559,0,20,0.25,1.5934493656792204,0.38520842673090083,0.9341112859749645,0.3983623414198051,0.0018821330170476448,0.0009049355912034571,0.00020534121726247228,0.9999999999999998,1.0,-0.0002053412172624558,3.0418647201796434e-17
128,accuracy,0.1,3559,0,20,0.25,1.5934493656792204,0.38520842673090083,0.9341112859749645,0.3983623414198051,0.9088098918076438,0.20647619047206017,0.010323809523809483,0.9819805060619657,1.0,-0.00899999999999998,2.0816681711721685e-17
129,negative_brier,0.1,3559,0,20,0.5,1.5934493656792204,0.38520842673090083,0.9341112859749645,0.7967246828396102,0.012830237984295462,0.006656359837196906,0.0006027629165890579,0.9999999999999998,1.0,-0.0006027629165890613,4.2825985813177425e-18
130,negative_cross_entropy,0.1,3559,0,20,0.5,1.5934493656792204,0.38520842673090083,0.9341112859749645,0.7967246828396102,0.00769364536208104,0.0034521971463505148,0.001509584223726398,0.9999999999999998,1.0,-0.001509584223726268,1.421931149214739e-16
131,accuracy,0.1,3559,0,20,0.5,1.5934493656792204,0.38520842673090083,0.9341112859749645,0.7967246828396102,0.8486140724942177,0.10451839826780429,0.01839523809523808,0.9285714285714285,1.0,-0.012999999999999956,2.949029909160572e-17
132,negative_brier,0.1,3559,0,20,1.0,1.5934493656792204,0.38520842673090083,0.9341112859749645,1.5934493656792204,0.07885791642252395,0.036916190805408644,0.006846894806252034,0.9999999999999998,1.0,-0.006846894806252002,5.377642775528102e-17
133,negative_cross_entropy,0.1,3559,0,20,1.0,1.5934493656792204,0.38520842673090083,0.9341112859749645,1.5934493656792204,0.029586202521326706,0.00890134781026539,0.006926357945221201,0.9999999999999998,1.0,-0.00692635794522134,1.0451708942760263e-16
134,accuracy,0.1,3559,0,20,1.0,1.5934493656792204,0.38520842673090083,0.9341112859749645,1.5934493656792204,0.8850450450448858,0.3576158940385511,0.1080000000000001,0.9285714285714285,1.0,-0.10799999999999998,5.551115123125783e-17
135,negative_brier,0.1,3559,15,20,0.0625,1.2068968011062235,0.27884753508722065,0.5703607914333484,0.07543105006913897,0.00029793522907184134,3.012593433761373e-05,1.6550878733802136e-07,0.9999999999999998,1.0,-2.2037540126085275e-08,1.8627379475755137e-18
136,negative_cross_entropy,0.1,3559,15,20,0.0625,1.2068968011062235,0.27884753508722065,0.5703607914333484,0.07543105006913897,9.280474971389458e-05,1.007309693398059e-05,1.6049792961510007e-07,0.9999999999999998,1.0,6.576016930992523e-08,1.7966759951345787e-18
137,accuracy,0.1,3559,15,20,0.0625,1.2068968011062235,0.27884753508722065,0.5703607914333484,0.07543105006913897,0.9203980099479593,0.7082818293271076,0.005457142857142859,0.6943650748294136,0.875,0.0040000000000000036,3.903127820947816e-18
138,negative_brier,0.1,3559,15,20,0.125,1.2068968011062235,0.27884753508722065,0.5703607914333484,0.15086210013827794,0.0012162195899322664,0.00012356435078749264,1.3535922660080457e-06,0.9999999999999998,1.0,-1.9182025651209855e-07,2.5110821116945767e-18
139,negative_cross_entropy,0.1,3559,15,20,0.125,1.2068968011062235,0.27884753508722065,0.5703607914333484,0.15086210013827794,0.00037691759317015465,4.121784421949974e-05,1.3035554682131172e-06,0.9999999999999998,1.0,4.946786246184942e-07,4.708020879076215e-18
140,accuracy,0.1,3559,15,20,0.125,1.2068968011062235,0.27884753508722065,0.5703607914333484,0.15086210013827794,0.9034090909078076,0.5916481891862073,0.015247619047619052,0.7637626158259734,0.625,-0.01100000000000001,1.2576745200831851e-17
141,negative_brier,0.1,3559,15,20,0.25,1.2068968011062235,0.27884753508722065,0.5703607914333484,0.3017242002765559,0.0050536951203608745,0.0005184927539154564,1.1282722004093168e-05,0.9999999999999998,1.0,-1.79983346243473e-06,1.5117420526121125e-18
142,negative_cross_entropy,0.1,3559,15,20,0.25,1.2068968011062235,0.27884753508722065,0.5703607914333484,0.3017242002765559,0.0015506657608112349,0.00017226846947234742,1.0727510107625716e-05,0.9999999999999998,1.0,3.4320899171547126e-06,4.427864731771855e-18
143,accuracy,0.1,3559,15,20,0.25,1.2068968011062235,0.27884753508722065,0.5703607914333484,0.3017242002765559,0.9143646408833466,0.19013862633585918,0.011495238095238093,0.9999999999999998,1.0,0.010000000000000009,1.0408340855860843e-17
144,negative_brier,0.1,3559,15,20,0.5,1.2068968011062235,0.27884753508722065,0.5703607914333484,0.6034484005531118,0.021411555939302603,0.0022621651622441894,9.68319242947356e-05,0.9999999999999998,1.0,-1.9173139465589184e-05,2.2260025853843013e-18
145,negative_cross_entropy,0.1,3559,15,20,0.5,1.2068968011062235,0.27884753508722065,0.5703607914333484,0.6034484005531118,0.006502970403194783,0.0007484022807473958,9.018271139804969e-05,0.9999999999999998,1.0,1.828036221185325e-05,2.919891975775024e-17
146,accuracy,0.1,3559,15,20,0.5,1.2068968011062235,0.27884753508722065,0.5703607914333484,0.6034484005531118,0.8802588996759005,0.08130477117735767,0.007952380952380964,0.9285714285714285,1.0,-0.0040000000000000036,9.540979117872439e-18
147,negative_brier,0.1,3559,15,20,1.0,1.2068968011062235,0.27884753508722065,0.5703607914333484,1.2068968011062235,0.08858674776575429,0.010434557004113311,0.0008535101116500252,0.9999999999999998,1.0,-0.00024443951168440226,1.4203048459560108e-17
148,negative_cross_entropy,0.1,3559,15,20,1.0,1.2068968011062235,0.27884753508722065,0.5703607914333484,1.2068968011062235,0.028013454073607384,0.003476148473764539,0.0007788094518864407,0.9999999999999998,1.0,-2.221013363112867e-05,1.940721888749053e-17
149,accuracy,0.1,3559,15,20,1.0,1.2068968011062235,0.27884753508722065,0.5703607914333484,1.2068968011062235,0.8385460693149464,0.20692993290237807,0.0295190476190476,0.9819805060619657,1.0,-0.023000000000000076,2.3852447794681098e-17
150,negative_brier,0.5,3109,0,20,0.0625,1.5685300653873264,0.37537968938184446,1.1926157193892524,0.0980331290867079,0.00014503979586848176,5.9580274608873823e-05,8.031001940614476e-07,0.9999999999999998,1.0,-8.031001940689286e-07,2.969697513073577e-18
151,negative_cross_entropy,0.5,3109,0,20,0.0625,1.5685300653873264,0.37537968938184446,1.1926157193892524,0.0980331290867079,0.00028977989572537846,0.0001454505097511818,1.1006897688843002e-05,0.9999999999999998,1.0,-1.1006897688847772e-05,6.7404764360129085e-18
152,accuracy,0.5,3109,0,20,0.0625,1.5685300653873264,0.37537968938184446,1.1926157193892524,0.0980331290867079,0.8526785714266681,1.124999999859374,0.009000000000000005,0.5041841733655161,1.0,0.009000000000000008,1.3010426069826053e-18
153,negative_brier,0.5,3109,0,20,0.125,1.5685300653873264,0.37537968938184446,1.1926157193892524,0.1960662581734158,0.0006577890845655928,0.0003237808285755646,8.91675394754164e-06,0.9999999999999998,1.0,-8.91675394754099e-06,2.7511630126819675e-18
154,negative_cross_entropy,0.5,3109,0,20,0.125,1.5685300653873264,0.37537968938184446,1.1926157193892524,0.1960662581734158,0.0011633668448870504,0.0005854879694684542,8.801706801600615e-05,0.9999999999999998,1.0,-8.801706801597753e-05,1.0711578650977882e-17
155,accuracy,0.5,3109,0,20,0.125,1.5685300653873264,0.37537968938184446,1.1926157193892524,0.1960662581734158,0.8979057591611285,0.47571428569050067,0.009514285714285725,0.7181324987175317,1.0,0.008000000000000007,6.938893903907228e-18
156,negative_brier,0.5,3109,0,20,0.25,1.5685300653873264,0.37537968938184446,1.1926157193892524,0.3921325163468316,0.00348214569408892,0.0020371404403101263,0.00011669907984318594,0.9999999999999998,1.0,-0.0001166990798431855,3.110304982317791e-18
157,negative_cross_entropy,0.5,3109,0,20,0.25,1.5685300653873264,0.37537968938184446,1.1926157193892524,0.3921325163468316,0.00467186126169096,0.0023488763883617284,0.0006940395404983445,0.9999999999999998,1.0,-0.0006940395404984034,2.4679151951201295e-17
158,accuracy,0.5,3109,0,20,0.25,1.5685300653873264,0.37537968938184446,1.1926157193892524,0.3921325163468316,0.9577594123044273,0.10857142857022217,0.009771428571428566,0.836501912571304,1.0,0.000999999999999987,2.949029909160572e-17
159,negative_brier,0.5,3109,0,20,0.5,1.5685300653873264,0.37537968938184446,1.1926157193892524,0.7842650326936632,0.02218154573794375,0.013942264972457815,0.0016927101362646654,0.9999999999999998,1.0,-0.001692710136264708,1.6317242695906842e-17
160,negative_cross_entropy,0.5,3109,0,20,0.5,1.5685300653873264,0.37537968938184446,1.1926157193892524,0.7842650326936632,0.018629471995674916,0.00892251963239512,0.0050113807260836925,0.9999999999999998,1.0,-0.005011380726083758,5.789639601072594e-17
161,accuracy,0.5,3109,0,20,0.5,1.5685300653873264,0.37537968938184446,1.1926157193892524,0.7842650326936632,0.9360180654872158,0.33199999999867186,0.08299999999999996,0.9285714285714285,1.0,-0.08299999999999999,8.326672684688674e-17
162,negative_brier,0.5,3109,0,20,1.0,1.5685300653873264,0.37537968938184446,1.1926157193892524,1.5685300653873264,0.14626333615953127,0.06832594012182984,0.016572894097277722,0.9999999999999998,1.0,-0.01657289409727769,3.859759734048396e-17
163,negative_cross_entropy,0.5,3109,0,20,1.0,1.5685300653873264,0.37537968938184446,1.1926157193892524,1.5685300653873264,0.07363405218171058,0.020923470242185452,0.02001256663985631,0.9999999999999998,1.0,-0.020012566639856177,1.0755285551056204e-16
164,accuracy,0.5,3109,0,20,1.0,1.5685300653873264,0.37537968938184446,1.1926157193892524,1.5685300653873264,0.8566844919784942,0.34068627450896916,0.13900000000000018,0.8571428571428571,1.0,-0.13899999999999996,3.8163916471489756e-17
165,negative_brier,0.5,3109,15,20,0.0625,1.102447228834547,0.2725003489730861,0.7201528306013258,0.06890295180215919,0.0002498886421905791,5.5239137195688455e-05,4.1564666475139844e-07,0.9999999999999998,1.0,4.1564666475313317e-07,7.413655870843264e-19
166,negative_cross_entropy,0.5,3109,15,20,0.0625,1.102447228834547,0.2725003489730861,0.7201528306013258,0.06890295180215919,8.298324673252955e-05,1.6519861134727483e-05,3.5647983131299656e-07,0.9999999999999998,1.0,3.562712886928665e-07,2.482322696157333e-18
167,accuracy,0.5,3109,15,20,0.0625,1.102447228834547,0.2725003489730861,0.7201528306013258,0.06890295180215919,0.9213483146054475,0.46072838960212686,0.005000000000000003,0.8058229640253803,0.875,-0.0050000000000000044,4.7704895589362195e-18
168,negative_brier,0.5,3109,15,20,0.125,1.102447228834547,0.2725003489730861,0.7201528306013258,0.13780590360431838,0.0010086329265244045,0.00022411244853982412,3.3675399462343132e-06,0.9999999999999998,1.0,3.3675399462307354e-06,1.2886282803494095e-18
169,negative_cross_entropy,0.5,3109,15,20,0.125,1.102447228834547,0.2725003489730861,0.7201528306013258,0.13780590360431838,0.000333304873633168,6.731868360529604e-05,2.8803850203632745e-06,0.9999999999999998,1.0,2.8803850203873438e-06,8.69849897270963e-18
170,accuracy,0.5,3109,15,20,0.125,1.102447228834547,0.2725003489730861,0.7201528306013258,0.13780590360431838,0.9214723926374715,0.5221630053152666,0.019128571428571446,0.9285714285714285,0.875,-0.016000000000000014,5.204170427930421e-18
171,negative_brier,0.5,3109,15,20,0.25,1.102447228834547,0.2725003489730861,0.7201528306013258,0.27561180720863676,0.004096970590195711,0.0009193662903100397,2.751111738752063e-05,0.9999999999999998,1.0,2.751111738752421e-05,1.4543555704356337e-18
172,negative_cross_entropy,0.5,3109,15,20,0.25,1.102447228834547,0.2725003489730861,0.7201528306013258,0.27561180720863676,0.0013443965857938608,0.0002783796223263938,2.339958890608656e-05,0.9999999999999998,1.0,2.339958890607008e-05,1.3081576837395414e-17
173,accuracy,0.5,3109,15,20,0.25,1.102447228834547,0.2725003489730861,0.7201528306013258,0.27561180720863676,0.9095801937562381,0.3037895396129187,0.018476190476190455,0.6671243849949912,0.625,-0.018000000000000016,3.469446951953614e-17
174,negative_brier,0.5,3109,15,20,0.5,1.102447228834547,0.2725003489730861,0.7201528306013258,0.5512236144172735,0.016905101445426785,0.0038228875440098247,0.00022567275536701276,0.9999999999999998,1.0,0.00022567275536700127,3.903127820947816e-18
175,negative_cross_entropy,0.5,3109,15,20,0.5,1.102447228834547,0.2725003489730861,0.7201528306013258,0.5512236144172735,0.0054360728671906085,0.0011701604934155473,0.00018930338091297481,0.9999999999999998,1.0,0.00018930338091294185,2.139266411585461e-17
176,accuracy,0.5,3109,15,20,0.5,1.102447228834547,0.2725003489730861,0.7201528306013258,0.5512236144172735,0.8864442867278612,0.22373123659546976,0.02384761904761896,0.9285714285714285,1.0,0.006000000000000172,2.2551405187698492e-17
177,negative_brier,0.5,3109,15,20,1.0,1.102447228834547,0.2725003489730861,0.7201528306013258,1.102447228834547,0.07045628234635054,0.015987132919628926,0.0017962905797080826,0.9999999999999998,1.0,0.001796290579708093,1.1438332919722072e-17
178,negative_cross_entropy,0.5,3109,15,20,1.0,1.102447228834547,0.2725003489730861,0.7201528306013258,1.102447228834547,0.021679598955563848,0.005013499704571689,0.0014867910328671009,0.9999999999999998,1.0,0.0014867910328671963,3.485709984540897e-17
179,accuracy,0.5,3109,15,20,1.0,1.102447228834547,0.2725003489730861,0.7201528306013258,1.102447228834547,0.8784621744520714,0.30376284932684255,0.046014285714285605,0.6182840223353117,1.0,-0.0009999999999998899,5.117434254131581e-17
180,negative_brier,0.5,3253,0,20,0.0625,1.588931625073474,0.3326040113573579,1.1295398059490016,0.09930822656709212,8.611142026140013e-05,9.997023462615498e-06,1.2762621685500318e-07,0.9999999999999998,1.0,-2.282314082169279e-08,9.127987690359414e-19
181,negative_cross_entropy,0.5,3253,0,20,0.0625,1.588931625073474,0.3326040113573579,1.1295398059490016,0.09930822656709212,0.00028062023277465706,0.0001410518908619148,1.0072051274553039e-05,0.9999999999999998,1.0,-1.0072051274567784e-05,5.683802834313169e-18
182,accuracy,0.5,3253,0,20,0.0625,1.588931625073474,0.3326040113573579,1.1295398059490016,0.09930822656709212,0.8297872340407877,0.8999999999099993,0.009000000000000005,0.8864052604279183,1.0,0.009000000000000008,1.951563910473908e-18
183,negative_brier,0.5,3253,0,20,0.125,1.588931625073474,0.3326040113573579,1.1295398059490016,0.19861645313418425,0.00038905412769648257,0.00011889134832366838,3.104954111213514e-06,0.9999999999999998,1.0,-3.1049541112104784e-06,1.5733636995248629e-18
184,negative_cross_entropy,0.5,3253,0,20,0.125,1.588931625073474,0.3326040113573579,1.1295398059490016,0.19861645313418425,0.0011307492927225625,0.0005717517167527254,8.11330533274212e-05,0.9999999999999998,1.0,-8.113305332746457e-05,2.065405138584886e-17
185,accuracy,0.5,3253,0,20,0.125,1.588931625073474,0.3326040113573579,1.1295398059490016,0.19861645313418425,0.9495934959341874,0.33333333331481424,0.00599999999999999,0.7791937224739796,1.0,-0.0059999999999999915,1.3877787807814457e-17
186,negative_brier,0.5,3253,0,20,0.25,1.588931625073474,0.3326040113573579,1.1295398059490016,0.3972329062683685,0.002498842367937042,0.0015045334297553686,8.19597623717542e-05,0.9999999999999998,1.0,-8.195976237174163e-05,3.831977053378455e-18
187,negative_cross_entropy,0.5,3253,0,20,0.25,1.588931625073474,0.3326040113573579,1.1295398059490016,0.3972329062683685,0.004562861700414972,0.002326971733021168,0.0006495376822567983,0.9999999999999998,1.0,-0.0006495376822568399,3.8502729650391476e-17
188,accuracy,0.5,3253,0,20,0.25,1.588931625073474,0.3326040113573579,1.1295398059490016,0.3972329062683685,0.9580888516341336,0.16555924695267066,0.014238095238095234,0.7715167498104596,1.0,-0.008000000000000049,2.0816681711721685e-17
189,negative_brier,0.5,3253,0,20,0.5,1.588931625073474,0.3326040113573579,1.1295398059490016,0.794465812536737,0.021667301518982905,0.01460802774362665,0.0016931052328057151,0.9999999999999998,1.0,-0.0016931052328056917,1.7618285302889447e-17
190,negative_cross_entropy,0.5,3253,0,20,0.5,1.588931625073474,0.3326040113573579,1.1295398059490016,0.794465812536737,0.018163275407890242,0.00911188760356935,0.004843823830100194,0.9999999999999998,1.0,-0.004843823830100291,4.618701254788249e-17
191,accuracy,0.5,3253,0,20,0.5,1.588931625073474,0.3326040113573579,1.1295398059490016,0.794465812536737,0.8857644991210057,0.20537352555606955,0.04477142857142853,0.6182840223353117,1.0,-0.04300000000000001,4.163336342344337e-17
192,negative_brier,0.5,3253,0,20,1.0,1.588931625073474,0.3326040113573579,1.1295398059490016,1.588931625073474,0.1531918226679713,0.08683619303984817,0.019976927439739747,0.8571428571428571,1.0,-0.019976927439739722,1.496198998029996e-17
193,negative_cross_entropy,0.5,3253,0,20,1.0,1.588931625073474,0.3326040113573579,1.1295398059490016,1.588931625073474,0.07067614131955079,0.0246431357479213,0.02240461594453603,0.9999999999999998,1.0,-0.022404615944536133,8.586881206085195e-17
194,accuracy,0.5,3253,0,20,1.0,1.588931625073474,0.3326040113573579,1.1295398059490016,1.588931625073474,0.8634259259257823,0.23232323232264537,0.09199999999999989,0.7142857142857142,1.0,-0.09199999999999986,9.020562075079397e-17
195,negative_brier,0.5,3253,15,20,0.0625,1.1394043940257501,0.2395040187737424,0.6784303911894591,0.07121277462660938,0.00021759074814177722,2.3379939795093893e-05,1.6513634189252446e-07,0.9999999999999998,1.0,-8.966805120635968e-08,8.652871690121206e-19
196,negative_cross_entropy,0.5,3253,15,20,0.0625,1.1394043940257501,0.2395040187737424,0.6784303911894591,0.07121277462660938,6.708261755343401e-05,4.245337322318118e-06,8.520393801549238e-08,0.9999999999999998,1.0,-4.53121717924887e-09,1.6851604680338548e-18
197,accuracy,0.5,3253,15,20,0.0625,1.1394043940257501,0.2395040187737424,0.6784303911894591,0.07121277462660938,0.9233716475078096,0.5325396824509254,0.003195238095238097,0.4999999999999999,1.0,0.0030000000000000027,2.2768245622195593e-18
198,negative_brier,0.5,3253,15,20,0.125,1.1394043940257501,0.2395040187737424,0.6784303911894591,0.14242554925321876,0.0008836952432407167,9.179923883719699e-05,1.2908994342592049e-06,0.9999999999999998,1.0,-6.815603734722231e-07,5.307124635691221e-19
199,negative_cross_entropy,0.5,3253,15,20,0.125,1.1394043940257501,0.2395040187737424,0.6784303911894591,0.14242554925321876,0.00026888892753059265,1.71131882375794e-05,6.804936523129024e-07,0.9999999999999998,1.0,1.9369343351449686e-08,6.162429389071052e-18
200,accuracy,0.5,3253,15,20,0.125,1.1394043940257501,0.2395040187737424,0.6784303911894591,0.14242554925321876,0.8985239852390234,0.3207670873516864,0.009319047619047626,0.7412493166611012,1.0,-0.009000000000000008,5.637851296924623e-18
201,negative_brier,0.5,3253,15,20,0.25,1.1394043940257501,0.2395040187737424,0.6784303911894591,0.28485109850643753,0.003631385475907822,0.0003531467444248325,9.827666540957423e-06,0.9999999999999998,1.0,-4.85729498622689e-06,3.4284717331301874e-18
202,negative_cross_entropy,0.5,3253,15,20,0.25,1.1394043940257501,0.2395040187737424,0.6784303911894591,0.28485109850643753,0.0010787031719296121,6.996257209118694e-05,5.456376593694634e-06,0.9999999999999998,1.0,9.88151482972377e-07,1.1531612423038452e-17
203,accuracy,0.5,3253,15,20,0.25,1.1394043940257501,0.2395040187737424,0.6784303911894591,0.28485109850643753,0.8909825033641379,0.3067836651987491,0.017314285714285726,0.9999999999999998,0.875,-0.017000000000000015,5.637851296924623e-18
204,negative_brier,0.5,3253,15,20,0.5,1.1394043940257501,0.2395040187737424,0.6784303911894591,0.5697021970128751,0.01511679570637804,0.0012944872564081165,7.012176361996178e-05,0.9999999999999998,1.0,-2.8790821075208584e-05,3.770143648228891e-18
205,negative_cross_entropy,0.5,3253,15,20,0.5,1.1394043940257501,0.2395040187737424,0.6784303911894591,0.5697021970128751,0.004334674145070052,0.00028921880246572884,4.325831845934831e-05,0.9999999999999998,1.0,1.9511319269138738e-05,7.695294325805319e-18
206,accuracy,0.5,3253,15,20,0.5,1.1394043940257501,0.2395040187737424,0.6784303911894591,0.5697021970128751,0.9168370824809413,0.2058324855862396,0.020233333333333173,0.6910233190806425,0.875,0.014999999999999736,2.7755575615628914e-17
207,negative_brier,0.5,3253,15,20,1.0,1.1394043940257501,0.2395040187737424,0.6784303911894591,1.1394043940257501,0.06213965810557283,0.0048529598738907016,0.00048600261081313285,0.9285714285714285,1.0,-5.5268420170062615e-05,5.227887350453542e-18
208,negative_cross_entropy,0.5,3253,15,20,1.0,1.1394043940257501,0.2395040187737424,0.6784303911894591,1.1394043940257501,0.017477549650433293,0.0012057099653232642,0.000327877725474459,0.9999999999999998,1.0,0.0003175320736218401,2.895433899423056e-17
209,accuracy,0.5,3253,15,20,1.0,1.1394043940257501,0.2395040187737424,0.6784303911894591,1.1394043940257501,0.8947867298576074,0.3839285714251445,0.04300000000000012,0.7142857142857142,1.0,0.04300000000000015,2.0816681711721685e-17
210,negative_brier,0.5,3301,0,20,0.0625,1.5103240349715508,0.2826897404851228,1.157783035694002,0.09439525218572192,0.00012811043033413347,3.560485211414075e-05,4.6076977333641463e-07,0.9999999999999998,1.0,-4.6076977333608937e-07,1.2721442251024527e-18
211,negative_cross_entropy,0.5,3301,0,20,0.0625,1.5103240349715508,0.2826897404851228,1.157783035694002,0.09439525218572192,0.0002836545075849346,0.00014272895301757589,1.03954283758919e-05,0.9999999999999998,1.0,-1.0395428375886695e-05,3.4863876108987e-18
212,accuracy,0.5,3301,0,20,0.0625,1.5103240349715508,0.2826897404851228,1.157783035694002,0.09439525218572192,0.8749999999984376,0.8749999998906252,0.007000000000000008,0.5041841733655161,1.0,0.007000000000000006,3.469446951953614e-18
213,negative_brier,0.5,3301,0,20,0.125,1.5103240349715508,0.2826897404851228,1.157783035694002,0.18879050437144385,0.0005392713752826097,0.00021749220396241104,5.752024518968814e-06,0.9999999999999998,1.0,-5.752024518967946e-06,4.584989343487528e-18
214,negative_cross_entropy,0.5,3301,0,20,0.125,1.5103240349715508,0.2826897404851228,1.157783035694002,0.18879050437144385,0.0011392594238895295,0.0005768046852125243,8.350772415195457e-05,0.9999999999999998,1.0,-8.350772415188779e-05,1.725236706967559e-17
215,accuracy,0.5,3301,0,20,0.125,1.5103240349715508,0.2826897404851228,1.157783035694002,0.18879050437144385,0.9050505050495908,0.3304232804049233,0.005947619047619043,0.6698938453032356,1.0,0.0049999999999999975,2.3852447794681098e-18
216,negative_brier,0.5,3301,0,20,0.25,1.5103240349715508,0.2826897404851228,1.157783035694002,0.3775810087428877,0.0026348561522530913,0.0015528645580219801,8.551767645671206e-05,0.9999999999999998,1.0,-8.551767645670338e-05,3.2898759671357025e-18
217,negative_cross_entropy,0.5,3301,0,20,0.25,1.5103240349715508,0.2826897404851228,1.157783035694002,0.3775810087428877,0.004577803231162407,0.002339979654787524,0.0006668871726632757,0.9999999999999998,1.0,-0.0006668871726633885,4.004771774618332e-17
218,accuracy,0.5,3301,0,20,0.25,1.5103240349715508,0.2826897404851228,1.157783035694002,0.3775810087428877,0.932824427480204,0.4651162790643587,0.039999999999999966,0.6910233190806425,1.0,0.03999999999999995,8.673617379884035e-18
219,negative_brier,0.5,3301,0,20,0.5,1.5103240349715508,0.2826897404851228,1.157783035694002,0.7551620174857754,0.01805277873024527,0.012189913639732413,0.001429238190152571,0.9999999999999998,1.0,-0.0014292381901525597,7.995991022080595e-18
220,negative_cross_entropy,0.5,3301,0,20,0.5,1.5103240349715508,0.2826897404851228,1.157783035694002,0.7551620174857754,0.018281924699796958,0.009238838166278759,0.005025622146877101,0.9999999999999998,1.0,-0.005025622146876962,5.659535340374333e-17
221,accuracy,0.5,3301,0,20,0.5,1.5103240349715508,0.2826897404851228,1.157783035694002,0.7551620174857754,0.9080100125153605,0.21249999999911398,0.05099999999999985,0.7857142857142856,1.0,-0.050999999999999907,3.469446951953614e-17
222,negative_brier,0.5,3301,0,20,1.0,1.5103240349715508,0.2826897404851228,1.157783035694002,1.5103240349715508,0.1331165578614022,0.07437173168710459,0.017656541413787894,0.9999999999999998,1.0,-0.017656541413787863,1.8214596497756474e-17
223,negative_cross_entropy,0.5,3301,0,20,1.0,1.5103240349715508,0.2826897404851228,1.157783035694002,1.5103240349715508,0.07254202560059331,0.026180290241612888,0.02448404281048274,0.9999999999999998,1.0,-0.024484042810482665,5.724587470723463e-17
224,accuracy,0.5,3301,0,20,1.0,1.5103240349715508,0.2826897404851228,1.157783035694002,1.5103240349715508,0.8219276245071981,0.22488038277458183,0.09400000000000013,0.7142857142857142,1.0,-0.09399999999999997,6.245004513516506e-17
225,negative_brier,0.5,3301,15,20,0.0625,1.0534887688397836,0.20287185959862222,0.7026734777255695,0.06584304805248647,0.00027846388543925616,4.053022969831703e-05,2.9577580099317247e-07,0.9999999999999998,1.0,-3.242172424977596e-08,1.2824475868124133e-18
226,negative_cross_entropy,0.5,3301,15,20,0.0625,1.0534887688397836,0.20287185959862222,0.7026734777255695,0.06584304805248647,9.811228796935698e-05,1.6087459224129352e-05,3.346057004580518e-07,0.9999999999999998,1.0,-4.752037174871049e-08,6.566953795833985e-19
227,accuracy,0.5,3301,15,20,0.0625,1.0534887688397836,0.20287185959862222,0.7026734777255695,0.06584304805248647,0.9611510791359991,0.6790352503976815,0.0069714285714285755,0.7252406676228422,0.875,0.0,1.3444106938820255e-17
228,negative_brier,0.5,3301,15,20,0.125,1.0534887688397836,0.20287185959862222,0.7026734777255695,0.13168609610497295,0.0011355709729810256,0.00016741498576516728,2.4391078896552937e-06,0.9999999999999998,1.0,-2.7789275497402954e-07,5.080080101157666e-19
229,negative_cross_entropy,0.5,3301,15,20,0.125,1.0534887688397836,0.20287185959862222,0.7026734777255695,0.13168609610497295,0.0003908278551989368,6.467259022290471e-05,2.6660806681808123e-06,0.9999999999999998,1.0,-3.219832298562153e-07,4.196571797612228e-18
230,accuracy,0.5,3301,15,20,0.125,1.0534887688397836,0.20287185959862222,0.7026734777255695,0.13168609610497295,0.9465437788014068,0.2243573745885807,0.008561904761904774,0.7637626158259734,1.0,0.0040000000000000036,9.540979117872439e-18
231,negative_brier,0.5,3301,15,20,0.25,1.0534887688397836,0.20287185959862222,0.7026734777255695,0.2633721922099459,0.004689942361649123,0.0007100803300923554,2.058143774210958e-05,0.9999999999999998,1.0,-2.486159353776163e-06,3.0616005878506686e-18
232,negative_cross_entropy,0.5,3301,15,20,0.25,1.0534887688397836,0.20287185959862222,0.7026734777255695,0.2633721922099459,0.001549217978456313,0.00026140429507751556,2.1148808092336883e-05,0.9999999999999998,1.0,-1.7339157858398124e-06,2.0517679081340917e-17
233,accuracy,0.5,3301,15,20,0.25,1.0534887688397836,0.20287185959862222,0.7026734777255695,0.2633721922099459,0.932335718932683,0.27724719100714695,0.018799999999999997,0.9285714285714285,0.875,-0.018000000000000016,2.6020852139652106e-17
234,negative_brier,0.5,3301,15,20,0.5,1.0534887688397836,0.20287185959862222,0.7026734777255695,0.5267443844198918,0.01946112911602476,0.003135875865958498,0.00017855764636895291,0.9999999999999998,1.0,-2.3523532939495606e-05,9.537590986083422e-18
235,negative_cross_entropy,0.5,3301,15,20,0.5,1.0534887688397836,0.20287185959862222,0.7026734777255695,0.5267443844198918,0.006085209636818068,0.0010660890408607476,0.00016554469264007474,0.9999999999999998,1.0,-2.6262349974714994e-06,2.2598839032744733e-17
236,accuracy,0.5,3301,15,20,0.5,1.0534887688397836,0.20287185959862222,0.7026734777255695,0.5267443844198918,0.9276345545000161,0.21286566316175765,0.02141428571428571,0.8571428571428571,0.875,0.009000000000000064,4.5102810375396984e-17
237,negative_brier,0.5,3301,15,20,1.0,1.0534887688397836,0.20287185959862222,0.7026734777255695,1.0534887688397836,0.07750650665086686,0.014219370160806715,0.0015131458011911243,0.9999999999999998,1.0,-0.00020993451771122995,1.5585406229479126e-17
238,negative_cross_entropy,0.5,3301,15,20,1.0,1.0534887688397836,0.20287185959862222,0.7026734777255695,1.0534887688397836,0.023461859859742466,0.004184036693020954,0.0011809085486583267,0.9999999999999998,1.0,0.00017239185333206564,1.5002647561768168e-17
239,accuracy,0.5,3301,15,20,1.0,1.0534887688397836,0.20287185959862222,0.7026734777255695,1.0534887688397836,0.9137254901959292,0.31399732935095653,0.03807142857142855,0.8571428571428571,1.0,0.02300000000000002,6.591949208711867e-17
240,negative_brier,0.5,3463,0,20,0.0625,1.5554686283584325,0.2551463403562557,1.175739769361357,0.09721678927240203,0.00012302255425381478,3.5389952167599747e-05,4.80083904016949e-07,0.9999999999999998,1.0,-4.80083904019768e-07,1.4538538853941203e-18
241,negative_cross_entropy,0.5,3463,0,20,0.0625,1.5554686283584325,0.2551463403562557,1.175739769361357,0.09721678927240203,0.00034580618549549504,0.0001745885659400342,1.3111701987478241e-05,0.9999999999999998,1.0,-1.3111701987478241e-05,6.8730370922582065e-18
242,accuracy,0.5,3463,0,20,0.0625,1.5554686283584325,0.2551463403562557,1.175739769361357,0.09721678927240203,0.8873994638057809,0.7999999999199999,0.008000000000000007,0.65033247714309,1.0,0.008000000000000007,4.336808689942018e-18
243,negative_brier,0.5,3463,0,20,0.125,1.5554686283584325,0.2551463403562557,1.175739769361357,0.19443357854480406,0.0005838683617919722,0.0002643105955556928,7.341263030645343e-06,0.9999999999999998,1.0,-7.341263030646861e-06,2.0485491829345254e-18
244,negative_cross_entropy,0.5,3463,0,20,0.125,1.5554686283584325,0.2551463403562557,1.175739769361357,0.19443357854480406,0.0013948077138467541,0.0007107887247316572,0.00010606549204749544,0.9999999999999998,1.0,-0.00010606549204750237,1.0343966351869516e-17
245,accuracy,0.5,3463,0,20,0.125,1.5554686283584325,0.2551463403562557,1.175739769361357,0.19443357854480406,0.9312080536904939,0.999999999964286,0.02800000000000002,0.7937253933193772,1.0,0.028000000000000025,7.806255641895632e-18
246,negative_brier,0.5,3463,0,20,0.25,1.5554686283584325,0.2551463403562557,1.175739769361357,0.3888671570896081,0.003566390199206606,0.002175707352986266,0.00012617570546891643,0.9999999999999998,1.0,-0.00012617570546891166,4.424900116456465e-18
247,negative_cross_entropy,0.5,3463,0,20,0.25,1.5554686283584325,0.2551463403562557,1.175739769361357,0.3888671570896081,0.005641417647107937,0.0029161824726861955,0.0008553680960154096,0.9999999999999998,1.0,-0.0008553680960154963,2.5045070184415152e-17
248,accuracy,0.5,3463,0,20,0.25,1.5554686283584325,0.2551463403562557,1.175739769361357,0.3888671570896081,0.9372146118716109,0.18150183150008647,0.01887619047619049,0.9999999999999998,1.0,-0.002999999999999989,1.0408340855860843e-17
249,negative_brier,0.5,3463,0,20,0.5,1.5554686283584325,0.2551463403562557,1.175739769361357,0.7777343141792162,0.0263281823730605,0.017953933445941386,0.002211866960651121,0.9999999999999998,1.0,-0.002211866960651121,7.914675859144182e-18
250,negative_cross_entropy,0.5,3463,0,20,0.5,1.5554686283584325,0.2551463403562557,1.175739769361357,0.7777343141792162,0.022689385048054223,0.011518394934796627,0.006411632592745756,0.9999999999999998,1.0,-0.006411632592745797,3.7513395167998453e-17
251,accuracy,0.5,3463,0,20,0.5,1.5554686283584325,0.2551463403562557,1.175739769361357,0.7777343141792162,0.8348930481280639,0.35245901639199745,0.08599999999999983,0.9819805060619657,1.0,-0.08599999999999988,3.122502256758253e-17
252,negative_brier,0.5,3463,0,20,1.0,1.5554686283584325,0.2551463403562557,1.175739769361357,1.5554686283584325,0.1770004677000704,0.09535637136624318,0.022958809903820675,0.9999999999999998,1.0,-0.022958809903820654,2.168404344971009e-17
253,negative_cross_entropy,0.5,3463,0,20,1.0,1.5554686283584325,0.2551463403562557,1.175739769361357,1.5554686283584325,0.09132566683192281,0.028606234150702056,0.026878877191537177,0.9999999999999998,1.0,-0.026878877191537476,1.6523241108679088e-16
254,accuracy,0.5,3463,0,20,1.0,1.5554686283584325,0.2551463403562557,1.175739769361357,1.5554686283584325,0.8586305649569302,0.22020725388543974,0.08499999999999996,0.9999999999999998,0.875,-0.08499999999999985,5.551115123125783e-17
255,negative_brier,0.5,3463,15,20,0.0625,1.0832466504305711,0.1925653229364461,0.6996199621066781,0.0677029156519107,0.00025854974679507327,2.3167939939045424e-05,1.7073247304052065e-07,0.9999999999999998,1.0,1.0918275206162065e-07,4.977013396833559e-19
256,negative_cross_entropy,0.5,3463,15,20,0.0625,1.0832466504305711,0.1925653229364461,0.6996199621066781,0.0677029156519107,8.057537159085206e-05,8.774586066762211e-06,1.8194715973901716e-07,0.9999999999999998,1.0,1.4119751123864432e-07,1.6397317087924425e-18
257,accuracy,0.5,3463,15,20,0.0625,1.0832466504305711,0.1925653229364461,0.6996199621066781,0.0677029156519107,0.917808219176825,0.8491271819337178,0.006485714285714289,0.8894991799933214,0.875,-0.0040000000000000036,1.3010426069826053e-18
258,negative_brier,0.5,3463,15,20,0.125,1.0832466504305711,0.1925653229364461,0.6996199621066781,0.1354058313038214,0.0010505461295878624,9.487036778528087e-05,1.3930447663017004e-06,0.9999999999999998,1.0,9.285285332838455e-07,1.4373553544864439e-18
259,negative_cross_entropy,0.5,3463,15,20,0.125,1.0832466504305711,0.1925653229364461,0.6996199621066781,0.1354058313038214,0.00032351117883169117,3.5714373714220896e-05,1.46789583329145e-06,0.9999999999999998,1.0,1.204460531978313e-06,2.7507692747103923e-18
260,accuracy,0.5,3463,15,20,0.125,1.0832466504305711,0.1925653229364461,0.6996199621066781,0.1354058313038214,0.9278688524582558,0.4335230211948546,0.011971428571428586,0.836501912571304,1.0,0.007000000000000006,5.204170427930421e-18
261,negative_brier,0.5,3463,15,20,0.25,1.0832466504305711,0.1925653229364461,0.6996199621066781,0.2708116626076428,0.004320585572184203,0.00039646669622292094,1.1542682778586727e-05,0.9999999999999998,1.0,8.256306529508262e-06,3.1179282788430795e-18
262,negative_cross_entropy,0.5,3463,15,20,0.25,1.0832466504305711,0.1925653229364461,0.6996199621066781,0.2708116626076428,0.0013023830105861928,0.00014826943811292062,1.1964062437357093e-05,0.9999999999999998,1.0,1.0721630794741088e-05,4.39440693035531e-18
263,accuracy,0.5,3463,15,20,0.25,1.0832466504305711,0.1925653229364461,0.6996199621066781,0.2708116626076428,0.9076923076918422,0.5355259075279284,0.024657142857142877,0.40006613209931935,0.875,-0.016000000000000014,1.0408340855860843e-17
264,negative_brier,0.5,3463,15,20,0.5,1.0832466504305711,0.1925653229364461,0.6996199621066781,0.5416233252152856,0.018009875574839768,0.001710214117432635,9.740310720114708e-05,0.9999999999999998,1.0,7.730754236373594e-05,7.60063839394965e-18
265,negative_cross_entropy,0.5,3463,15,20,0.5,1.0832466504305711,0.1925653229364461,0.6996199621066781,0.5416233252152856,0.005252991521625811,0.0006785615398032581,0.0001052718297449972,0.9999999999999998,1.0,9.970542852344444e-05,1.2095630486791409e-17
266,accuracy,0.5,3463,15,20,0.5,1.0832466504305711,0.1925653229364461,0.6996199621066781,0.5416233252152856,0.9270111880658152,0.10306171011466117,0.009280952380952393,0.9819805060619657,1.0,0.0010000000000000009,3.8163916471489756e-17
267,negative_brier,0.5,3463,15,20,1.0,1.0832466504305711,0.1925653229364461,0.6996199621066781,1.0832466504305711,0.07390715056508682,0.007620250507205074,0.0008144672256349154,0.9999999999999998,1.0,0.0007340386068426241,6.207057437479513e-18
268,negative_cross_entropy,0.5,3463,15,20,1.0,1.0832466504305711,0.1925653229364461,0.6996199621066781,1.0832466504305711,0.02104327167986121,0.003324248423806524,0.0009446122433435719,0.9285714285714285,1.0,0.0009446122433435233,2.4096393283490336e-17
269,accuracy,0.5,3463,15,20,1.0,1.0832466504305711,0.1925653229364461,0.6996199621066781,1.0832466504305711,0.8968058968056764,0.130444964870125,0.01591428571428569,0.9285714285714285,1.0,-0.0039999999999998925,2.42861286636753e-17
270,negative_brier,0.5,3559,0,20,0.0625,1.5357398158132147,0.27006304266855724,1.1970027322974057,0.09598373848832592,7.64004802494593e-05,1.2818706329563174e-05,1.7362885633073755e-07,0.9999999999999998,1.0,-5.5229951168023206e-08,1.232892023494974e-18
271,negative_cross_entropy,0.5,3559,0,20,0.0625,1.5357398158132147,0.27006304266855724,1.1970027322974057,0.09598373848832592,0.00028357530190776446,0.00014274347804944253,1.0747945802268288e-05,0.9999999999999998,1.0,-1.0747945802247472e-05,6.789604346953658e-18
272,accuracy,0.5,3559,0,20,0.0625,1.5357398158132147,0.27006304266855724,1.1970027322974057,0.09598373848832592,0.8353909465003387,0.9999999998999992,0.010000000000000005,0.6875238727711585,1.0,0.010000000000000009,2.168404344971009e-18
273,negative_brier,0.5,3559,0,20,0.125,1.5357398158132147,0.27006304266855724,1.1970027322974057,0.19196747697665184,0.00033131651533983825,0.00010454749359174495,2.89916349371748e-06,0.9999999999999998,1.0,-2.8991634937192146e-06,1.5612934800264891e-18
274,negative_cross_entropy,0.5,3559,0,20,0.125,1.5357398158132147,0.27006304266855724,1.1970027322974057,0.19196747697665184,0.0011401725479459651,0.0005779414166414558,8.650579125401431e-05,0.9999999999999998,1.0,-8.650579125402125e-05,5.910595905940508e-18
275,accuracy,0.5,3559,0,20,0.125,1.5357398158132147,0.27006304266855724,1.1970027322974057,0.19196747697665184,0.9012987012975308,0.454545454524793,0.009999999999999998,0.8486684247915055,1.0,0.010000000000000009,4.336808689942018e-18
276,negative_brier,0.5,3559,0,20,0.25,1.5357398158132147,0.27006304266855724,1.1970027322974057,0.3839349539533037,0.0020379186326725815,0.0012179950374441356,7.057662325028573e-05,0.9999999999999998,1.0,-7.057662325027358e-05,5.590417451878382e-18
277,negative_cross_entropy,0.5,3559,0,20,0.25,1.5357398158132147,0.27006304266855724,1.1970027322974057,0.3839349539533037,0.004586154471261585,0.0023538128077383166,0.0006935666496430126,0.9999999999999998,1.0,-0.0006935666496430404,2.8433201973432354e-17
278,accuracy,0.5,3559,0,20,0.25,1.5357398158132147,0.27006304266855724,1.1970027322974057,0.3839349539533037,0.9186046511621233,0.2895146520118681,0.030109523809523808,0.9092412093166348,1.0,0.030000000000000027,1.0408340855860843e-17
279,negative_brier,0.5,3559,0,20,0.5,1.5357398158132147,0.27006304266855724,1.1970027322974057,0.7678699079066074,0.0174658967004112,0.011790746990036693,0.0014620065961430187,0.9999999999999998,1.0,-0.0014620065961430395,1.5449880957918438e-17
280,negative_cross_entropy,0.5,3559,0,20,0.5,1.5357398158132147,0.27006304266855724,1.1970027322974057,0.7678699079066074,0.01834146705802779,0.009377196075789636,0.005272073406812405,0.9999999999999998,1.0,-0.005272073406812572,6.938893903907228e-17
281,accuracy,0.5,3559,0,20,0.5,1.5357398158132147,0.27006304266855724,1.1970027322974057,0.7678699079066074,0.8754914809957813,0.17647058823464506,0.047999999999999925,0.7857142857142856,1.0,-0.04799999999999993,6.245004513516506e-17
282,negative_brier,0.5,3559,0,20,1.0,1.5357398158132147,0.27006304266855724,1.1970027322974057,1.5357398158132147,0.12465895742204315,0.07802635136879757,0.019597839916249433,0.9285714285714285,1.0,-0.01959783991624936,2.949029909160572e-17
283,negative_cross_entropy,0.5,3559,0,20,1.0,1.5357398158132147,0.27006304266855724,1.1970027322974057,1.5357398158132147,0.07055271557519331,0.027763712468985704,0.026787432241320346,0.9999999999999998,1.0,-0.02678743224132052,6.179952383167375e-17
284,accuracy,0.5,3559,0,20,1.0,1.5357398158132147,0.27006304266855724,1.1970027322974057,1.5357398158132147,0.8935675536036043,0.2972350230407895,0.1289999999999999,0.8571428571428571,1.0,-0.1289999999999999,1.1449174941446927e-16
285,negative_brier,0.5,3559,15,20,0.0625,1.0666563290357076,0.20534499825905106,0.7337887185289329,0.06666602056473173,0.00016617416867911817,3.363867308979624e-05,2.6690182158937027e-07,0.9999999999999998,1.0,-2.669018215883945e-07,7.1455831779270785e-19
286,negative_cross_entropy,0.5,3559,15,20,0.0625,1.0666563290357076,0.20534499825905106,0.7337887185289329,0.06666602056473173,6.792437849140614e-05,1.3067698569066016e-05,2.8792004404904967e-07,0.9999999999999998,1.0,-2.682286273092416e-07,3.6677320709499256e-18
287,accuracy,0.5,3559,15,20,0.0625,1.0666563290357076,0.20534499825905106,0.7337887185289329,0.06666602056473173,0.958024691356842,0.5817378496891271,0.0037619047619047658,0.6343350474165466,0.875,-0.0030000000000000027,4.87890977618477e-18
288,negative_brier,0.5,3559,15,20,0.125,1.0666563290357076,0.20534499825905106,0.7337887185289329,0.13333204112946345,0.000679447299355283,0.00013828373721976934,2.1917107517182427e-06,0.9999999999999998,1.0,-2.1917107517199774e-06,1.3339710128071162e-18
289,negative_cross_entropy,0.5,3559,15,20,0.125,1.0666563290357076,0.20534499825905106,0.7337887185289329,0.13333204112946345,0.00027382122059752966,5.192711333780628e-05,2.268538766199337e-06,0.9999999999999998,1.0,-2.082020398308515e-06,3.700686946554038e-18
290,accuracy,0.5,3559,15,20,0.125,1.0666563290357076,0.20534499825905106,0.7337887185289329,0.13333204112946345,0.9374999999993341,0.4126958224401665,0.012042857142857175,0.9092412093166348,0.875,0.01100000000000001,1.3877787807814457e-17
291,negative_brier,0.5,3559,15,20,0.25,1.0666563290357076,0.20534499825905106,0.7337887185289329,0.2666640822589269,0.002830788176362322,0.0005793732174631384,1.8290581576932462e-05,0.9999999999999998,1.0,-1.8290581576929643e-05,2.263245565283889e-18
292,negative_cross_entropy,0.5,3559,15,20,0.25,1.0666563290357076,0.20534499825905106,0.7337887185289329,0.2666640822589269,0.001111083660176245,0.00020541041460789416,1.7625994525625327e-05,0.9999999999999998,1.0,-1.5690875428631124e-05,5.154830758752858e-18
293,accuracy,0.5,3559,15,20,0.25,1.0666563290357076,0.20534499825905106,0.7337887185289329,0.2666640822589269,0.9069767441855443,0.16404308201868717,0.009428571428571446,0.9819805060619657,1.0,-0.0030000000000000027,1.3010426069826053e-17
294,negative_brier,0.5,3559,15,20,0.5,1.0666563290357076,0.20534499825905106,0.7337887185289329,0.5333281645178538,0.012142941317973237,0.0024772047426583903,0.00015407170050819917,0.9999999999999998,1.0,-0.00015407170050818486,4.489274620447792e-18
295,negative_cross_entropy,0.5,3559,15,20,0.5,1.0666563290357076,0.20534499825905106,0.7337887185289329,0.5333281645178538,0.004556306988201172,0.0008198663897063296,0.00013527041185405504,0.9999999999999998,1.0,-0.00011068634913946607,8.754932542820448e-18
296,accuracy,0.5,3559,15,20,0.5,1.0666563290357076,0.20534499825905106,0.7337887185289329,0.5333281645178538,0.9063719115731766,0.36640963583739694,0.03099999999999991,0.836501912571304,1.0,-0.030999999999999917,8.673617379884035e-18
297,negative_brier,0.5,3559,15,20,1.0,1.0666563290357076,0.20534499825905106,0.7337887185289329,1.0666563290357076,0.05287552363585908,0.010671153397419355,0.0012511330211968288,0.9999999999999998,1.0,-0.0011480960407003193,6.689866217414464e-18
298,negative_cross_entropy,0.5,3559,15,20,1.0,1.0666563290357076,0.20534499825905106,0.7337887185289329,1.0666563290357076,0.01879315504659266,0.0030291694656625853,0.0009123196556739752,0.9999999999999998,1.0,-0.0005106082849195559,2.474691458698164e-17
299,accuracy,0.5,3559,15,20,1.0,1.0666563290357076,0.20534499825905106,0.7337887185289329,1.0666563290357076,0.9188514357051772,0.2696887953136186,0.0390380952380953,0.7857142857142856,0.75,0.03300000000000014,6.591949208711867e-17
300,negative_brier,10.0,3109,0,20,0.0625,1.4248106087293957,0.22769268414520702,1.3792208947656428,0.08905066304558723,5.991901484449942e-05,1.690939395488791e-05,2.6800896757916623e-07,0.9999999999999998,1.0,-2.6800896757439574e-07,1.4249608801879493e-18
301,negative_cross_entropy,10.0,3109,0,20,0.0625,1.4248106087293957,0.22769268414520702,1.3792208947656428,0.08905066304558723,0.0005078234347153534,0.000257632822726954,2.261154835658287e-05,0.9999999999999998,1.0,-2.2611548356588074e-05,6.87324885049502e-18
302,accuracy,10.0,3109,0,20,0.0625,1.4248106087293957,0.22769268414520702,1.3792208947656428,0.08905066304558723,0.9608938547477086,0.22571428569171387,0.0022571428571428534,0.5091750772173155,1.0,0.0,1.3877787807814457e-17
303,negative_brier,10.0,3109,0,20,0.125,1.4248106087293957,0.22769268414520702,1.3792208947656428,0.17810132609117446,0.0003604078727975344,0.0002726968218609909,8.885401019729285e-06,0.9999999999999998,1.0,-8.885401019731454e-06,3.1719266292305412e-18
304,negative_cross_entropy,10.0,3109,0,20,0.125,1.4248106087293957,0.22769268414520702,1.3792208947656428,0.17810132609117446,0.0020421430636870354,0.0010515605905575321,0.00018320761766430285,0.9999999999999998,1.0,-0.00018320761766421612,1.8333181110372077e-17
305,accuracy,10.0,3109,0,20,0.125,1.4248106087293957,0.22769268414520702,1.3792208947656428,0.17810132609117446,0.9431438127082418,0.9062499999716789,0.028999999999999988,0.9063269671749657,1.0,0.028999999999999998,1.5612511283791264e-17
306,negative_brier,10.0,3109,0,20,0.25,1.4248106087293957,0.22769268414520702,1.3792208947656428,0.3562026521823489,0.003542313921330164,0.0029438062851030837,0.00020168581566287237,0.9999999999999998,1.0,-0.00020168581566287758,4.058981883242607e-18
307,negative_cross_entropy,10.0,3109,0,20,0.25,1.4248106087293957,0.22769268414520702,1.3792208947656428,0.3562026521823489,0.008193004441328264,0.0043363765850146,0.0014807630101506125,0.9999999999999998,1.0,-0.0014807630101507652,3.355605723842636e-17
308,accuracy,10.0,3109,0,20,0.25,1.4248106087293957,0.22769268414520702,1.3792208947656428,0.3562026521823489,0.9834194074475417,0.2301587301569039,0.02900000000000006,0.5400617248673217,1.0,-0.029000000000000026,1.0408340855860843e-16
309,negative_brier,10.0,3109,0,20,0.5,1.4248106087293957,0.22769268414520702,1.3792208947656428,0.7124053043646978,0.033864762954955226,0.02648204789395677,0.003879735990871014,0.9999999999999998,1.0,-0.003879735990871047,1.5937771935536915e-17
310,negative_cross_entropy,10.0,3109,0,20,0.5,1.4248106087293957,0.22769268414520702,1.3792208947656428,0.7124053043646978,0.03204986185749828,0.017236347723259986,0.011058738852433803,0.9999999999999998,1.0,-0.011058738852433914,5.5077470362263625e-17
311,accuracy,10.0,3109,0,20,0.5,1.4248106087293957,0.22769268414520702,1.3792208947656428,0.7124053043646978,0.9731873710930524,0.4895104895087777,0.13999999999999999,0.7181324987175317,1.0,-0.1399999999999999,1.3877787807814457e-16
312,negative_brier,10.0,3109,0,20,1.0,1.4248106087293957,0.22769268414520702,1.3792208947656428,1.4248106087293957,0.24071685587869776,0.14015106349632855,0.03939447509816417,0.9999999999999998,1.0,-0.03939447509816418,2.3418766925686896e-17
313,negative_cross_entropy,10.0,3109,0,20,1.0,1.4248106087293957,0.22769268414520702,1.3792208947656428,1.4248106087293957,0.12985803683297883,0.042056650188194815,0.04408255699480858,0.9999999999999998,1.0,-0.0440825569948089,7.19910242530375e-17
314,accuracy,10.0,3109,0,20,1.0,1.4248106087293957,0.22769268414520702,1.3792208947656428,1.4248106087293957,0.878317231258354,0.43999999999902256,0.19800000000000034,0.8571428571428571,1.0,-0.19799999999999995,1.6653345369377348e-16
315,negative_brier,10.0,3109,15,20,0.0625,0.8758135481147767,0.1344864577420238,0.8266187660959875,0.054738346757173546,0.00017131909901369475,8.606666817378275e-05,7.782788239982848e-07,0.9999999999999998,1.0,-7.782788239985017e-07,5.142019385425637e-19
316,negative_cross_entropy,10.0,3109,15,20,0.0625,0.8758135481147767,0.1344864577420238,0.8266187660959875,0.054738346757173546,5.744595334867876e-05,2.8215437823477136e-05,7.081338293485166e-07,0.9999999999999998,1.0,-7.081338293524198e-07,2.213800016987919e-18
317,accuracy,10.0,3109,15,20,0.0625,0.8758135481147767,0.1344864577420238,0.8266187660959875,0.054738346757173546,0.9999999999987805,1.124999999859375,0.00900000000000001,0.4999999999999999,0.875,-0.009000000000000008,5.637851296924623e-18
318,negative_brier,10.0,3109,15,20,0.125,0.8758135481147767,0.1344864577420238,0.8266187660959875,0.10947669351434709,0.0006914471281559579,0.00034873177611189694,6.293290858937076e-06,0.9999999999999998,1.0,-6.293290858938594e-06,9.871110209064803e-19
319,negative_cross_entropy,10.0,3109,15,20,0.125,0.8758135481147767,0.1344864577420238,0.8266187660959875,0.10947669351434709,0.00022722275819404145,0.00010953695321310426,5.441005393882516e-06,0.9999999999999998,1.0,-5.441005393902465e-06,6.211927876926225e-18
320,accuracy,10.0,3109,15,20,0.125,0.8758135481147767,0.1344864577420238,0.8266187660959875,0.10947669351434709,0.9492502883500868,0.24615384614437877,0.006400000000000004,0.6698938453032356,1.0,0.0030000000000000027,1.431146867680866e-17
321,negative_brier,10.0,3109,15,20,0.25,0.8758135481147767,0.1344864577420238,0.8266187660959875,0.21895338702869419,0.002805628837912101,0.0014231439009802004,5.104771806896868e-05,0.9999999999999998,1.0,-5.104771806896391e-05,4.030182763035961e-18
322,negative_cross_entropy,10.0,3109,15,20,0.25,0.8758135481147767,0.1344864577420238,0.8266187660959875,0.21895338702869419,0.0008883566695901138,0.00041119202616215247,3.996966108719795e-05,0.9999999999999998,1.0,-3.996966108721356e-05,9.072569898040811e-18
323,accuracy,10.0,3109,15,20,0.25,0.8758135481147767,0.1344864577420238,0.8266187660959875,0.21895338702869419,0.9669226225632113,0.39999999999200037,0.02000000000000005,0.41576092031014994,1.0,-0.020000000000000018,4.7704895589362195e-17
324,negative_brier,10.0,3109,15,20,0.5,0.8758135481147767,0.1344864577420238,0.8266187660959875,0.43790677405738837,0.011382406831101938,0.005799647192730909,0.00040782368003034353,0.9999999999999998,1.0,-0.0004078236800303392,3.889575293791747e-18
325,negative_cross_entropy,10.0,3109,15,20,0.5,0.8758135481147767,0.1344864577420238,0.8266187660959875,0.43790677405738837,0.0033902526383457142,0.0014140101761750802,0.0002622693492014688,0.9999999999999998,1.0,-0.0002622693492013717,1.9928991182999178e-17
326,accuracy,10.0,3109,15,20,0.5,0.8758135481147767,0.1344864577420238,0.8266187660959875,0.43790677405738837,0.9031847133755087,0.1350907029462385,0.011347619047619117,0.6671243849949912,1.0,-0.00800000000000034,3.469446951953614e-17
327,negative_brier,10.0,3109,15,20,1.0,0.8758135481147767,0.1344864577420238,0.8266187660959875,0.8758135481147767,0.04483040917730414,0.02169812292023016,0.0028430422019575137,0.9999999999999998,1.0,-0.002843042201957524,1.1709383462843448e-17
328,negative_cross_entropy,10.0,3109,15,20,1.0,0.8758135481147767,0.1344864577420238,0.8266187660959875,0.8758135481147767,0.01243705639144016,0.003112291901898393,0.0010376468950939952,0.9999999999999998,1.0,-0.0010376468950942241,4.334098184510804e-17
329,accuracy,10.0,3109,15,20,1.0,0.8758135481147767,0.1344864577420238,0.8266187660959875,0.8758135481147767,0.9269169329071633,0.1098039215678199,0.014933333333333316,0.8571428571428571,1.0,-0.0029999999999998916,5.377642775528102e-17
330,negative_brier,10.0,3253,0,20,0.0625,1.4232061592067393,0.2124709289822828,1.384478644193391,0.08895038495042121,6.220132841662485e-05,1.6434806802691674e-05,2.623490936155652e-07,0.9999999999999998,1.0,-2.623490936159989e-07,6.381400640826089e-19
331,negative_cross_entropy,10.0,3253,0,20,0.0625,1.4232061592067393,0.2124709289822828,1.384478644193391,0.08895038495042121,0.0005242558367740228,0.00026614252422190354,2.3482653802156528e-05,0.9999999999999998,1.0,-2.348265380214265e-05,5.88052623631298e-18
332,accuracy,10.0,3253,0,20,0.0625,1.4232061592067393,0.2124709289822828,1.384478644193391,0.08895038495042121,0.9730077120816368,0.3333333333055563,0.0040000000000000105,0.0,1.0,0.0040000000000000036,1.5612511283791264e-17
333,negative_brier,10.0,3253,0,20,0.125,1.4232061592067393,0.2124709289822828,1.384478644193391,0.17790076990084241,0.0003526489596262641,0.00028794469470140637,9.45328150386707e-06,0.9999999999999998,1.0,-9.453281503868372e-06,2.8659359770349252e-18
334,negative_cross_entropy,10.0,3253,0,20,0.125,1.4232061592067393,0.2124709289822828,1.384478644193391,0.17790076990084241,0.0021101168966546607,0.0010879376579338727,0.00019054582148440857,0.9999999999999998,1.0,-0.00019054582148436694,1.1079190950086248e-17
335,accuracy,10.0,3253,0,20,0.125,1.4232061592067393,0.2124709289822828,1.384478644193391,0.17790076990084241,0.9506172839501283,0.9687499999697244,0.030999999999999965,0.7791937224739796,1.0,0.031,2.688821387764051e-17
336,negative_brier,10.0,3253,0,20,0.25,1.4232061592067393,0.2124709289822828,1.384478644193391,0.35580153980168483,0.003739277465666952,0.003163021020312045,0.00021847834986743128,0.9999999999999998,1.0,-0.00021847834986743475,5.0042706523784064e-18
337,negative_cross_entropy,10.0,3253,0,20,0.25,1.4232061592067393,0.2124709289822828,1.384478644193391,0.35580153980168483,0.008480482138722592,0.004497788707688321,0.0015436726071160131,0.9999999999999998,1.0,-0.0015436726071158535,4.025100565352435e-17
338,accuracy,10.0,3253,0,20,0.25,1.4232061592067393,0.2124709289822828,1.384478644193391,0.35580153980168483,0.9867886178860789,0.1449855699844717,0.019138095238095253,0.49135381491199537,1.0,-0.019000000000000017,1.0408340855860843e-16
339,negative_brier,10.0,3253,0,20,0.5,1.4232061592067393,0.2124709289822828,1.384478644193391,0.7116030796033697,0.036130924105027266,0.028432046481038833,0.0041974983777513155,0.9999999999999998,1.0,-0.004197498377751296,2.190088388420719e-17
340,negative_cross_entropy,10.0,3253,0,20,0.5,1.4232061592067393,0.2124709289822828,1.384478644193391,0.7116030796033697,0.033308843559180165,0.017900683466305828,0.011532269944713777,0.9999999999999998,1.0,-0.011532269944713791,3.946495907847236e-17
341,accuracy,10.0,3253,0,20,0.5,1.4232061592067393,0.2124709289822828,1.384478644193391,0.7116030796033697,0.9810713843869237,0.4895104895087774,0.1399999999999998,0.6943650748294136,1.0,-0.1399999999999999,2.1510571102112408e-16
342,negative_brier,10.0,3253,0,20,1.0,1.4232061592067393,0.2124709289822828,1.384478644193391,1.4232061592067393,0.2562436256913469,0.14587024860370423,0.041066976352699534,0.9999999999999998,1.0,-0.041066976352699625,2.7755575615628914e-17
343,negative_cross_entropy,10.0,3253,0,20,1.0,1.4232061592067393,0.2124709289822828,1.384478644193391,1.4232061592067393,0.1347980859159677,0.04283019047970056,0.044941321541628054,0.9999999999999998,1.0,-0.044941321541627444,1.6132928326584306e-16
344,accuracy,10.0,3253,0,20,1.0,1.4232061592067393,0.2124709289822828,1.384478644193391,1.4232061592067393,0.8577388963660252,0.46651785714181565,0.20899999999999996,0.5455447255899809,1.0,-0.20899999999999996,1.5612511283791264e-16
345,negative_brier,10.0,3253,15,20,0.0625,0.8680902840133943,0.13076540608543225,0.8271450390289401,0.05425564275083714,0.0001724146816890831,8.655631624583047e-05,7.841031963181202e-07,0.9999999999999998,1.0,-7.84103196316277e-07,7.764380450565747e-19
346,negative_cross_entropy,10.0,3253,15,20,0.0625,0.8680902840133943,0.13076540608543225,0.8271450390289401,0.05425564275083714,5.590224228771101e-05,2.7359592482723714e-05,6.871332430611991e-07,0.9999999999999998,1.0,-6.871332430824495e-07,3.750304548417419e-18
347,accuracy,10.0,3253,15,20,0.0625,0.8680902840133943,0.13076540608543225,0.8271450390289401,0.05425564275083714,0.9970238095223259,1.124999999859375,0.009000000000000015,0.07142857142857142,0.875,-0.009000000000000008,7.806255641895632e-18
348,negative_brier,10.0,3253,15,20,0.125,0.8680902840133943,0.13076540608543225,0.8271450390289401,0.10851128550167428,0.0006934944715703237,0.000349357645759764,6.313661848768477e-06,0.9999999999999998,1.0,-6.313661848778018e-06,3.171608991875321e-18
349,negative_cross_entropy,10.0,3253,15,20,0.125,0.8680902840133943,0.13076540608543225,0.8271450390289401,0.10851128550167428,0.00022114139252031958,0.00010582710237077047,5.259718982684666e-06,0.9999999999999998,1.0,-5.259718982686401e-06,1.611162544796086e-18
350,accuracy,10.0,3253,15,20,0.125,0.8680902840133943,0.13076540608543225,0.8271450390289401,0.10851128550167428,0.9347408829165693,0.3999999999866667,0.01200000000000001,0.5122717640554154,1.0,0.01200000000000001,6.5052130349130266e-18
351,negative_brier,10.0,3253,15,20,0.25,0.8680902840133943,0.13076540608543225,0.8271450390289401,0.21702257100334857,0.0027961803239379018,0.0014158558534404745,5.082687836445573e-05,0.9999999999999998,1.0,-5.082687836444055e-05,3.908210018631342e-18
352,negative_cross_entropy,10.0,3253,15,20,0.25,0.8680902840133943,0.13076540608543225,0.8271450390289401,0.21702257100334857,0.0008647686146229463,0.0003941350699049939,3.832445158010768e-05,0.9999999999999998,1.0,-3.832445158014064e-05,7.51826443982917e-18
353,accuracy,10.0,3253,15,20,0.25,0.8680902840133943,0.13076540608543225,0.8271450390289401,0.21702257100334857,0.9712707182317758,0.5416666666553818,0.026,0.41576092031014994,1.0,-0.026000000000000023,4.163336342344337e-17
354,negative_brier,10.0,3253,15,20,0.5,0.8680902840133943,0.13076540608543225,0.8271450390289401,0.43404514200669714,0.011229458678759175,0.0057050627182170886,0.00040107594922197346,0.9999999999999998,1.0,-0.0004010759492220073,8.748156279242414e-18
355,negative_cross_entropy,10.0,3253,15,20,0.5,0.8680902840133943,0.13076540608543225,0.8271450390289401,0.43404514200669714,0.003301238365950404,0.0013314759295868627,0.00024695120014806005,0.9999999999999998,1.0,-0.00024695120014806005,1.2292142130554407e-17
356,accuracy,10.0,3253,15,20,0.5,0.8680902840133943,0.13076540608543225,0.8271450390289401,0.43404514200669714,0.9083689676234241,0.20238095237835724,0.01578571428571425,0.47280542884465016,1.0,-0.013000000000000012,1.3877787807814457e-17
357,negative_brier,10.0,3253,15,20,1.0,0.8680902840133943,0.13076540608543225,0.8271450390289401,0.8680902840133943,0.04441590238400983,0.02113685800509882,0.002766157998686153,0.9999999999999998,1.0,-0.0027661579986861806,1.6642503347652493e-17
358,negative_cross_entropy,10.0,3253,15,20,1.0,0.8680902840133943,0.13076540608543225,0.8271450390289401,0.8680902840133943,0.012063252757006225,0.0028049587505090687,0.000934808040000637,0.9999999999999998,1.0,-0.0009348080400006786,1.6750923564901044e-17
359,accuracy,10.0,3253,15,20,1.0,0.8680902840133943,0.13076540608543225,0.8271450390289401,0.8680902840133943,0.8547589616808233,0.1547619047607997,0.021666666666666733,0.9092412093166348,1.0,0.013000000000000123,3.469446951953614e-17
360,negative_brier,10.0,3301,0,20,0.0625,1.4228751418853398,0.2101298533372109,1.3759242156014067,0.08892969636783374,6.18009066602171e-05,1.674140093748521e-05,2.6506286459736933e-07,0.9999999999999998,1.0,-2.6506286460170614e-07,2.0403634035927006e-18
361,negative_cross_entropy,10.0,3301,0,20,0.0625,1.4228751418853398,0.2101298533372109,1.3759242156014067,0.08892969636783374,0.0005103429881788199,0.00025894705241372076,2.269022188784199e-05,0.9999999999999998,1.0,-2.2690221887833317e-05,5.632769099241097e-18
362,accuracy,10.0,3301,0,20,0.0625,1.4228751418853398,0.2101298533372109,1.3759242156014067,0.08892969636783374,0.9675850891402207,0.199999999979999,0.0019999999999999896,0.0,1.0,-0.0020000000000000018,1.9081958235744878e-17
363,negative_brier,10.0,3301,0,20,0.125,1.4228751418853398,0.2101298533372109,1.3759242156014067,0.17785939273566748,0.00037416080309791587,0.00027633811449489034,8.993903172497836e-06,0.9999999999999998,1.0,-8.993903172493933e-06,2.3625866481290572e-18
364,negative_cross_entropy,10.0,3301,0,20,0.125,1.4228751418853398,0.2101298533372109,1.3759242156014067,0.17785939273566748,0.002051877109294541,0.0010568561951268024,0.0001838279689887895,0.9999999999999998,1.0,-0.00018382796898874787,1.408107571515549e-17
365,accuracy,10.0,3301,0,20,0.125,1.4228751418853398,0.2101298533372109,1.3759242156014067,0.17785939273566748,0.9500640204859476,0.7666666666411112,0.02300000000000002,0.8275159265510557,1.0,0.023000000000000034,2.3418766925686896e-17
366,negative_brier,10.0,3301,0,20,0.25,1.4228751418853398,0.2101298533372109,1.3759242156014067,0.35571878547133495,0.003595759257275685,0.0029976220909943953,0.00020511136428553144,0.9999999999999998,1.0,-0.00020511136428552623,8.975161109106566e-18
367,negative_cross_entropy,10.0,3301,0,20,0.25,1.4228751418853398,0.2101298533372109,1.3759242156014067,0.35571878547133495,0.008229420710019216,0.00435744124569234,0.0014854459725552813,0.9999999999999998,1.0,-0.0014854459725555103,5.789639601072594e-17
368,accuracy,10.0,3301,0,20,0.25,1.4228751418853398,0.2101298533372109,1.3759242156014067,0.35571878547133495,0.9847754377060409,0.2777777777755728,0.03499999999999992,0.8864052604279183,1.0,-0.03500000000000003,5.551115123125783e-17
369,negative_brier,10.0,3301,0,20,0.5,1.4228751418853398,0.2101298533372109,1.3759242156014067,0.7114375709426699,0.03435039612736766,0.026943839733091394,0.003940370725683092,0.9999999999999998,1.0,-0.00394037072568304,1.5395670849294163e-17
370,negative_cross_entropy,10.0,3301,0,20,0.5,1.4228751418853398,0.2101298533372109,1.3759242156014067,0.7114375709426699,0.032176162126698916,0.017305685273574845,0.011084288950756402,0.9999999999999998,1.0,-0.011084288950756416,5.442694905877232e-17
371,accuracy,10.0,3301,0,20,0.5,1.4228751418853398,0.2101298533372109,1.3759242156014067,0.7114375709426699,0.9741978167382589,0.4374999999984808,0.12600000000000006,0.5669467095138409,1.0,-0.1259999999999999,1.249000902703301e-16
372,negative_brier,10.0,3301,0,20,1.0,1.4228751418853398,0.2101298533372109,1.3759242156014067,1.4228751418853398,0.24547587481599778,0.1408042282765921,0.03947700690538185,0.9999999999999998,1.0,-0.03947700690538175,3.5561831257524545e-17
373,negative_cross_entropy,10.0,3301,0,20,1.0,1.4228751418853398,0.2101298533372109,1.3759242156014067,1.4228751418853398,0.130268053150398,0.04203508300824561,0.04400702922712264,0.9999999999999998,1.0,-0.044007029227122185,1.2663481374630692e-16
374,accuracy,10.0,3301,0,20,1.0,1.4228751418853398,0.2101298533372109,1.3759242156014067,1.4228751418853398,0.8514919244456028,0.4954954954943793,0.21999999999999995,0.7857142857142856,1.0,-0.21999999999999995,1.3183898417423734e-16
375,negative_brier,10.0,3301,15,20,0.0625,0.8730103900195663,0.1314153532660706,0.8243251249076945,0.05456314937622289,0.00016702119838898392,8.385414136001844e-05,7.55499947262912e-07,0.9999999999999998,1.0,-7.554999472692003e-07,1.6005481631758056e-18
376,negative_cross_entropy,10.0,3301,15,20,0.0625,0.8730103900195663,0.1314153532660706,0.8243251249076945,0.05456314937622289,5.583506776468921e-05,2.7370936152013314e-05,6.850717074631529e-07,0.9999999999999998,1.0,-6.850717074735613e-07,2.2716497203074276e-18
377,accuracy,10.0,3301,15,20,0.0625,0.8730103900195663,0.1314153532660706,0.8243251249076945,0.05456314937622289,0.9967532467516287,1.2499999998437497,0.01000000000000001,-0.3273268353539886,0.75,-0.010000000000000009,3.0357660829594124e-18
378,negative_brier,10.0,3301,15,20,0.125,0.8730103900195663,0.1314153532660706,0.8243251249076945,0.10912629875244578,0.0006734910906920814,0.0003392783652277107,6.099856404373277e-06,0.9999999999999998,1.0,-6.099856404373494e-06,2.118429401083005e-18
379,negative_cross_entropy,10.0,3301,15,20,0.125,0.8730103900195663,0.1314153532660706,0.8243251249076945,0.10912629875244578,0.0002208851187370882,0.00010605522675632888,5.2539291957118955e-06,0.9999999999999998,1.0,-5.253929195703222e-06,3.2629826710603785e-18
380,accuracy,10.0,3301,15,20,0.125,0.8730103900195663,0.1314153532660706,0.8243251249076945,0.10912629875244578,0.9421768707474981,0.39285714284311246,0.011000000000000013,0.7937253933193772,1.0,0.01100000000000001,4.336808689942018e-18
381,negative_brier,10.0,3301,15,20,0.25,0.8730103900195663,0.1314153532660706,0.8243251249076945,0.21825259750489157,0.0027285930898006184,0.0013812162403321225,4.935422942137094e-05,0.9999999999999998,1.0,-4.935422942137224e-05,1.8287441331220344e-18
382,negative_cross_entropy,10.0,3301,15,20,0.25,0.8730103900195663,0.1314153532660706,0.8243251249076945,0.21825259750489157,0.0008638492476493277,0.00039645631096935216,3.843749481250054e-05,0.9999999999999998,1.0,-3.843749481247105e-05,7.71435256711854e-18
383,accuracy,10.0,3301,15,20,0.25,0.8730103900195663,0.1314153532660706,0.8243251249076945,0.21825259750489157,0.9475524475520337,0.36611721611017545,0.019038095238095257,0.3086066999241838,1.0,-0.019000000000000017,3.0357660829594124e-17
384,negative_brier,10.0,3301,15,20,0.5,0.8730103900195663,0.1314153532660706,0.8243251249076945,0.43650519500978313,0.011041361828254614,0.005608723013870615,0.0003929066137547243,0.9999999999999998,1.0,-0.0003929066137547399,7.291259609965017e-18
385,negative_cross_entropy,10.0,3301,15,20,0.5,0.8730103900195663,0.1314153532660706,0.8243251249076945,0.43650519500978313,0.003299142911138027,0.001350613431704698,0.0002499297817743183,0.9999999999999998,1.0,-0.00024992978177440506,1.8214596497756474e-17
386,accuracy,10.0,3301,15,20,0.5,0.8730103900195663,0.1314153532660706,0.8243251249076945,0.43650519500978313,0.9136212624581674,0.14367015098547217,0.011780952380952402,0.7937253933193772,1.0,-0.0040000000000000036,2.0816681711721685e-17
387,negative_brier,10.0,3301,15,20,1.0,0.8730103900195663,0.1314153532660706,0.8243251249076945,0.8730103900195663,0.04350733728783784,0.02097625185886969,0.0027410538185491384,0.9285714285714285,1.0,-0.0027410538185491107,1.5178830414797062e-17
388,negative_cross_entropy,10.0,3301,15,20,1.0,0.8730103900195663,0.1314153532660706,0.8243251249076945,0.8730103900195663,0.012086345017972778,0.0029208618066784366,0.0009724122730596016,0.9999999999999998,1.0,-0.000972412273059664,2.4137050864958542e-17
389,accuracy,10.0,3301,15,20,1.0,0.8730103900195663,0.1314153532660706,0.8243251249076945,0.8730103900195663,0.8683628318581663,0.22916666666507593,0.03300000000000011,0.7637626158259734,1.0,0.03300000000000014,3.8163916471489756e-17
390,negative_brier,10.0,3463,0,20,0.0625,1.4187205623438488,0.20972335779868626,1.3866638937022802,0.08867003514649055,5.979919835844249e-05,1.6447418725623307e-05,2.624086396509854e-07,0.9999999999999998,1.0,-2.6240863965076855e-07,3.118371647651408e-19
391,negative_cross_entropy,10.0,3463,0,20,0.0625,1.4187205623438488,0.20972335779868626,1.3866638937022802,0.08867003514649055,0.0005191090591429259,0.0002634360280910519,2.3254114316341445e-05,0.9999999999999998,1.0,-2.3254114316362262e-05,8.308546179617432e-18
392,accuracy,10.0,3463,0,20,0.0625,1.4187205623438488,0.20972335779868626,1.3866638937022802,0.08867003514649055,0.963927855710457,0.20333333331299977,0.002033333333333333,0.0,1.0,-0.0020000000000000018,1.214306433183765e-17
393,negative_brier,10.0,3463,0,20,0.125,1.4187205623438488,0.20972335779868626,1.3866638937022802,0.1773400702929811,0.00034041043156418394,0.00028023956575117464,9.193730228578782e-06,0.9999999999999998,1.0,-9.193730228562735e-06,7.739975313772983e-18
394,negative_cross_entropy,10.0,3463,0,20,0.125,1.4187205623438488,0.20972335779868626,1.3866638937022802,0.1773400702929811,0.002087695041060793,0.001075662066977533,0.00018847511647090628,0.9999999999999998,1.0,-0.00018847511647090975,9.524038458927353e-18
395,accuracy,10.0,3463,0,20,0.125,1.4187205623438488,0.20972335779868626,1.3866638937022802,0.1773400702929811,0.9357682619641462,0.874999999972655,0.027999999999999976,0.8486684247915055,1.0,0.027999999999999997,2.688821387764051e-17
396,negative_brier,10.0,3463,0,20,0.25,1.4187205623438488,0.20972335779868626,1.3866638937022802,0.3546801405859622,0.0036335214768309695,0.003058275360457444,0.00021103948864397825,0.9999999999999998,1.0,-0.0002110394886439826,9.286869233696149e-18
397,negative_cross_entropy,10.0,3463,0,20,0.25,1.4187205623438488,0.20972335779868626,1.3866638937022802,0.3546801405859622,0.008377128554601088,0.004438719482831234,0.00152405645544227,0.9999999999999998,1.0,-0.0015240564554421798,3.984442983884229e-17
398,accuracy,10.0,3463,0,20,0.25,1.4187205623438488,0.20972335779868626,1.3866638937022802,0.3546801405859622,0.9838433292532462,0.16923076922946784,0.02200000000000006,0.27583864218368526,1.0,-0.02200000000000002,1.0408340855860843e-16
399,negative_brier,10.0,3463,0,20,0.5,1.4187205623438488,0.20972335779868626,1.3866638937022802,0.7093602811719244,0.03498735984067122,0.027522091272638133,0.0040606261619314556,0.9999999999999998,1.0,-0.004060626161931313,2.699663409488906e-17
400,negative_cross_entropy,10.0,3463,0,20,0.5,1.4187205623438488,0.20972335779868626,1.3866638937022802,0.7093602811719244,0.03279309650729416,0.017643610993719704,0.011374568989085745,0.9999999999999998,1.0,-0.01137456898908551,6.114900252818245e-17
401,accuracy,10.0,3463,0,20,0.5,1.4187205623438488,0.20972335779868626,1.3866638937022802,0.7093602811719244,0.980793691172667,0.46527777777616175,0.1339999999999998,0.6671243849949912,1.0,-0.1339999999999999,1.942890293094024e-16
402,negative_brier,10.0,3463,0,20,1.0,1.4187205623438488,0.20972335779868626,1.3866638937022802,1.4187205623438488,0.24912219764281412,0.143662471704025,0.04055357336634623,0.9999999999999998,1.0,-0.04055357336634613,2.7755575615628914e-17
403,negative_cross_entropy,10.0,3463,0,20,1.0,1.4187205623438488,0.20972335779868626,1.3866638937022802,1.4187205623438488,0.13275391385702248,0.04261260749007387,0.04479266546468218,0.9999999999999998,1.0,-0.04479266546468197,1.0408340855860843e-16
404,accuracy,10.0,3463,0,20,1.0,1.4187205623438488,0.20972335779868626,1.3866638937022802,1.4187205623438488,0.8552631578946789,0.49330357142747006,0.22099999999999992,0.7857142857142856,1.0,-0.22099999999999997,1.5265566588595902e-16
405,negative_brier,10.0,3463,15,20,0.0625,0.8650920508259079,0.12746095261041449,0.8309590627067673,0.054068253176619244,0.00018032241723299066,9.06790853655332e-05,8.250465756124868e-07,0.9999999999999998,1.0,-8.250465756143299e-07,5.142284083221654e-19
406,negative_cross_entropy,10.0,3463,15,20,0.0625,0.8650920508259079,0.12746095261041449,0.8309590627067673,0.054068253176619244,5.9791658863632784e-05,2.9338264882733646e-05,7.401707411459901e-07,0.9999999999999998,1.0,-7.401707411425207e-07,1.5571244897392218e-18
407,accuracy,10.0,3463,15,20,0.0625,0.8650920508259079,0.12746095261041449,0.8309590627067673,0.054068253176619244,0.9999999999988208,1.124999999859375,0.009000000000000006,0.4999999999999999,0.875,-0.009000000000000008,7.806255641895632e-18
408,negative_brier,10.0,3463,15,20,0.125,0.8650920508259079,0.12746095261041449,0.8309590627067673,0.10813650635323849,0.0007263096906605615,0.00036711609802074003,6.6653674537506865e-06,0.9999999999999998,1.0,-6.665367453750903e-06,1.1770581593282571e-18
409,negative_cross_entropy,10.0,3463,15,20,0.125,0.8650920508259079,0.12746095261041449,0.8309590627067673,0.10813650635323849,0.00023654472880892807,0.00011379613449033408,5.6816192902896245e-06,0.9999999999999998,1.0,-5.681619290265338e-06,5.253827734463205e-18
410,accuracy,10.0,3463,15,20,0.125,0.8650920508259079,0.12746095261041449,0.8309590627067673,0.10813650635323849,0.9323943661965264,0.35714285713010274,0.010000000000000023,0.40291148201269017,1.0,0.010000000000000009,1.214306433183765e-17
411,negative_brier,10.0,3463,15,20,0.25,0.8650920508259079,0.12746095261041449,0.8309590627067673,0.21627301270647697,0.002934246961081614,0.0014959311071797326,5.397580256949908e-05,0.9999999999999998,1.0,-5.3975802569494746e-05,2.3132469789514942e-18
412,negative_cross_entropy,10.0,3463,15,20,0.25,0.8650920508259079,0.12746095261041449,0.8309590627067673,0.21627301270647697,0.0009251375356509546,0.00042634951973165373,4.164784405923973e-05,0.9999999999999998,1.0,-4.164784405924493e-05,7.665648172651418e-18
413,accuracy,10.0,3463,15,20,0.25,0.8650920508259079,0.12746095261041449,0.8309590627067673,0.21627301270647697,0.9693094629152911,0.32875457874825653,0.017095238095238108,-0.04335549847620599,1.0,-0.015000000000000013,3.9898639947466563e-17
414,negative_brier,10.0,3463,15,20,0.5,0.8650920508259079,0.12746095261041449,0.8309590627067673,0.43254602541295395,0.011793453886990442,0.006080537382020202,0.00042996128315520195,0.9999999999999998,1.0,-0.0004299612831552002,8.89723407795917e-18
415,negative_cross_entropy,10.0,3463,15,20,0.5,0.8650920508259079,0.12746095261041449,0.8309590627067673,0.43254602541295395,0.003532449419084775,0.0014596805923709974,0.0002719756012810916,0.9999999999999998,1.0,-0.00027197560128100484,1.5971653253427087e-17
416,accuracy,10.0,3463,15,20,0.5,0.8650920508259079,0.12746095261041449,0.8309590627067673,0.43254602541295395,0.9170702179173981,0.22499999999718756,0.018000000000000023,0.9258200997725515,1.0,-0.018000000000000016,3.8163916471489756e-17
417,negative_brier,10.0,3463,15,20,1.0,0.8650920508259079,0.12746095261041449,0.8309590627067673,0.8650920508259079,0.046306507054126075,0.022715460173018835,0.0029915772659491226,0.9999999999999998,1.0,-0.002991577265949119,1.0462550964485118e-17
418,negative_cross_entropy,10.0,3463,15,20,1.0,0.8650920508259079,0.12746095261041449,0.8309590627067673,0.8650920508259079,0.012973155088971625,0.003206470911866636,0.0010732364867965319,0.9999999999999998,1.0,-0.0010732364867963584,4.412702842016003e-17
419,accuracy,10.0,3463,15,20,1.0,0.8650920508259079,0.12746095261041449,0.8309590627067673,0.8650920508259079,0.9262367491164035,0.09278911564559633,0.01299047619047628,0.8571428571428571,1.0,0.007000000000000117,4.85722573273506e-17
420,negative_brier,10.0,3559,0,20,0.0625,1.419529555530466,0.206436540304818,1.3870984397602524,0.08872059722065412,7.145063729902332e-05,1.607904903756171e-05,2.5625625378524614e-07,0.9999999999999998,1.0,-2.4556139494036344e-07,1.8297301324121976e-18
421,negative_cross_entropy,10.0,3559,0,20,0.0625,1.419529555530466,0.206436540304818,1.3870984397602524,0.08872059722065412,0.0005221013489301997,0.00026498256161323116,2.3394922625570927e-05,0.9999999999999998,1.0,-2.3394922625596948e-05,7.399679827213568e-18
422,accuracy,10.0,3559,0,20,0.0625,1.419529555530466,0.206436540304818,1.3870984397602524,0.08872059722065412,0.971166448230032,0.19999999997999887,0.001999999999999988,0.0,1.0,-0.0020000000000000018,2.0816681711721685e-17
423,negative_brier,10.0,3559,0,20,0.125,1.419529555530466,0.206436540304818,1.3870984397602524,0.17744119444130824,0.0004013256802793061,0.0002761163266500249,9.048882782672265e-06,0.9999999999999998,1.0,-9.04888278269178e-06,6.33601820369898e-18
424,negative_cross_entropy,10.0,3559,0,20,0.125,1.419529555530466,0.206436540304818,1.3870984397602524,0.17744119444130824,0.0021002316176995986,0.0010823518435222341,0.00018968717807183247,0.9999999999999998,1.0,-0.00018968717807199553,3.0367825224961176e-17
425,accuracy,10.0,3559,0,20,0.125,1.419529555530466,0.206436540304818,1.3870984397602524,0.17744119444130824,0.9475065616791685,0.9062499999716793,0.028999999999999995,0.7370434740955019,1.0,0.028999999999999998,2.42861286636753e-17
426,negative_brier,10.0,3559,0,20,0.25,1.419529555530466,0.206436540304818,1.3870984397602524,0.3548823888826165,0.003606936079669994,0.0030439764091587146,0.00020984445372072315,0.9999999999999998,1.0,-0.00020984445372068672,8.677005511673053e-18
427,negative_cross_entropy,10.0,3559,0,20,0.25,1.419529555530466,0.206436540304818,1.3870984397602524,0.3548823888826165,0.008432150915542896,0.004469737217777728,0.0015350992622405885,0.9999999999999998,1.0,-0.0015350992622407134,3.1360547839143216e-17
428,accuracy,10.0,3559,0,20,0.25,1.419529555530466,0.206436540304818,1.3870984397602524,0.3548823888826165,0.9862422997945599,0.19531249999847433,0.02500000000000003,0.3401680257083045,1.0,-0.025000000000000022,1.3183898417423734e-16
429,negative_brier,10.0,3559,0,20,0.5,1.419529555530466,0.206436540304818,1.3870984397602524,0.709764777765233,0.03487504052080357,0.027524211103305128,0.004058033643735519,0.9999999999999998,1.0,-0.004058033643735581,1.360673726469308e-17
430,negative_cross_entropy,10.0,3559,0,20,0.5,1.419529555530466,0.206436540304818,1.3870984397602524,0.709764777765233,0.03311329303454739,0.017799903283968545,0.011478595798373292,0.9999999999999998,1.0,-0.011478595798373514,5.5077470362263625e-17
431,accuracy,10.0,3559,0,20,0.5,1.419529555530466,0.206436540304818,1.3870984397602524,0.709764777765233,0.9816698053985573,0.4475524475508824,0.12799999999999995,0.5400617248673217,1.0,-0.1279999999999999,1.3877787807814457e-16
432,negative_brier,10.0,3559,0,20,1.0,1.419529555530466,0.206436540304818,1.3870984397602524,1.419529555530466,0.24978785120146302,0.14470439846440028,0.04083079760869795,0.9999999999999998,1.0,-0.04083079760869801,2.6020852139652106e-17
433,negative_cross_entropy,10.0,3559,0,20,1.0,1.419529555530466,0.206436540304818,1.3870984397602524,1.419529555530466,0.13362777320107255,0.04320264054172013,0.04540721091751945,0.9999999999999998,1.0,-0.04540721091751987,1.3444106938820255e-16
434,accuracy,10.0,3559,0,20,1.0,1.419529555530466,0.206436540304818,1.3870984397602524,1.419529555530466,0.8500137098984882,0.5133928571417111,0.23000000000000004,0.47280542884465016,1.0,-0.22999999999999998,1.1796119636642288e-16
435,negative_brier,10.0,3559,15,20,0.0625,0.8664520917447655,0.12661384896374173,0.8304807362625428,0.05415325573404784,0.00018074886563320192,9.089220818519542e-05,8.262419883783324e-07,0.9999999999999998,1.0,-8.262419883831029e-07,8.756467790037347e-19
436,negative_cross_entropy,10.0,3559,15,20,0.0625,0.8664520917447655,0.12661384896374173,0.8304807362625428,0.05415325573404784,6.032114677461192e-05,2.959913681717121e-05,7.465835181129886e-07,0.9999999999999998,1.0,-7.465835181186264e-07,1.371280167155708e-18
437,accuracy,10.0,3559,15,20,0.0625,0.8664520917447655,0.12661384896374173,0.8304807362625428,0.05415325573404784,0.998168498167584,0.8749999998906252,0.007000000000000014,0.4999999999999999,1.0,-0.007000000000000006,1.3010426069826053e-17
438,negative_brier,10.0,3559,15,20,0.125,0.8664520917447655,0.12661384896374173,0.8304807362625428,0.10830651146809568,0.0007285446196893756,0.0003682385657410843,6.679793339349396e-06,0.9999999999999998,1.0,-6.679793339348095e-06,9.828758561702088e-19
439,negative_cross_entropy,10.0,3559,15,20,0.125,0.8664520917447655,0.12661384896374173,0.8304807362625428,0.10830651146809568,0.0002386942475999797,0.00011483658562529419,5.732035643139094e-06,0.9999999999999998,1.0,-5.7320356431356245e-06,1.9334585812263473e-18
440,accuracy,10.0,3559,15,20,0.125,0.8664520917447655,0.12661384896374173,0.8304807362625428,0.10830651146809568,0.932758620688851,0.24543650792628144,0.005890476190476196,0.7370434740955019,1.0,-0.0030000000000000027,9.540979117872439e-18
441,negative_brier,10.0,3559,15,20,0.25,0.8664520917447655,0.12661384896374173,0.8304807362625428,0.21661302293619136,0.0029473741413868575,0.001502631315364705,5.4168890116736666e-05,0.9999999999999998,1.0,-5.4168890116723656e-05,4.568895717489696e-18
442,negative_cross_entropy,10.0,3559,15,20,0.25,0.8664520917447655,0.12661384896374173,0.8304807362625428,0.21661302293619136,0.000933982260875837,0.00043044127074306186,4.2032254766649624e-05,0.9999999999999998,1.0,-4.203225476662187e-05,9.017512756469281e-18
443,accuracy,10.0,3559,15,20,0.25,0.8664520917447655,0.12661384896374173,0.8304807362625428,0.21661302293619136,0.9629629629627082,0.3653846153775887,0.019000000000000013,0.7181324987175317,1.0,-0.019000000000000017,5.898059818321144e-17
444,negative_brier,10.0,3559,15,20,0.5,0.8664520917447655,0.12661384896374173,0.8304807362625428,0.4332260458723827,0.011878730195927775,0.006123954644314423,0.00043258366183454664,0.9999999999999998,1.0,-0.000432583661834518,6.5526468799592674e-18
445,negative_cross_entropy,10.0,3559,15,20,0.5,0.8664520917447655,0.12661384896374173,0.8304807362625428,0.4332260458723827,0.0035706745821157777,0.0014746444483185257,0.00027459383479417135,0.9999999999999998,1.0,-0.00027459383479411237,2.014583161749628e-17
446,accuracy,10.0,3559,15,20,0.5,0.8664520917447655,0.12661384896374173,0.8304807362625428,0.4332260458723827,0.8993660855780905,0.1088435374136685,0.009142857142856994,0.836501912571304,1.0,0.002999999999999725,1.5612511283791264e-17
447,negative_brier,10.0,3559,15,20,1.0,0.8664520917447655,0.12661384896374173,0.8304807362625428,0.8664520917447655,0.04653098004765577,0.022924003894453978,0.003013252281690016,0.9999999999999998,1.0,-0.0030132522816900265,8.239936510889834e-18
448,negative_cross_entropy,10.0,3559,15,20,1.0,0.8664520917447655,0.12661384896374173,0.8304807362625428,0.8664520917447655,0.01314793619402018,0.0032212438261771284,0.0010766861481393344,0.9999999999999998,1.0,-0.001076686148139161,5.374932270096888e-17
449,accuracy,10.0,3559,15,20,1.0,0.8664520917447655,0.12661384896374173,0.8304807362625428,0.8664520917447655,0.8870694522865931,0.12732919254566152,0.01757142857142862,0.8894991799933214,1.0,0.002000000000000113,1.734723475976807e-17
